original_text,paraphrase,sample_id,flesch_original,flesch_paraphrase,flesch_diff,sim,diversidade_original,diversidade_paraphrase,diversidade_diff,rotulo
"DECISÃO: Trata-se de recurso extraordinário (art. 102, III, a, da Constituição Federal) interposto de acórdão prolatado pelo Tribunal de Justiça do Espírito Santo, que assim entendeu em trecho de sua ementa: “2. Encontra-se consolidado no STJ de que a sociedade empresarial por quotas não tem direito ao tratamento privilegiado do ISSQN previsto para as sociedades civis uniprofissionais. Sentença mantida.” Sustenta-se, em síntese, a violação dos princípios constitucionais da isonomia e da capacidade contributiva, defendendo que apesar de ser constituída sob a forma de sociedade limitada, não é sociedade empresarial, mas sim sociedade civil. O exame da tese ora levantada demanda necessariamente a análise e interpretação de legislação infraconstitucional, porque é ela que regula os tipos societários. Dessa forma, eventual ofensa ao texto constitucional seria indireta ou reflexa, descabendo a interposição de recurso extraordinário. Ante o exposto, nego seguimento ao recurso extraordinário. Publique-se. Brasília, 6 de fevereiro de 2012. Ministro JOAQUIM BARBOSA Relator","DECISÃO: Trata-se de um recurso extraordinário interposto contra uma decisão do Tribunal de Justiça do Espírito Santo. Esse tribunal acho que a sociedade empresária por quotas não tem direito a benefícios fiscais reservados às sociedades civis uniprofissionais. A sentença foi mantida. O recurso alega que viola princípios constitucionais, como a igualdade e a capacidade de contribuir para o imposto. Apesar de ser uma sociedade limitada, acredita-se que ela não é uma sociedade empresária, mas sim civil. Para analisar isso, precisa-se olhar para leis que estão abaixo da Constituição, pois elas definem os tipos de sociedades. Assim, qualquer problema com a Constituição seria indireto, e não haveria direito a um recurso extraordinário. Por isso, o recurso é negado. Brasília, 6 de fevereiro de 2012. Ministro Joaquim Barbosa, Relator.",82151,0.35,14.38,14.030000000000001,0.8490356206893921,110,84,26,
"DECISÃO: Ao apreciar o recurso, proferi a seguinte decisão: “Trata-se de agravo contra decisão que negou processamento a recurso extraordinário fundado no art. 102, III, a, da Constituição Federal, tendo em vista os seguintes fundamentos (fls. 382-383): 'A controvérsia foi solucionada pelo colegiado local ao fundamento de que após a vigência da Lei 10.276, o ora recorrido foi, realmente, prejudicado. Pois, aqueles que obtiveram a aposentadoria antes da Lei 6.762, de 1975, tiveram reconhecido o direito a receber a Gepi pela média de pontos alcançados em atividades e àqueles, que aposentaram em data posterior, como o recorrido, tiveram apenas 50% do montante total. Os documentos trazidos aos autos demonstram que os valores da Gepi, para os aposentados, são diferentes. Assim sendo, o critério diferenciado, para cálculo da mencionada gratificação, afronta princípios constitucionais, em especial o da isonomia, que deve ser assegurado entre os inativos e pensionistas. Restou consignado no acórdão recorrido, ainda, que 'não há ofensa ao art. 169, § 1o da Constituição Federal, uma vez que não versa o caso sobre criação, majoração ou extensão de benefício ou de aumento de remuneração, mas sim de reconhecimento judicial do direito do aposentado à gratificação em questão. Também, não existe afronta ao art. 2o e ao art. 37, caput, da Constituição da República, considerando que o Poder Judiciário está exercendo a função que lhe é inerente, qual seja, a aplicação da ordem jurídica ao caso concreto', fls. 310. Nesse contexto, para se concluir de forma diversa, conforme pretende o recorrente, necessário seria o reexame do substrato fático produzido sob a égide de lei local, finalidade que escapa ao âmbito do apelo manejado, nos termos do enunciado no 279 e 280, das Súmulas do Tribunal de destino.' Alega-se violação aos artigos 2o, 37, caput, e 169, § 1o, I, da Carta Magna. O agravante deixou de atacar os fundamentos da decisão agravada, conforme se verifica das razões do agravo de instrumento (fl. 4): 'Ao apreciar as razões do Recurso Extraordinário interposto, o eminente Desembargador Vice-Presidente do Egrégio Tribunal de Justiça, obstou o seu prosseguimento ao seguinte fundamento: 'Com efeito, para deslinde da controvérsia, assentaram-se os julgadores tão-somente no afastamento da prescrição do fundo de direito, em nada adentrando ao aspecto constitucional ora suscitado. Carece o tema do indispensável prequestionamento viabilizador do recurso extraordinário'.' Dessa forma, é aplicável a regra do § 1o do art. 317 do Regimento Interno do STF. Nesse sentido, o AI-AgR 330.535, 2a T., Rel. Maurício Corrêa, DJ 21.9.2001, cuja ementa assim dispõe: 'EMENTA: AGRAVO REGIMENTAL EM AGRAVO DE INSTRUMENTO. AUSÊNCIA DE IMPUGNAÇÃO DOS FUNDAMENTOS DA DECISÃO QUE NÃO ADMITIU O RECURSO EXTRAORDINÁRIO. INVIABILIDADE DO AGRAVO. ARTIGO 317, § 1º DO RISTF. 1. Incumbe ao recorrente o dever de impugnar os fundamentos da decisão recorrida. 2. Inviável, diante da regra do § 1º do artigo 317 do RISTF, o agravo de instrumento que se limita a reiterar as razões do recurso extraordinário sem abordar o fundamento da decisão agravada. Agravo regimental a que se nega provimento.' Assim, nego seguimento ao agravo (art. 557, caput, do CPC).” No agravo regimental, sustenta-se: “Dois recursos extraordinários foram manifestados nos autos pelo Estado de Minas Gerais. O primeiro, contra decisão interlocutória, relativa á prescrição, ficou retido nos autos. O segundo foi regularmente formalizado após a apreciação da apelação e dos embargos de declaração, ratificando a interposição do primeiro apelo extremo. O recurso a que se refere este AI 667.270 é o primeiro, ajuizado contra a decisão interlocutória e inicialmente retido nos autos, cuja decisão de inadmissão está a fls. 377/380 dos autos, não podendo ser confundida com a decisão relativa ao segundo extraordinário. Exatamente neste erro, entretanto, incorreu a decisão atacada, que exatamente aponta como referencial de sua apreciação o despacho de inadmissão de fls. 381/383, que não está sendo impugnada neste agravo de instrumento. Assim, para saber se todos os fundamentos de inadmissão do Tribunal a quo foram questionados no agravo de instrumento, deve o eminente Relator tomar como parâmetro a decisão de fls. 377/380, cujas bases foram plenamente infirmadas pela petição de fs. 02/11.” Razão assiste ao agravante. Sendo assim, reconsidero a decisão agravada e, tendo em vista a relevância da matéria, desde logo, determino a subida do recurso extraordinário, devidamente processado, para melhor exame (RISTF, art. 316). Publique-se. Brasília, 26 de março de 2008. Ministro GILMAR MENDES Relator Documento assinado digitalmente.","DECISÃO: Ao analisar o recurso, concluí que a controvérsia foi resolvida pelo tribunal local, pois após a Lei 10.276, o recorrido realmente sofreu prejuízo. Alguns aposentados tiveram direito à Gepi com base na média de pontos, enquanto outros, como o recorrido, receberam apenas 50%. Os documentos mostram que os valores da Gepi são diferentes para os aposentados, o que viola princípios constitucionais, especialmente a isonomia. O tribunal também afirma que não há ofensa aos artigos 2º, 37, caput, e 169, § 1º, da Constituição Federal, pois o Poder Judiciário está aplicando a lei ao caso concreto. O recorrente não impugnou os fundamentos da decisão, conforme mostrado no agravo de instrumento. Portanto, aplica-se a regra do § 1º do art. 317 do RISTF. Assim, nego seguimento ao agravo. No agravo regimental, o Estado de Minas Gerais apresentou dois recursos extraordinários. O primeiro foi retido, e o segundo foi formalizado após a apreciação dos autos. A decisão atacada confundiu os dois processos, mas o erro está no uso da decisão de inadmissão (fls. 377/380), que não foi impugnada. Assim, reconsidero a decisão e determino a subida do recurso extraordinário para um novo exame. Publique-se. Brasília, 26 de março de 2008. Ministro GILMAR MENDES Relator Documento assinado digitalmente.",4166,26.11,34.57,8.46,0.9030207991600037,330,126,204,
"DECISÃO RECURSO EXTRAORDINÁRIO — PREJUÍZO — PERDA DE OBJETO. 1. O Tribunal de Justiça do Estado da Paraíba confirmou o entendimento do Juízo quanto à concessão da segurança para determinar a expedição de certificado de conclusão do ensino médio ao recorrido, considerada a ausência da idade mínima de 18 anos prevista no artigo 38 da Lei nº 9.394/96. 2. Observa-se ter o recorrido alcançado a maioridade civil em 28 de agosto de 2018. Salta aos olhos a perda superveniente de objeto do extraordinário. A Segunda Turma já se manifestou sobre o tema, consignando, em síntese: AGRAVO REGIMENTAL NO RECURSO EXTRAORDINÁRIO. PERDA SUPERVENIENTE DE OBJETO. RECURSO EXTRAORDINÁRIO PREJUDICADO. ART. 97 DA CONSTITUIÇÃO. AUSÊNCIA DE VIOLAÇÃO. AGRAVO REGIMENTAL IMPROVIDO. I – Resta prejudicado o recurso extraordinário nas hipóteses em que a controvérsia cingir-se sobre a possibilidade de menor de 18 anos frequentar curso supletivo de nível médio, se alcançada a maioridade. Precedentes. II - Não há violação ao princípio da reserva de plenário quando o acórdão recorrido apenas interpreta norma infraconstitucional, sem declará-la inconstitucional ou afastar sua aplicação com apoio em fundamentos extraídos da Lei Maior. III – Agravo regimental improvido. (Agravo regimental no recurso extraordinário nº 757.746, relator ministro Ricardo Lewandowski, Segunda Turma, com acórdão publicado em 11 de outubro de 2013). 2. O quadro é de molde a concluir-se pela perda do objeto do recurso extraordinário. Declaro-o prejudicado. 3. Publiquem. Brasília, 20 de novembro de 2018. Ministro MARCO AURÉLIO Relator","Decisão do recurso extraordinário – prejuízo – perda de objeto. 1. O Tribunal de Justiça do Estado da Paraíba confirmou que o juízo estava certo ao conceder a segurança para emitir o certificado de conclusão do ensino médio ao recorrido, porque a lei não exige 18 anos. 2. O recorrido atingiu a maioridade em 2018, o que mostra que o recurso perdeu seu objeto. A Segunda Turma já decidiu sobre isso: o agravo regimental foi improvido. 3. O recurso extraordinário foi prejudicado porque a discussão era sobre se um menor de 18 anos pode fazer curso supletivo, e agora ele já tem 18. Não houve violação da lei. 4. Publiquem. Brasília, 20 de novembro de 2018. Ministro Marco Aurélio Relator.",287024,27.99,47.48,19.49,0.8738625645637512,125,74,51,
"DECIS ÃO: Trata-se de agravo de instrumento contra decisão que inadmitiu recurso extraordinário interposto de acórdão do Tribunal de Justiça do Estado do Rio Grande do Sul, cuja ementa tem o seguinte teor: “APELAÇÃO CÍVEL. ADMINISTRATIVO. FORNECIMENTO DE ENERGIA ELÉTRICA. AÇÃO ANULATÓRIA DE DÉBITO CUMULADA COM INDENIZATÓRIA. DANO MORAL. IRREGULARIDADE NO APARELHO MEDIDOR. CÁLCULO DE RECUPERAÇÃO DE CONSUMO. INADIMPLEMENTO. SUSPENSÃO DO FORNECIMENTO. IMPOSSIBILIDADE. Não obstante seja o fornecimento de energia elétrica um serviço público necessário, não é gratuito, forte no artigo 22 do Código de Defesa do Consumidor. Legitimada sua suspensão quando praticada irregularidade pelo consumidor (artigo 90, inciso I, da Resolução nº 456/2000, da Agência Nacional de Energia Elétrica), incumbindo à fornecedora de energia o ônus de trazer provas inequívocas da ocorrência de fraudes na medição elétrica, bem como a lisura do cálculo de recuperação de consumo, fulcro no artigo 6º do Código de Defesa do Consumidor. O arbitramento da recuperação de consumo deve ter por base, no máximo, o consumo correspondente aos últimos 12 meses anteriores à constatação da irregularidade, não podendo alcançar diferença de tarifa pretérita referente a 38 meses, fulcro na letra b inciso IV do artigo 72 da Resolução nº 456/2000, da ANEEL. Apelo desprovido.” (Fls. 179) Nas razões de recurso extraordinário, a parte agravante alega violação ao disposto no art. 175, parágrafo único, I e II, da Constituição. Não prospera o recurso. Aferir a suposta violação à Constituição demandaria o reexame da legislação infraconstitucional e do contexto fático-probatório que orientou a decisão impugnada, circunstância que inviabiliza o recurso nos termos do enunciado das Súmulas 279 e, mutatis mutandis, 636 desta Corte. Do exposto, nego seguimento ao agravo. Publique-se. Brasília, 30 de maio de 2011. Ministro JOAQUIM BARBOSA Relator","DECISÃO: Trata-se de recurso contra uma decisão que negou o recurso extraordinário apresentado contra um acórdão do Tribunal de Justiça do Rio Grande do Sul. O acórdão diz que o fornecimento de energia elétrica não é gratuito, conforme o artigo 22 do Código de Defesa do Consumidor. A suspensão do fornecimento pode ser legítima se houver irregularidade no aparelho medidor, e a empresa responsável deve comprovar fraudes na medição. O cálculo da recuperação de consumo deve basear-se nos últimos 12 meses antes da descoberta da irregularidade. A parte que pede revisão alega violação à Constituição, mas o recurso não prospera porque seria necessário reexaminar leis e fatos que já foram analisados, o que não é possível neste caso. Portanto, o agravo é negado.",98701,19.46,21.94,2.4800000000000004,0.8568535447120667,163,82,81,
"Vistos etc. Contra o juízo negativo de admissibilidade do recurso extraordinário, exarado pela Presidência do Tribunal a quo, foi manejado agravo. Na minuta, sustenta-se que o recurso extraordinário reúne todos os requisitos para sua admissão. Aparelhado o recurso na afronta aos arts. 1º, III, e 201, I, da Constituição Federal. É o relatório. Decido. Preenchidos os pressupostos extrínsecos. Da detida análise dos fundamentos da decisão denegatória de seguimento do recurso extraordinário, bem como à luz das razões de decidir adotadas pelo Tribunal de origem, por ocasião do julgamento do recurso veiculado na instância ordinária, concluo que nada colhe o agravo. O acórdão recorrido manteve a sentença por seus próprios fundamentos, a qual julgou improcedente o pedido formulado na inicial nos seguintes termos, verbis: “Quanto à incapacidade, a perícia médica realizada no âmbito judicial na especialidade de infectologia afirma que a parte autora apresenta incapacidade para o trabalho desde outubro de 2009. Considerando que o requerimento administrativo data de 07/04/2009, não faz jus a autora aos benefícios pleiteados, uma vez que a incapacidade para o trabalho no momento do requerimento administrativo não restou evidenciada, a teor do disposto nos artigos 42 e 59 da Lei de Benefícios, tendo sido correto o indeferimento do benefício pela autarquia. A incapacidade posterior não tem pretensão resistida, devendo ser pleiteado primeiramente o benefício junto ao INSS e, somente se houver indeferimento do mesmo, de forma indevida, poderá a parte autora buscar seu direito através do judiciário.” Não prospera a insurgência, uma vez que, no caso, a infringência a tais preceitos constitucionais somente poderia ser constatada a partir da análise de legislação infraconstitucional apontada no apelo extremo, o que torna oblíqua e reflexa eventual ofensa, insuscetível, portanto, de viabilizar o conhecimento do recurso extraordinário nos moldes exigidos pelo art. 102, III, “a”, da Lei Maior. O Tribunal de origem, na hipótese em apreço, lastreou-se na prova produzida para firmar seu convencimento, razão pela qual aferir a ocorrência de eventual afronta aos preceitos constitucionais invocados no apelo extremo exigiria o revolvimento do quadro fático delineado, procedimento vedado em sede extraordinária. Aplicação da Súmula 279/STF (“para simples reexame de prova não cabe recurso extraordinário”). Nesse sentir, não merece processamento o apelo extremo, consoante também se denota dos fundamentos da decisão que desafiou o recurso, aos quais me reporto e cuja detida análise conduz à conclusão pela ausência de ofensa direta e literal a preceito da Constituição da República. Conheço do agravo para negar-lhe provimento (art. 544, § 4º, II, “a”, do CPC). Publique-se. Brasília, 18 de março de 2013. Ministra Rosa Weber Relatora","Contra a decisão que negou o recebimento do recurso extraordinário, foi apresentado um agravo. O recurso reúne todos os requisitos para ser admitido. Ele foi ajuizado pela violação dos arts. 1º, III, e 201, I, da Constituição Federal. O relatório diz que nada colhe o agravo. A decisão recorrida manteve a sentença porque o pedido formulado na inicial foi considerado improvido. A perícia médica afirma que a parte autora está incapacitada desde outubro de 2009, mas o requerimento administrativo data de abril de 2009, então não há direito aos benefícios pedidos. A incapacidade posterior pode ser pleiteada primeiro junto ao INSS, e só depois no judiciário, caso o INSS negue. Não há ofensa direta à Constituição, porque a violação só poderia ser verificada com análise de leis secundárias, o que não é permitido em recursos extraordinários. A Súmula 279/STF diz que não cabe recurso por simples reexame de prova. Por isso, o agravo não tem provimento. Publique-se. Brasília, 18 de março de 2013. Ministra Rosa Weber Relatora.",146059,6.36,31.84,25.48,0.8833150863647461,238,113,125,
"DECISÃO: Trata-se de agravo cujo objeto é decisão que negou seguimento a recurso extraordinário interposto contra acórdão da Quarta Turma Especializada do Tribunal Regional Federal da 2ª Região, assim ementado: “DIREITO CONSTITUCIONAL E TRIBUTÁRIO. CONTRIBUIÇÃO PREVIDENCIÁRIA SOBRE ‘FOLHA DE SALÁRIOS’, LEIS Nºs 7787 e 8212. COMPENSAÇÃO. LIMITAÇÃO. JUROS DE MORA. CORREÇÃO MONETÁRIA. HONORÁRIOS. I – Inteligência da expressão ‘folha de salários’ contida no artigo 195, inciso I, da CF. II – Inexigibilidade da contribuição previdenciária sobre a remuneração de avulsos, autônomos, sócios (ADIN nº 1192-2 e Resolução nº 14 do Senado Federal). III – Inaplicável como salário, para efeito de incidência da contribuição previdenciária, o pagamento feito a estas categorias profissionais, pela ausência dos requisitos essenciais da relação de emprego (art. 3º CLT). IV – De acordo com o art. 66 da lei 8.383/91, nos casos de pagamento indevido ou a maior de tributos, o contribuinte poderá efetuar a compensação, no recolhimento de importância correspondente a períodos subsequentes. V – Legítima a limitação da compensação a 30% do valor a ser recolhido em cada competência: art. 89, §3º da lei 9.129/95. VI – Improvidos os recursos e a remessa.” O recurso busca fundamento no art. 102, III, a, da Constituição Federal. A parte recorrente alega violação ao art. 5º, XXXVI, da Carta. Sustenta, em síntese, que a legislação vigente à época em que configurado o indébito não previa a limitação percentual constante na Lei nº 9.129/1995. A decisão agravada negou seguimento ao recurso sob o fundamento de que o recurso extraordinário não foi reiterado após o julgamento dos embargos de declaração. Em sede de agravo, a parte aduz que o recurso de embargos restou desprovido, motivo pelo qual o interesse recursal continua manifesto. A pretensão não merece acolhida. De início, cumpre registrar que a parte recorrente não apresentou mínima fundamentação quanto à repercussão geral das questões constitucionais discutidas, limitando-se a fazer observações genéricas sobre o tema. Tal como redigida, a preliminar de repercussão geral apresentada poderia ser aplicada a qualquer recurso, independentemente das especificidades do caso concreto o que, de forma inequívoca, não atende ao disposto no art. 543-A, § 2º, do CPC. Como já registrado por este Tribunal, [a] “simples descrição do instituto da repercussão geral não é suficiente para desincumbir a parte recorrente do ônus processual de demonstrar de forma fundamentada porque a questão específica apresentada no recurso extraordinário seria relevante do ponto de vista econômico, político, social ou jurídico e ultrapassaria o mero interesse subjetivo da causa” (RE 596.579-AgR/MG, Rel. Min. Ricardo Lewandowski). Ainda que assim não fosse, a pretensão tampouco mereceria acolhida. O Supremo Tribunal Federal já fixou entendimento no sentido de inexistir direito adquirido ao regime de compensação, aplicando-se, portanto, as limitações previstas na Lei nº 9.129/1995, ainda que os créditos tenham sido indevidamente recolhidos em data anterior. A lei aplicável em matéria de compensação é aquela vigente na data do encontro de créditos e débitos. Nesse sentido, confira-se o seguinte precedente: “TRIBUTÁRIO. CONTRIBUIÇÕES PREVIDENCIÁRIAS. AUTÔNOMOS E ADMINISTRADORES. PAGAMENTO INDEVIDO. CRÉDITO UTILIZÁVEL PARA EXTINÇÃO, POR COMPENSAÇÃO, DE DÉBITOS DA MESMA NATUREZA, ATÉ O LIMITE DE 30%, QUANDO CONSTITUÍDOS APÓS A EDIÇÃO DA LEI Nº 9.129/95. ALEGADA OFENSA AOS PRINCÍPIOS DO DIREITO ADQUIRIDO E DA IRRETROATIVIDADE DA LEI TRIBUTÁRIA. Se o crédito se constituiu após o advento do referido diploma legal, é fora de dúvida que a sua extinção, mediante compensação, ou por outro qualquer meio, há de processar-se pelo regime nele estabelecido e não pelo da lei anterior, posto aplicável, no caso, o princípio segundo o qual não há direito adquirido a regime jurídico. Recurso não conhecido.” (RE 254.459, Rel. Min. Ilmar Galvão) Outras decisões no mesmo sentido: AI 685.357-AgR, Rel. Min. Dias Toffoli; AI 786.834, Rel. Min. Gilmar Mendes. Diante do exposto, com base no art. 544, § 4º, II, b, do CPC e no art. 21, § 1º, do RI/STF, conheço do agravo para negar seguimento ao recurso extraordinário. Publique-se. Brasília, 18 de março de 2015. Ministro LUÍS ROBERTO BARROSO Relator","DECISÃO: O recurso foi contra uma decisão que negou seguimento a um recurso extraordinário contra um acórdão da Quarta Turma Especializada do TRF da 2ª Região. A decisão diz que a lei não previa a limitação de 30% na compensação, mas que a lei aplicável é a que vigorava no momento em que o débito foi criado. O recurso foi negado porque não houve reiteração após os embargos de declaração. A parte recorrente não fundamentou bem sua solicitação de repercussão geral, e o Supremo Tribunal Federal já decidiu que a lei aplicável é a que estava em vigor no momento do débito. Assim, o recurso não foi acolhido. Publique-se. Brasília, 18 de março de 2015. Ministro LUÍS ROBERTO BARROSO Relator",188744,30.15,38.41,8.259999999999998,0.8024870157241821,325,71,254,
"DECISÃO RECURSO EXTRAORDINÁRIO COM AGRAVO. PROCESSUAL CIVIL. PRESSUPOSTOS DE ADMISSIBILIDADE DE RECURSO DA COMPETÊNCIA DE TRIBUNAL DIVERSO: INEXISTÊNCIA DE REPERCUSSÃO GERAL. AGRAVO AO QUAL SE NEGA SEGUIMENTO. Relatório 1. Agravo nos autos principais contra decisão que não admitiu recurso extraordinário, interposto com base na alínea a do inc. III do art. 102 da Constituição da República. 2. O Colégio Recursal Regional dos Juizados Especiais Cíveis e Criminais de São José do Rio Preto, São Paulo, julgou agravo de instrumento, nos termos seguintes: “Desconhece-se na instrução do agravo a data em que foi publicada a decisão de fls. 129 destes autos, que determinou a intimação do agravante para apresentar os seus embargos à execução da sentença. Note-se que esta decisão é de 31 de agosto de 2009, data que, a partir da sua publicação e não do depósito judicial realizado pelo agravado, começou a correr o prazo de quinze dias para apresentação de impugnação. Por sua vez, a certidão de fls. 50 destes autos dá conta de que a impugnação (embargos) apresentada pelo agravante foi intempestiva, fato esse que aliado à falta de cópia da publicação da decisão de fls. 129 destes autos, proferida em 31 de agosto de 2009, não é possível verificar se foi ou não tempestiva a impugnação apresentada. Desse modo, à falta de documento indispensável para o exame do agravo, ou seja, cópia da certidão de publicação da decisão proferida em 31 de agosto de 2009, a qual somente foi juntada pelo agravado a fls. 179 verso, destes autos, demonstrando, assim, a omissão do agravante na juntada de documento indispensável para o exame do mérito do presente. Além disso, pela referida certidão, o prazo para a interposição dos embargos iniciou-se em 18 de setembro de 2009 e os embargos somente foram apresentados em 07 de outubro do mesmo ano, quando o prazo para tanto havia expirado em 02 de outubro de 2009, conforme corretamente certificado pela Serventia à fl. 50 destes autos. Por isso, não conheço do agravo de instrumento” (fls. 182-183). 3. A decisão agravada teve como fundamento para a inadmissibilidade do recurso extraordinário a circunstância de que a contrariedade à Constituição, se tivesse ocorrido, seria indireta. 4. O Agravante argumenta, em síntese, que “o Recurso (...) agregou tão somente matéria de cunho constitucional e de interesse público, amplamente demonstrado e fundamentado” (fl. 235). No recurso extraordinário, alega que o Colégio Recursal teria contrariado o inc. XXXVI do art. 5º da Constituição. Apreciada a matéria trazida na espécie, DECIDO. 5. Razão jurídica não assiste ao Agravante. O Juiz Relator observou: “Desse modo, à falta de documento indispensável para o exame do agravo, ou seja, cópia da certidão de publicação da decisão proferida em 31 de agosto de 2009, a qual somente foi juntada pelo agravado à fl. 179 verso, destes autos, demonstrando, assim, a omissão do agravante na juntada de documento indispensável para o exame do mérito do presente” (fl. 182). Conforme se verifica, o Colégio Recursal limitou-se ao exame de cabimento de recurso de sua competência. No julgamento do Recurso Extraordinário n. 598.365, Relator o Ministro Ayres Britto, este Supremo Tribunal assentou a inexistência de repercussão geral da questão discutida nestes autos: “PRESSUPOSTOS DE ADMISSIBILIDADE DE RECURSOS DA COMPETÊNCIA DE OUTROS TRIBUNAIS. MATÉRIA INFRACONSTITUCIONAL. AUSÊNCIA DE REPERCUSSÃO GERAL. A questão alusiva ao cabimento de recursos da competência de outros Tribunais se restringe ao âmbito infraconstitucional. Precedentes. Não havendo, em rigor, questão constitucional a ser apreciada por esta nossa Corte, falta ao caso ‘elemento de configuração da própria repercussão geral’, conforme salientou a ministra Ellen Gracie, no julgamento da Repercussão Geral no RE 584.608” (DJe 23.6.2010). Declarada a ausência de repercussão geral, os recursos extraordinários e agravos de instrumento que suscitarem a mesma questão constitucional podem ter o seu seguimento negado pelos respectivos relatores, conforme o § 1º do art. 327 do Regimento Interno do Supremo Tribunal Federal. 6. Pelo exposto, nego seguimento a este agravo (art. 327, § 1º, do Regimento Interno do Supremo Tribunal Federal). Publique-se. Brasília, 23 de maio de 2011. Ministra CÁRMEN LÚCIA Relatora","DECISÃO RECURSO EXTRAORDINÁRIO COM AGRAVO. PROCESSUAL CIVIL. PRESSUPOSTOS DE ADMISSIBILIDADE DE RECURSO DA COMPETÊNCIA DE TRIBUNAL DIVERSO: INEXISTÊNCIA DE REPERCUSSÃO GERAL. AGRAVO AO QUAL SE NEGA SEGUIMENTO.

Relatório

1. Agravo contra decisão que não admitiu recurso extraordinário, baseado na alínea a do inc. III do art. 102 da Constituição.

2. O Colégio Recursal Regional julgou o agravo de instrumento, dizendo que não houve data de publicação da decisão de fls. 129, que determinava a intimação do agravante para apresentar embargos. A decisão foi de 31 de agosto de 2009, e o prazo para impugnação começou a correr a partir dela. A certidão de fls. 50 mostra que os embargos foram apresentados em 7 de outubro, quando já havia expirado o prazo. Além disso, não houve cópia da publicação da decisão, o que dificulta verificar se a impugnação foi pontual. Por isso, o agravo não foi acolhido.

3. A decisão agravada baseou-se na ideia de que a contrariedade à Constituição seria indireta, não direta.

4. O agravante argumenta que o recurso contém matéria constitucional e de interesse público, mas o Colégio Recursal teria violado o inc. XXXVI do art. 5º da Constituição.

5. A razão jurídica não beneficia o agravante. O juiz relator observou que faltava uma cópia da certidão de publicação da decisão, o que demonstra a omissão do agravante.

6. O Supremo Tribunal declarou que a questão não gera repercussão geral, então os recursos extraordinários e agravos sobre esse tema podem ter seu seguimento negado.

Pelo exposto, nego seguimento ao agravo. Brasília, 23 de maio de 2011. Ministra CÁRMEN LÚCIA Relatora.",101905,33.13,33.75,0.6199999999999974,0.9341616630554199,248,133,115,
"DESPACHO: Observo que a impetração de fls. 02/07 não se acha subscrita pelo impetrante (fls. 07). A omissão de tal assinatura foi constatada pela Secretaria deste Tribunal, consoante o atesta o registro processual que se acha a fls. 42. Sendo assim, assino, ao ilustre impetrante, o prazo de 10 (dez) dias para suprir a assinatura faltante, sem prejuízo de a referida impetração ser veiculada, por via eletrônica, mediante ""e-mail"" (Resolução STF nº 287/2004). Publique-se. Brasília, 20 de junho de 2006. Ministro CELSO DE MELLO Relator","Despacho: A impetração das fls. 02/07 não está subscrita pelo impetrante (fls. 07). Essa omissão foi constatada pela Secretaria deste Tribunal, conforme o registro processual nas fls. 42. Assim, o impetrante tem 10 dias para suprir a assinatura faltante. A impetração pode ser veiculada por meio de e-mail, conforme a Resolução STF nº 287/2004. Publique-se. Brasília, 20 de junho de 2006. Ministro Celso de Mello, Relator.",4456,64.84,76.16,11.319999999999993,0.897921085357666,59,49,10,
"DECISÃO Trata-se de habeas corpus, com pedido de liminar, impetrado por Wagner Paulo da Costa Francisco e outro (a/s) em favor de Álvaro Daniel Roberto contra decisão colegiada proferida pela Quinta Turma do Superior Tribunal de Justiça, que não conheceu do pedido formulado no HC 166.359/SP. Consta dos autos que o paciente foi denunciado, juntamente com vários coacusados, pela suposta prática dos crimes de tráfico de drogas e de associação para o tráfico, tipificados nos artigos 33 e 35 da Lei 11.343/2006. Decretada a prisão preventiva em 27.05.2008, não foi localizado para o cumprimento da ordem. Descreve a exordial acusatória que seria ele integrante de quadrilha organizada para o tráfico, sendo o responsável pela aquisição das drogas junto a fornecedores residentes em Mato Grosso do Sul. Outras ações incrementadas pelo grupo consistiram no transporte da droga, usualmente partindo de Mato Grosso com destino a Campinas-SP, e na venda, propriamente dita, da substância entorpecente. Desmembrados os autos em relação ao paciente e a outros codenunciados, o recebimento da denúncia ocorreu em 18.4.2011, oportunidade em que restou indeferido o pedido de revogação da prisão preventiva formulado pelo defensor constituído, tendo sido determinada citação editalícia, por não haver sido localizado. Irresignada, a Defesa impetrou o HC 990.09.342956-0 perante o Tribunal de Justiça do Estado de São Paulo, oportunidade em que buscou a revogação da constrição cautelar, bem como sustentou a inocência do paciente e a nulidade da perícia. A Nona Câmara Criminal não conheceu do writ na parte relativa à revogação da prisão preventiva, porquanto já analisada nos habeas corpus 990.08.182409-4 e 990.09.015539-6, e, na parte conhecida, denegou a ordem. A questão também foi submetida ao Superior Tribunal de Justiça, que, por decisão unânime da Quinta Turma, não conheceu do pedido. Reputou não comportar conhecimento, na via eleita, o pleito deduzido na inicial, uma vez que formulado em desrespeito ao sistema recursal vigente — buscando dar efetividade às normas previstas no artigo 102, inciso II, alínea a, da Constituição Federal, e aos artigos 30 a 32, ambos da Lei 8.038/90, a mais recente jurisprudência do Supremo Tribunal Federal passou a não mais admitir o manejo do habeas corpus em substituição a recursos ordinários. Ocorre que, considerando o fato de o remédio constitucional ter sido impetrado antes dessa orientação, foi ultrapassado esse óbice. Todavia, concluiu o Superior não haver, na hipótese, qualquer ameaça ou coação ilegal ao direito de locomoção do paciente, uma vez que a segregação cautelar encontra justificativa na garantia da ordem pública, na conveniência da instrução criminal e para assegurar a aplicação da lei penal. A Defesa impetrou, então, o presente writ. Preliminarmente, articula que as recentes decisões no sentido de não conhecer de habeas corpus substitutivo de recurso ordinário acaba por prejudicar toda a classe dos advogados, dada a lentidão no processamento dos recursos ordinários, colocando os advogados em posição constrangedora perante seus patrocinados. Aduz, também, que o não conhecimento da ordem afronta a Constituição Federal e o Pacto de São José da Costa Rica (Convenção Americana de Direitos Humanos). Reitera, ainda, o argumento de ausência de fundamentação idônea da constrição cautelar, sem a indicação de fatos concretos justificadores da medida extrema. Assevera a impossibilidade de a prisão preventiva ser embasada na vedação legal do artigo 44 da Lei 11.343/2006, declarada inconstitucional por esta Suprema Corte. Registra circunstâncias favoráveis ao paciente, como ocupação lícita e residência fixa. Nesses termos, pedem os Impetrantes a concessão de provimento liminar para que o paciente aguarde em liberdade a apreciação definitiva do presente writ. No mérito, pugnam pela concessão da ordem em definitivo. É o relatório. Decido. Preliminarmente, ressalto que estes autos foram a mim distribuídos por prevenção, tendo em vista a vinculação com o HC 115.045/SP. Na ocasião, postulou a Defesa, em medida liminar e no mérito, a concessão da ordem para o fim de obter a liberdade provisória em favor paciente. Em 24.9.2012, indeferi a liminar pretendida, nos seguintes termos: O Plenário desta Suprema Corte, no julgamento do HC 104.339/SP (Rel. Min. Gilmar Mendes - por maioria - j. 11.5.2012 - acórdão não publicado), quando reconhecida a inconstitucionalidade parcial do art. 44 da Lei nº 11.343/2006, afastou o óbice legal à liberdade provisória em crimes de tráfico. Na mesma oportunidade, a ordem foi concedida para que fossem apreciados pela autoridade judicial competente os requisitos previstos no art. 312 do CPP e, se for o caso, manter a segregação cautelar do paciente. No tocante à prisão do paciente, independentemente da vedação ao benefício da liberdade provisória, à época existente, consoante art. 44 da Lei 11.343/06, a segregação cautelar foi fundamentada na necessidade de garantia da ordem pública, da aplicação da lei penal e na conveniência da instrução criminal. (...). Os fundamentos invocados pelo magistrado são bastante razoáveis para justificar a decretação e a manutenção da prisão. Em primeiro lugar, consta da decisão que o paciente seria um dos chefes de grupo criminoso dedicado ao tráfico de drogas, o que, por si só, indica risco de reiteração delitiva e à ordem pública. Em segundo, o paciente não foi encontrado para citação pessoal e permanece foragido aparentemente até o momento. O fato caracteriza risco à aplicação da lei penal, fundamento suficiente e autônomo para a manutenção da medida constritiva. Tal entendimento se coaduna com a orientação pacífica do Supremo Tribunal Federal, segundo a qual ‘a fuga do réu do distrito da culpa justifica o decreto ou a manutenção da prisão preventiva’ (HC 95.159/SP, rel. Min. Ricardo Lewandowski, DJ 12.06.2009). Não se trata, pois, de constrição decretada e mantida com base na mera vedação legal à liberdade provisória para crimes de tráfico, mas, sim, de prisão preventiva decretada pelo risco à ordem pública e à aplicação da lei penal, nos termos do art. 312 do Código de Processo Penal. Ressalto que a afirmada circunstância de ter o paciente ocupação lícita e residência fixa não se coaduna com a realidade dos fatos, nem tampouco constitui óbice à decretação ou manutenção da prisão preventiva, desde que preenchidos os pressupostos e requisitos do art. 312 do CPP (HC 108.314/MA, rel. Min. Luiz Fux, 1ª Turma, DJe 5.10.2011; HC 106.816/PE, rel. Min. Ellen Gracie, 2ª Turma, DJe 20.6.2011). Não há, portanto, como considerar, neste Juízo preliminar, arbitrária ou ilegal a decretação da prisão preventiva. Ante o exposto, indefiro o pedido de liminar. Atualmente, aguarda-se a manifestação do Ministério Público Federal. Pois bem, examinando os autos, verifico que o objeto do presente habeas corpus já está sendo apreciado por esta Suprema Corte exatamente nos autos do HC 115.045/SP, de minha relatoria, distribuído em 31.8.2012. Ambas as impetrações são idênticas, com as mesmas partes, o mesmo pedido e a mesma causa de pedir, a delinearem a tríplice identidade definidora da litispendência. Dessa maneira, não há como dar prosseguimento ao presente feito, enquanto mera reiteração de impetração anterior. Ante o exposto, nego seguimento ao presente habeas corpus (RISTF, artigo 21, §1º). Publique-se. Arquive-se. Brasília, 25 de fevereiro de 2013. Ministra Rosa Weber Relatora","O paciente pede a liberdade provisória por meio de um habeas corpus, após a Quinta Turma do Supremo Tribunal Federal não ter reconhecido o pedido de liminar. Ele foi acusado de tráfico de drogas e associação, e estava preso preventivamente desde 2008. A prisão foi justificada pela ameaça à ordem pública e à aplicação da lei penal. A defesa alega que a prisão não tem fundamento legal e que o paciente tem residência fixa. No entanto, o tribunal rejeita o pedido de liminar, considerando que a prisão foi decretada com base no risco à ordem pública e à aplicação da lei penal, e não apenas pela vedação legal à liberdade provisória. O caso está sendo analisado na Suprema Corte, e a defesa reitera que a prisão é necessária para garantir a segurança pública. A sentença nega o habeas corpus por ser uma repetição do pedido anterior.",134029,29.51,32.39,2.879999999999999,0.8651098012924194,484,81,403,
"DECISÃO AGRAVO DE INSTRUMENTO. PROCESSUAL CIVIL. 1) AUSÊNCIA DE PREQUESTIONAMENTO DOS ARTS. 5º, CAPUT, E 7º, INC. X, DA CONSTITUIÇÃO DA REPÚBLICA: INCIDÊNCIA DAS SÚMULAS N. 282 E 356 DO SUPREMO TRIBUNAL FEDERAL. 2) ALEGAÇÃO DE CONTRARIEDADE AO ART. 5º, INC. II E LV, DA CONSTITUIÇÃO DA REPÚBLICA: OFENSA CONSTITUCIONAL INDIRETA. PRECEDENTES. AGRAVO AO QUAL SE NEGA SEGUIMENTO. Relatório 1. Agravo de instrumento contra decisão que não admitiu recurso extraordinário, interposto com base no art. 102, inc. III, alínea a, da Constituição da República. 2. O recurso inadmitido tem por objeto o seguinte julgado do Tribunal de Justiça de São Paulo: “Pensões retidas por ausência de recadastramento. Conduta revestida de legalidade. Ônus da prova que compete à autora. Inexistência de relação de consumo. Banco que somente repassa valores. Inexistência de obrigação de indenizar. Ação parcialmente procedente. Recurso não provido” (fl. 197). 3. No recurso extraordinário, a Agravante alega que o Tribunal a quo teria contrariado os arts. 5º, caput, inc. II e LV, e 7º, inc. X, da Constituição da República. Sustenta que teria havido “total inobservância (...) ao acervo probatório produzido nos autos – vulnerando, destarte, o princípio da isonomia que o art. 5º, 'caput', da CF consagra – como, também, a ratificação (...) [das] reiteradas vulnerações perpetradas pelo IPESP aos mandamentos insculpidos [nos arts. 5º, inc. II, e 7º, inc. X, da Constituição da República]” (fls. 266-267). Argumenta que “a leitura dos autos revela a confissão da Nossa Caixa sobre a elaboração dos recadastramentos efetuados pela recorrente (fl. 38, § 3º)” (fl. 267). Assevera que “as atribuições da Nossa Caixa não se limitavam àquele recadastramento, mas, também, à abertura e operacionalização da conta corrente mantida pela recorrente, daí se evidencia que a relação entre ambas se submetia à regência do art. 14 do Código de Defesa do Consumidor – mas, jamais, (...) às ordenações pertinentes ao direito público” (fl. 269). 4. A decisão agravada teve como fundamento para a inadmissibilidade do recurso extraordinário a ausência de contrariedade direta à Constituição da República (fls. 284-285). A Agravante reitera os argumentos formulados no recurso extraordinário. Analisados os elementos havidos nos autos, DECIDO. 5. Razão jurídica não assiste à Agravante. 6. Os arts. 5º, caput, e 7º, inc. X, da Constituição da República não foram objeto de debate e decisão prévios no Tribunal de origem. Tampouco foram objeto dos embargos de declaração opostos, de modo a comprovar ter havido, no momento processual próprio, o prequestionamento. Incidem na espécie vertente as Súmulas n. 282 e 356 do Supremo Tribunal Federal. Nesse sentido: “EMBARGOS DE DECLARAÇÃO NO AGRAVO DE INSTRUMENTO. CONVERSÃO EM AGRAVO REGIMENTAL. PROCESSUAL CIVIL. AUSÊNCIA DE PREQUESTIONAMENTO. INCIDÊNCIA DAS SÚMULAS 282 E 356 DO SUPREMO TRIBUNAL FEDERAL. AGRAVO REGIMENTAL AO QUAL SE NEGA PROVIMENTO. A matéria constitucional contida no recurso extraordinário não foi objeto de debate e exame prévios no Tribunal a quo. Tampouco foram opostos embargos de declaração, o que não viabiliza o extraordinário, por ausência do necessário prequestionamento” (AI 631.961-ED, de minha relatoria, Primeira Turma, DJe 15.5.2009). “A ausência de efetiva apreciação do litígio constitucional, por parte do Tribunal de que emanou o acórdão impugnado, não autoriza - ante a falta de prequestionamento explícito da controvérsia jurídica - a utilização do recurso extraordinário” (AI 413.963-AgR, Rel. Min. Celso de Mello, Segunda Turma, DJ 1º.4.2005). 7. O Supremo Tribunal Federal firmou o entendimento de que a alegação de contrariedade ao art. 5º, inc. LV, da Constituição da República, se dependente do exame de legislação infraconstitucional – na espécie vertente, de dispositivos do Código de Processo Civil –, não viabiliza o recurso extraordinário, pois eventual ofensa constitucional seria indireta. Nesse sentido: “AGRAVO REGIMENTAL NO AGRAVO DE INSTRUMENTO. PROCESSUAL CIVIL. INDEFERIMENTO DE PROVA PERICIAL. ALEGAÇÃO DE CERCEAMENTO DE DEFESA. IMPOSSIBILIDADE DA ANÁLISE DA LEGISLAÇÃO INFRACONSTITUCIONAL. OFENSA CONSTITUCIONAL INDIRETA. PRECEDENTES. AGRAVO REGIMENTAL AO QUAL SE NEGA PROVIMENTO” (AI 759.089-AgR, de minha relatoria, Primeira Turma, DJe 29.4.2010). “RECURSO. Extraordinário. Inadmissibilidade. Alegação de ofensa ao art. 5º, LV, da Constituição Federal. Ofensa constitucional indireta. Agravo regimental não provido. Alegações de desrespeito aos postulados da legalidade, do devido processo legal, do contraditório, dos limites da coisa julgada e da prestação jurisdicional, se dependentes de reexame prévio de normas inferiores, podem configurar, quando muito, situações de ofensa meramente reflexa ao texto da Constituição” (RE 547.201-AgR, Rel. Min. Cezar Peluso, Segunda Turma, DJe 14.11.2008). 8. Ademais, a alegada contrariedade ao art. 5º, inc. II, da Constituição da República esbarra no óbice da Súmula n. 636 do Supremo Tribunal Federal, que dispõe que “não cabe recurso extraordinário por contrariedade ao princípio constitucional da legalidade, quando a sua verificação pressuponha rever a interpretação dada a normas infraconstitucionais pela decisão recorrida”. 9. Nada há, pois, a prover quanto às alegações da Agravante. 10. Pelo exposto, nego seguimento a este agravo (art. 557, caput, do Código de Processo Civil e art. 21, § 1º, do Regimento Interno do Supremo Tribunal Federal). Publique-se. Brasília, 28 de setembro de 2010. Ministra CÁRMEN LÚCIA Relatora","DECISÃO AGRAVO DE INSTRUMENTO. PROCESSUAL CIVIL. O agravo foi interposto contra a decisão que negou o recurso extraordinário, com base no art. 102, inc. III, alínea a, da Constituição. O recurso inadmitido tem por objeto um julgamento de um tribunal de justiça que disse que a ação não foi totalmente procedente. Agravante alega que o tribunal contrariou alguns artigos da Constituição. Sustenta que houve violação do princípio da isonomia e outras normas constitucionais. Argumenta que o banco confessou ter realizado recadastramentos, e que a relação entre as partes estava sujeita a um código de defesa do consumidor, não a normas públicas. A decisão agravada baseia-se na falta de contrariedade direta à Constituição. Agravante reitera os mesmos argumentos. Analisando os elementos, decido que a razão jurídica não é válida para a agravante. Os artigos citados não foram discutidos no tribunal de origem, e não houve embargos de declaração. Incidem as súmulas 282 e 356 do STF. A alegação de contrariedade ao artigo 5º, inc. LV, é indireta, pois depende da análise de leis inferiores. Além disso, a alegação ao artigo 5º, inc. II, esbarra na súmula 636 do STF. Nada pode ser provado quanto às alegações da agravante. Por isso, nego seguimento ao agravo.",80408,31.23,33.49,2.2600000000000016,0.8632929921150208,302,119,183,
"DECISÃO PRISÃO PREVENTIVA – FUNDAMENTOS – INSUFICIÊNCIA – LIMINAR IMPLEMENTADA DE OFÍCIO. 1. O Gabinete prestou as seguintes informações: O paciente, preso em flagrante no dia 6 de setembro de 2012, foi denunciado pela suposta prática do crime previsto nos artigos 33, cabeça (tráfico de drogas), e 35 (associação para o tráfico), ambos da Lei nº 11.343/2006, e no artigo 12 (posse irregular de arma de fogo de uso permitido) da Lei nº 10.826/2003. A custódia foi convertida em preventiva em 30 de outubro de 2012. Segundo o Juízo de Direito da Vara Crime, Júri, Execuções Penais e Infância e Juventude da Comarca de Nazaré/BA, veio a ser perturbada a ordem pública, revelando-se a prisão necessária à apuração dos fatos e à garantia da aplicação da lei penal. Formalizou-se habeas corpus no Tribunal de Justiça do Estado da Bahia. A defesa alegou, em síntese, que, não obstante os autos da prisão em flagrante tivessem sido encaminhados ao Juízo, até aquela data, não houvera manifestação judicial, ficando ultrapassado período razoável para a análise do cabimento de quaisquer das providências versadas no artigo 310 do Código de Processo Penal. Ressaltou, ainda, que a custódia não fora comunicada no prazo legal de vinte e quatro horas, razão pela qual deveria ser relaxada. A Segunda Turma da Primeira Câmara Criminal não conheceu a ordem. Observou que a prisão em flagrante já havia sido convertida em preventiva, não constando como objeto da impetração tal decisão. Consignou que isso acabara por inviabilizar o exame do pleito formulado. Em idêntica medida no Superior Tribunal de Justiça – de nº 262.897/BA –, o Presidente indeferiu a liminar. Assentou a inadequação da via eleita. Afirmou não verificar de imediato a existência de ilegalidade capaz de autorizar a atuação no campo precário e efêmero. Neste habeas, os impetrantes asseveram que a prisão em flagrante só foi noticiada ao Juízo cinco dias após o flagrante, em afronta ao que dispõem o artigo 306, cabeça, do Código de Processo Penal (“Ocorrendo prisão em flagrante, a autoridade de polícia judiciária fará, imediatamente, comunicação ao juiz competente, remetendo-lhe cópia do auto lavrado, do qual será dada vista ao órgão do Ministério Público, em vinte e quatro horas”), o artigo 50 da Lei nº 11.343/2006, o artigo 5º, inciso LXII, da Constituição Federal (“A prisão de qualquer pessoa e o local onde se encontre serão comunicados imediatamente ao juiz competente e à família do preso ou à pessoa por ele indicada”), o artigo 7º, 4, da Convenção Interamericana de Direitos Humanos (“Toda pessoa detida ou retida deve ser informada das razões de sua detenção e notificada, sem demora, da acusação ou acusações formuladas contra ela”), bem como a Resolução nº 87/2009, do Conselho Nacional de Justiça, que disciplina o acompanhamento pelos juízes e Tribunais dos procedimentos relacionados ao controle dos casos nos quais implementada custódia provisória. Em âmbito liminar, requerem a concessão da ordem a fim de afastar a prisão em flagrante do paciente, com a posterior declaração de nulidade da preventiva. No mérito, pleiteiam a confirmação da providência. Em resposta à determinação de Vossa Excelência, o Juízo de Direito da Vara Crime, Júri, Execuções Penais e Infância e Juventude da Comarca de Nazaré/BA encaminhou cópia da decisão em que convertida a prisão em preventiva, da denúncia e do ato por meio do qual se indeferiu o relaxamento da prisão. Esclareceu haver indícios suficientes da autoria e da materialidade do delito, tendo sido mantida a prisão para garantir a ordem pública. Destacou que, apesar de ter impetrado habeas para obter liberdade, o paciente, mesmo intimado, deixou de apresentar defesa na ação penal. Consulta ao sítio eletrônico do Superior Tribunal de Justiça, nesta data, revelou que, em 26 de março de 2013, a relatora indeferiu liminarmente o pedido formalizado no Habeas Corpus nº 262.897/BA, ante a inviabilidade da impetração. A decisão transitou em julgado em 25 de abril de 2013. O processo encontra-se instruído para exame do pedido de concessão de medida acauteladora. 2. O caso revela constrangimento ilegal a alcançar o direito de ir e vir do paciente. Não se trata da questão alusiva à comunicação do flagrante e à passagem de mais de cinco dias. O fato configura infração administrativa, não prejudicando o ato pelo qual o Juízo determinou, sob o ângulo da preventiva, a custódia. O problema é que os fundamentos lançados para tanto não se enquadram no permissivo legal. Descabe, no implemento da prisão preventiva, levar em conta a gravidade da imputação, até aqui simples imputação, à qual se contrapõe o princípio da não culpabilidade. Também se mostra neutro estar em xeque a atuação dos poderes constituídos na comarca. Quanto à alegada perturbação da ordem pública, considerou-se o que asseverado pelo Ministério Público em termos de prática delituosa. Em síntese, a percepção relativa à estabilidade social não serve a inverter a sequência natural das coisas, prendendo para, depois, apurar. No tocante à necessidade de preservar campo propício à apuração dos fatos e à aplicação da lei penal, não se apontou qualquer móvel para assim se concluir. 3. Defiro a liminar. Expeçam alvará de soltura a ser cumprido com as cautelas próprias: se o paciente não estiver recolhido por motivo diverso do retratado nos Autos nº 0001241-34.2012.805.0176, alusivos à prisão em flagrante e considerada a substituição desta por preventiva pelo Juízo de Direito da Vara Crime, Júri, Execuções Penais e Infância e Juventude da Comarca de Nazaré/BA. Advirtam-no de que deve permanecer no distrito da culpa, atendendo aos chamamentos judiciais e colaborando, com isso, para a elucidação do quadro, bem como adotando a postura que se aguarda do homem médio. 4. Colham o parecer da Procuradoria Geral da República. 5. Publiquem. Brasília – residência –, 18 de maio de 2013, às 16h30. Ministro MARCO AURÉLIO Relator","O paciente foi preso em flagrante no dia 6 de setembro de 2012 por tráfico de drogas e associação para o tráfico, além de posse irregular de arma. A custódia foi convertida em prisão preventiva em 30 de outubro de 2012. O juiz acreditou que a prisão era necessária para manter a ordem pública e garantir a aplicação da lei. No entanto, a defesa alegou que não houve tempo razoável para analisar a legalidade da prisão e que ela não foi comunicada no prazo de 24 horas. O habeas corpus foi indeferido por não haver ilegalidade imediata. A defesa argumenta que a prisão em flagrante só foi noticiada cinco dias após o fato, o que viola as leis que exigem comunicação imediata. Pediu a liberdade do paciente e a nulidade da prisão preventiva. O juiz disse que há indícios de crime e que a prisão continua necessária. No entanto, os fundamentos para isso não estão corretos. Decidiu conceder a liminar, liberando o paciente com as cautelas necessárias, desde que não esteja preso por outro motivo. Também pediu que a Procuradoria Geral da República dê seu parecer e que o caso seja publicado.",149323,26.13,37.24,11.110000000000003,0.8981386423110962,429,103,326,
"DESPACHO: Visto. Trata-se de recurso extraordinário interposto com fundamento no art. 102, inciso III, alínea ""a"", da Constituição Federal, em face de acórdão da Quinta Turma do Tribunal Regional Federal da 3ª Região, assim ementado: ""PROCESSUAL CIVIL E PREVIDÊNCIÁRIO - REVISÃO DE BENEFÍCIO - COMPETÊNCIA DO JUÍZO MONOCRÁTICO PARA DECLARAÇÃO DE INCONSTITUCIONALIDADE DE LEI - CÁLCULO DO RENDA MENSAL INICIAL - APLICAÇÃO DO ARTIGO 202 DA C.F - INCONSTITUCIONALIDADE DA LIMITAÇÃO IMPOSTA PELO PARÁGRAFO 2º, DO ARTIGO 29 DA LEI 8.245/91. - Cabe ao Juízo monocrático a declaração incidental de inconstitucionalidade, no exercício do controle difuso da constitucionalidade de lei. - O cálculo da renda mensal inicial das aposentadorias concedidas, após o advento da Constituição Federal de 1988, deve ter por base os 36 últimos salários de contribuição, devidamente corrigidos mês a mês. - Ao se permitir que o segurado contribua aos cofres públicos pelo maior valor possível e, em contrapartida, que o INSS lhe pague os benefícios em quantias menores, perpetra-se um verdadeiro locupletamento ilícito - Matéria preliminar rejeitada e recurso a que se nega provimento."" 2. Sustenta o recorrente que o acórdão recorrido contrariou os arts. 201, § 2º, da Constituição Federal, e 58, do ADCT. 3. Com efeito, tratando-se de benefício concedido antes da Constituição de 1988, o acórdão recorrido deu correta interpretação ao disposto no art. 58 do ADCT, e seu parágrafo único, no ponto em que entendeu aplicá-lo aos benefícios de prestação continuada, mantidos pela previdência social na data da promulgação da Constituição, com os efeitos dele decorrentes, a partir do sétimo mês a contar da data da referida promulgação. No entanto, há que se entender tal aplicação tão somente até a implantação do novo plano de custeio e benefícios (Lei nº 8213/1991), na conformidade da jurisprudência desta Corte firmada quando do julgamento do RE 199.994-2, em 23.10.1997. 4. Do exposto, com base no § 1º-A, do art. 557 da Lei n.º 5.869, na redação dada pela Lei nº 9.756, de 17 de dezembro de 1998, conheço do recurso e lhe dou provimento, reformando o acórdão recorrido no ponto em que adotou o critério de reajuste previsto no art. 58, do ADCT, a período posterior à vigência da Lei 8.213/91. Publique-se. Brasília, 26 de março de 2002. Ministro NÉRI DA SILVEIRA Relator","Despacho: O recurso extraordinário foi analisado. O recorrente alegou que o acórdão da Quinta Turma do Tribunal Regional Federal da 3ª Região foi errado, com base em artigos da Constituição Federal. O acórdão dizia que a lei 8245/91 limitava o cálculo da renda mensal inicial das aposentadorias, o que é inconstitucional. O juízo monocrático deve decidir sobre a constitucionalidade de leis. O cálculo da renda mensal inicial deve basear-se nos 36 últimos salários de contribuição, corrigidos mês a mês. O recorrente também disse que o acórdão contradiz artigos da Constituição Federal e do ADCT. Entretanto, o acórdão interpretou corretamente o artigo 58 do ADCT para benefícios concedidos antes de 1988, mas só até a implantação da nova lei de custeio (Lei 8213/91). Com base em leis, o recurso foi acolhido e o acórdão foi reformado. Publique-se. Brasília, 26 de março de 2002. Ministro Néri da Silveira Relator.",29269,36.53,38.81,2.280000000000001,0.9130511283874512,183,79,104,
"DESPACHO: RE contra acórdão assim ementado: ""CONDOMÍNIO - Loja situada no pavimento térreo - Convenção que lhe dava isenção de determinados encargos condominiais - Assembléia geral que revogou tais isenções - Existência de prova pericial que atesta que a loja se beneficiou ou utiliza dos serviços ou utilidades do prédio - Ausência de nulidade na Assembléia - Ônus de encargos devidos pelo não pagamento - Recurso desprovido."" No RE, sustenta o recorrente deficiência de fundamentação do acórdão (CF, 93, IX) e ofensa a direito adquirido e a ato jurídico perfeito (CF, art. 5º, XXXVI), aduzindo, que: ""Por acordo de vontade das partes, consolidado pelo decurso de quase 20 anos - tempo em que já está em vigor de forma mansa e pacífica - o Recorrente vinha participando do rateio das despesas condominiais no percentual de 0,8308%. A partir da Assembléia Geral realizada em 30/março/1993 (fls. 33/34), o Condomínio Recorrido deliberou, de forma arbitrária, unilateral e aleatória, sem qualquer base na realidade, que o percentual de participação do Recorrente nas despesas condominiais não seria mais de 0,8308%, que vigorava há quase 20 anos, mas sim o de 10,5750%, que não guarda relação com nada ou coisa nenhuma, nem mesmo com a fração ideal atribuída à Loja nas coisas comuns. Contudo, em se tratando de atos jurídicos perfeitos (a convenção condominial e o acordo de vontades que quase 20 anos antes fixara em 0,8308% o percentual de rateio atribuível à loja) e de direitos adquiridos no sentido de não pagar determinadas despesas, o Recorrente estava amparado pelo dispositivo constitucional contrariado."" É inviável o RE. Não alcança nível constitucional a matéria em causa. Limitou-se o acórdão, baseado nos fatos e nas provas, a declarar a eficácia da sentença, a possibilidade jurídica do pedido e a validade da perícia realizada e, quanto ao mérito, a soberania da Assembléia para alterar a convenção do condomínio e dispor sobre percentuais, isenções e abatimentos e reconhecer a razoabilidade do valor estipulado, à vista dos serviços efetivamente utilizados pelo recorrente. Não se vislumbra, na espécie, questão de direito intertemporal a ser dirimida. Sob a alegação de ofensa a direito adquirido, o que o recorrente pretende, na verdade, é a revisão do percentual que lhe foi imposto pelas novas regras condominiais, a título de despesas comuns do condomínio, discussão que se circunscreve ao plano meramente convencional, envolvendo simples interpretação de cláusulas de convenção de condomínio - passíveis de revogação ou modificação a qualquer tempo -, alteradas, no caso, por força de deliberação da Assembléia Geral respectiva, o que não enseja reexame em recurso extraordinário (Súmulas 454 e 279). Improcedente, também, a alegação de falta de fundamentação do acórdão: ""o que a Constituição exige, no art. 93, IX, é que a decisão judicial seja fundamentada; não, que a fundamentação seja correta, na solução das questões de fato ou de direito da lide; declinadas no julgado as premissas, corretamente assentadas ou não, mas coerente com o dispositivo do acórdão, está satisfeita a exigência constitucional."" (RE-140.370, Pertence, DJ de 21.5.93). Nego provimento ao agravo. Brasília, 6 de fevereiro de 2002. Ministro SEPÚLVEDA PERTENCE - Relator","DESPACHO: O recurso é desprovido. O acórdão não comete erros de fundamentação e não viola direitos adquiridos ou atos jurídicos perfeitos. O recorrente estava amparado pelo percentual de 0,8308% há quase 20 anos, mas a Assembléia Geral alterou essa regra arbitráriamente. A questão não envolve direito intertemporal, mas apenas interpretação de cláusulas condominiais, que podem ser revogadas a qualquer tempo. O recurso extraordinário não alcança o nível constitucional da questão. Nego provimento ao agravo. Brasília, 6 de fevereiro de 2002. Ministro SEPÚLVEDA PERTENCE - Relator.",29488,6.83,11.12,4.289999999999999,0.876203179359436,250,63,187,
"Decisão: Trata-se de recurso extraordinário interposto em face de acórdão da Quarta Turma do Tribunal Regional Federal da 5ª Região, firmado nos seguintes termos: (eDOC 1, p. 138): “EMENTA: Receber valores atrasados reconhecidos como devidos pela Administração. Parcelas referentes à vantagem denominada Reconhecimento de Saberes e Competências - RSC (equivalente à Retribuição por Titulação – RT). Legitimidade do instituto-réu para figurar no pólo passivo da demanda, ante a sua autonomia jurídico/financeira e administrativa. Preliminar de ilegitimidade passiva ad causam que se afasta. Ausência de razoabilidade na demora para o pagamento de passivos de servidor público, a pretexto de observância pela Administração das formalidades estabelecidas pela Portaria Conjunta 02/2012 – MPOG, que disciplina o pagamento de débitos relativos a exercícios anteriores reconhecidos em favor de servidores públicos. Direito líquido e certo da parte autora a percepção do valor apurado como devido. Atualização dos valores segundo orientação do eg. Plenário desta Corte firmou-se, no sentido de que a atualização e os juros de mora nas condenações impostas, tanto à Fazenda Pública quanto aos particulares, ainda que em matéria previdenciária, devem se dar mediante a aplicação do IPCA-E (ou outro índice que venha a ser recomendado pelo Manual de Cálculos da Justiça Federal) acrescidos de 6% (seis por cento) ao ano. Apelação e remessa oficial improvidas.” Os embargos de declaração foram acolhidos para restabelecer os critérios de correção e juros indicados na sentença (eDOC 2, p. 21). No recurso extraordinário, com fundamento no art. 102, III, a, da Constituição Federal, aponta-se ofensa aos arts. 163 e 169 da Constituição Federal. Nas razões recursais, sustenta, em suma, que “não pode a administração, a seu bel prazer, efetuar os pagamentos de despesas com pessoal, mesmo que reconhecidas administrativamente, haja vista a necessidade de observância às Normas Gerais de Direito Financeiro estabelecidas no dispositivo legal supra transcrito.” (eDOC 2, p. 55). É o relatório. Decido. A irresignação não merece prosperar. Inicialmente, convém transcrever o assentado pelo Tribunal de origem (eDOC 1, p. 141): “Sendo a parte autora servidora pública federal pertencente ao quadro funcional do Instituto-réu é deste, exclusivamente, a legitimidade passiva 'ad causam' em face de sua autonomia jurídico/financeira e administrativa. Preliminar de ilegitimidade passiva ad causam que se afasta. O direito da parte autora é claro, porquanto o ente federal réu reconheceu o seu débito, mas afirmou que o pagamento estaria a depender da liberação de recursos por parte do Ministério do Planejamento Orçamento e Gestão. Note-se que a jurisprudência desta Casa entende que, em se tratando de verbas remuneratórias atrasadas, expressamente reconhecidas como devidas pela própria Administração, que não foram pagas no tempo devido, o autor não pode ser compelido a se submeter às condições de tempo e modo de pagamento estabelecidos pela autarquia ré para o pagamento na via administrativa. Afigura-se irrazoável a demora para o pagamento de passivos de servidor público, a pretexto de observância pela Administração das formalidades estabelecidas pela Portaria Conjunta 02/2012 – MPOG, que disciplina o pagamento de débitos relativos a exercícios anteriores reconhecidos em favor de servidores públicos. Precedentes:” Desse modo, a discussão referente à ausência de disponibilidade orçamentária para o pagamento das quantias devidas aos servidores, reconhecidas administrativamente, demandaria o reexame de fatos e provas constante dos autos, o que inviabiliza o processamento do recurso extraordinário, tendo em vista a vedação contida na Súmula 279 do STF. “RECURSO EXTRAORDINÁRIO COM AGRAVO. ADMINISTRATIVO. SERVIDOR PÚBLICO. DIFERENÇAS ATRASADAS RECONHECIDAS ADMINISTRATIVAMENTE E NÃO PAGAS. ALEGAÇÃO DE AUSÊNCIA DE DISPONIBILIDADE ORÇAMENTÁRIA. INTERPRETAÇÃO DE LEGISLAÇÃO INFRACONSTITUCIONAL. OFENSA REFLEXA. REPERCUSSÃO GERAL NÃO EXAMINADA EM FACE DE OUTROS FUNDAMENTOS QUE OBSTAM A ADMISSÃO DO APELO EXTREMO. AGRAVO DESPROVIDO.” (ARE 852.881, Rel. Min. Luiz Fux, DJe de 20/5/2015) “Agravo regimental no recurso extraordinário com agravo. Competência do relator da causa para negar seguimento a recurso manifestamente inadmissível. Servidor público. Direito à incorporação de vantagem. Reconhecimento na via administrativa. Pagamento de atrasados. Discussão. Reexame de fatos e provas. Impossibilidade. Precedentes. 1. É competente o relator da causa (art. 544, § 4º, II, alínea b, do Código de Processo Civil, e art. 21, § 1º, do Regimento Interno do Supremo Tribunal Federal) para, conhecendo do agravo, negar seguimento ao recurso manifestamente inadmissível, prejudicado ou em confronto com súmula ou jurisprudência dominante no tribunal. 2. Inadmissível, em recurso extraordinário, o reexame dos fatos e das provas dos autos. Incidência da Súmula nº 279/STF. 3. Agravo regimental não provido.” (ARE 790.210-AgR, Rel. Min. Dias Toffoli, Primeira Turma, DJe de 1/8/2014) Ante o exposto, nego provimento ao recurso, nos termos dos artigos 932, IV a, do CPC, e 21, § 1º, do RISTF. Incabível a aplicação do disposto no art. 85, §11, do CPC (Súmula 512 do STF). Publique-se. Brasília, 30 de maio de 2018. Ministro Edson Fachin Relator Documento assinado digitalmente","O recurso extraordinário foi interposto contra um acórdão da Quarta Turma do Tribunal Regional Federal da 5ª Região. O texto diz que a Administração não pagou valores devidos a um servidor público, mesmo que reconhecidos como tais. Alega-se que o atraso foi irrazoável, pois a Administração usou formalidades legais para justificar a demora, mas isso não é suficiente. O relator do Supremo Tribunal Federal decidiu que o recurso não merece prosperar, porque o reexame de fatos e provas não é permitido por uma súmula do STF. A decisão foi publicada em 30 de maio de 2018.",292445,21.85,32.03,10.18,0.8277341723442078,346,65,281,
"DECISÃO: A controvérsia suscitada no presente recurso extraordinário já foi dirimida por ambas as Turmas do Supremo Tribunal Federal (RTJ 208/849, Rel. Min. ELLEN GRACIE): “COMPETÊNCIA – DECRETO-LEI Nº 201/67 – VERBAS PROVENIENTES DO FUNDO DE MANUTENÇÃO E DESENVOLVIMENTO DO ENSINO FUNDAMENTAL E DE VALORIZAÇÃO DO MAGISTÉRIO E DE CONVÊNIOS FIRMADOS COM A UNIÃO. Uma vez envolvidas verbas do Fundo de Manutenção e Desenvolvimento do Ensino Fundamental e de Valorização do Magistério e de convênios firmados com a União, ou seja, verbas repassadas a Município, a competência para julgar a ação na qual imputado o desvio é da Justiça Federal (...).” (RE 414.849/RN, Rel. Min. MARCO AURÉLIO) Cumpre ressaltar, por necessário, que esse entendimento vem sendo observado em sucessivos julgamentos proferidos no âmbito desta Corte, a propósito de questão assemelhada à que ora se examina nesta sede recursal (RE 598.871/AM, Rel. Min. RICARDO LEWANDOWSKI – RE 598.924/PA, Rel. Min. RICARDO LEWANDOWSKI – RE 602.870/TO, Rel. Min. AYRES BRITTO, v.g.). O exame da presente causa evidencia que o acórdão ora impugnado ajusta-se à diretriz jurisprudencial que esta Suprema Corte firmou na análise da matéria em referência. Sendo assim, e considerando as razões expostas, conheço do presente recurso extraordinário, para negar-lhe provimento. Publique-se. Brasília, 31 de agosto de 2012. Ministro CELSO DE MELLO Relator","DECISÃO: A controvérsia do caso já foi resolvida pelas duas Turmas do Supremo Tribunal Federal (RTJ 208/849, Rel. Min. ELLEN GRACIE): ""COMPETÊNCIA – DECRETO-LEI Nº 201/67 – VERBAS PROVENIENTES DO FUNDO DE MANUTENÇÃO E DESENVOLVIMENTO DO ENSINO FUNDAMENTAL E DE VALORIZAÇÃO DO MAGISTÉRIO E DE CONVÊNIOS FIRMADOS COM A UNIÃO. Uma vez envolvidas verbas do Fundo de Manutenção e Desenvolvimento do Ensino Fundamental e de Valorização do Magistério e de convênios firmados com a União, ou seja, verbas repassadas a Município, a competência para julgar a ação na qual imputado o desvio é da Justiça Federal (...).” (RE 414.849/RN, Rel. Min. MARCO AURÉLIO) Cumpre ressaltar que esse entendimento já foi seguido em vários julgamentos desta Corte (RE 598.871/AM, Rel. Min. RICARDO LEWANDOWSKI – RE 598.924/PA, Rel. Min. RICARDO LEWANDOWSKI – RE 602.870/TO, Rel. Min. AYRES BRITTO, v.g.). O exame da causa mostra que o acórdão impugnado segue a diretriz jurisprudencial estabelecida pela Suprema Corte. Assim, considerando as razões apresentadas, conheço do recurso extraordinário para negar-lhe provimento. Publique-se. Brasília, 31 de agosto de 2012. Ministro CELSO DE MELLO Relator",131652,46.54,53.71,7.170000000000002,0.9832680821418762,127,109,18,
"DECISÃO RECURSO ORDINÁRIO EM MANDADO DE SEGURANÇA. DIREITO ADMINISTRATIVO. MILITAR. PROMOÇÃO. VISTA À PROCURADORIA-GERAL DA REPÚBLICA. 1. Recurso Ordinário em Mandado de Segurança interposto contra o seguinte julgado do Superior Tribunal de Justiça: “DIREITO ADMINISTRATIVO. PROCESSUAL CIVIL. MANDADO DE SEGURANÇA. MILITAR. ANISTIA. PROMOÇÃO NA INATIVIDADE. PRELIMINARES DE ILEGITIMIDADE PASSIVA AD CAUSAM DO MINISTRO DE ESTADO DA DEFESA E DO COMANDANTE DA MARINHA. ACOLHIMENTO. DECISÃO DENEGATÓRIA DA COMISSÃO DE ANISTIA. DECADÊNCIA. PROCESSO EXTINTO COM RESOLUÇÃO DE MÉRITO. 1. O impetrante, militar, anistiado político, segundo a Lei 6.683/79 e a Emenda Constitucional 26/85, foi reformado no posto de Capitão-de-Mar-e-Guerra e busca - por meio do presente mandamus, impetrado em desfavor do Ministro de Estado da Defesa, do Comandante da Marinha e do Ministro de Estado da Justiça - sua promoção, na inatividade, ao posto de Vice-Almirante Intendente, a partir de 5/10/88, com proventos do grau hierárquico superior. 2. Compete exclusivamente ao Ministro da Justiça, com o assessoramento da Comissão de Anistia, decidir a respeito dos requerimentos de anistia formulados após a entrada em vigor da Lei 10.559, de 13/11/02, com a finalidade de reintegração, de promoção, de auferir reparação econômica, ainda que para tanto seja necessário proceder à revisão de processos de anistia concedida com base em leis anteriores. 3. O impetrante não ajuizou o mandado de segurança no prazo decadencial de 120 (cento e vinte) dias, conforme o art. 18 da Lei 1.533/51, contra a decisão da Comissão de Anistia - devidamente aprovada pelo Ministro de Estado da Justiça, nos termos da Portaria 3.205, de 21/10/04 - segundo a qual já fora promovido na atividade ao posto a que teria direito, caso estivesse na ativa. 4. Ilegitimidade passiva ad causam do Ministro de Estado da Defesa e do Comandante da Marinha reconhecida. Processo extinto com resolução de mérito, em razão da decadência, no tocante ao Ministro da Justiça” (Mandado de Segurança n. 12.392/DF, Rel. Min. Arnaldo Esteves Lima, DJ 25.10.2007, fl. 580). 2. Em 6.3.2008, a União apresentou contra-razões ao Recurso Ordinário em Mandado de Segurança (fls. 645-651). 3. Em 13.3.2008, o presente Recurso Ordinário em Mandado de Segurança foi admitido pelo Ministro Humberto Gomes de Barros, Vice-Presidente do Superior Tribunal de Justiça (fl. 652-653), tendo sido publicada a decisão no DJ de 28.3.2008 (fl. 654). 4. Dê-se vista à Procuradoria-Geral da República (art. 35 da Lei n. 8.038/90 c/c o art. 52, inc. XIV, do Regimento Interno do Supremo Tribunal Federal). Publique-se. Brasília, 7 de maio de 2008. Ministra CÁRMEN LÚCIA Relatora","DECISÃO RECURSO ORDINÁRIO EM MANDADO DE SEGURANÇA. DIREITO ADMINISTRATIVO. MILITAR. PROMOÇÃO. VISTA À PROCURADORIA-GERAL DA REPÚBLICA.

1. Um militar, anistiado político, segundo a Lei 6.683/79 e a Emenda Constitucional 26/85, foi reformado no posto de Capitão-de-Mar-e-Guerra e busca sua promoção, na inatividade, ao posto de Vice-Almirante Intendente, a partir de 5/10/88, com proventos do grau hierárquico superior. Ele interpôs um mandado de segurança contra o Ministro de Estado da Defesa, o Comandante da Marinha e o Ministro de Estado da Justiça.

2. Apenas o Ministro da Justiça pode decidir sobre pedidos de anistia feitos após a Lei 10.559/2002, com o auxílio da Comissão de Anistia. O impetrante não apresentou o mandado no prazo de 120 dias, conforme a Lei 1.533/51.

3. A inlegitimidade passiva dos Ministros de Estado da Defesa e da Marinha foi reconhecida. O processo foi considerado extinto com resolução de mérito por decadência.

4. Em 6.3.2008, a União apresentou contra-razões ao recurso. Em 13.3.2008, o recurso foi admitido pelo Ministro Humberto Gomes de Barros, Vice-Presidente do STJ. A decisão foi publicada no DJ em 28.3.2008.

5. Dê-se vista à Procuradoria-Geral da República. Publique-se. Brasília, 7 de maio de 2008. Ministra CÁRMEN LÚCIA Relatora.",41648,57.48,64.12,6.640000000000008,0.8902043700218201,173,104,69,
"Petição/STF nº 44.966/2014 DECISÃO PROCESSO SUBJETIVO – BALIZAS – ORGANICIDADE DO DIREITO INSTRUMENTAL. 1. O Gabinete prestou as seguintes informações: Em 14 de maio de 2014, o Tribunal, à unanimidade, conheceu parcialmente do recurso e, nessa parte, por maioria, deu-lhe provimento nos termos do voto proferido por Vossa Excelência, ante fundamentos assim resumidos (folha 467): REPRESENTAÇÃO – ASSOCIADOS – ARTIGO 5º, INCISO XXI, DA CONSTITUIÇÃO FEDERAL. ALCANCE. O disposto no artigo 5º, inciso XXI, da Carta da República encerra representação específica, não alcançando previsão genérica do estatuto da associação a revelar a defesa dos interesses dos associados. TÍTULO EXECUTIVO JUDICIAL – ASSOCIAÇÃO – BENEFICIÁRIOS. As balizas subjetivas do título judicial, formalizado em ação proposta por associação, é definida pela representação no processo de conhecimento, presente a autorização expressa dos associados e a lista destes juntada à inicial. A publicação do acórdão ocorreu em 19 de setembro de 2014. Por meio da Petição/STF nº 44.986/2014, protocolada em 26 de setembro de 2014, a Associação Nacional dos Procuradores Federais – ANPAF interpõe embargos de declaração com efeitos modificativos, na qualidade de terceira prejudicada, arguindo a existência de contradições e omissões no julgado. Alega ser entidade de classe de âmbito nacional, representante da categoria dos procuradores federais, e ter formalizado, anteriormente ao referido julgamento, inúmeras demandas coletivas que poderão sofrer prejuízos. Busca a modulação dos efeitos, determinando-se, como marco inicial para o cumprimento dos preceitos estabelecidos, o trânsito em julgado do acórdão, com o fim de evitar que a decisão alcance as ações originárias e executivas em curso. Pleiteia que seja reconhecida a suficiência da autorização expressa constante no estatuto da Associação e que as autorizações individuais, ou assembleares, sejam exigidas apenas na fase de execução do título judicial. Caso Vossa Excelência assim não entenda, busca o recebimento da peça como direito de petição constitucional, nos termos do artigo 5º, inciso XXXIV, alínea “a”, da Carta Federal, requerendo a modulação dos efeitos da decisão, em face da mudança de orientação jurisprudencial, especialmente para fixar o marco temporal, de forma a garantir segurança jurídica aos processos que já estejam em tramitação. Apresenta procuração e documentos constitutivos. Indica o nome da advogada Mariana Prado Garcia de Queiroz Velho, OAB/DF nº 16.362, para constar das futuras intimações. Anoto que o mandado alusivo à intimação da Advocacia-Geral da União foi juntado em 25 de setembro de 2014. O processo está no Gabinete. 2. Observem a organicidade do Direito. A Associação Nacional dos Procuradores Federais – ANPAF não integra a relação processual. Daí a impropriedade de pedir a modulação dos efeitos do pronunciamento do Plenário. Vale frisar que não há campo propício para acionar o direito de petição previsto no artigo 5º, inciso XXXIV, alínea “a”, da Constituição Federal, presente a circunstância de o processo direcionar à observância das balizas subjetivas. 3. Devolvam a peça apresentada à requerente. 4. Publiquem. Brasília – residência –, 9 de outubro de 2014, às 11h55. Ministro MARCO AURÉLIO","O Gabinete forneceu as seguintes informações: Em 14 de maio de 2014, o Tribunal, unânime, conheceu parcialmente do recurso e, nessa parte, por maioria, deu provimento ao recurso conforme o voto de Vossa Excelência. O acórdão foi publicado em 19 de setembro de 2014. Por meio da Petição/STF nº 44.986/2014, protocolada em 26 de setembro de 2014, a ANPAF interpôs embargos de declaração com efeitos modificativos, como terceira prejudicada, argumentando contradições e omissões no julgado. A ANPAF é uma entidade de classe nacional, representante dos procuradores federais, e alega que várias demandas coletivas podem sofrer prejuízos. Solicita que os efeitos da decisão sejam modulados, com o trânsito em julgado como marco inicial para evitar que a decisão afete processos em andamento. Pede também que seja reconhecida a suficiência da autorização expressa no estatuto da Associação e que as autorizações individuais ou assembleares sejam exigidas apenas na fase de execução do título judicial. Se Vossa Excelência não concordar, pede o recebimento da peça como direito de petição constitucional, conforme artigo 5º, inciso XXXIV, alínea “a”, da Constituição Federal, solicitando a modulação dos efeitos da decisão por mudança de orientação jurisprudencial. A ANPAF apresentou procuração e documentos. Indicou a advogada Mariana Prado Garcia de Queiroz Velho, OAB/DF nº 16.362, para futuras intimações. O mandado de intimação da Advocacia-Geral da União foi juntado em 25 de setembro de 2014. O processo está no Gabinete.

Observa-se que a ANPAF não está na relação processual, portanto, não pode pedir a modulação dos efeitos do pronunciamento do Plenário. Não há campo para acionar o direito de petição previsto no artigo 5º, inciso XXXIV, alínea “a”, da Constituição Federal, pois o processo envolve a observância das balizas subjetivas.

Devolve a peça à requerente.

Publique. Brasília – residência –, 9 de outubro de 2014, às 11h55. Ministro MARCO AURÉLIO",138297,12.65,21.55,8.9,0.9341199994087219,244,169,75,
"DECISÃO REPERCUSSÃO GERAL. QUESTÃO SUSCETÍVEL DE REPRODUZIR-SE EM MÚLTIPLOS FEITOS. ART. 543-B DO CÓDIGO DE PROCESSO CIVIL. ART. 328, PARÁGRAFO ÚNICO, DO REGIMENTO INTERNO DO SUPREMO TRIBUNAL FEDERAL. DEVOLUÇÃO DOS AUTOS À ORIGEM. Relatório 1. Agravo nos autos principais contra decisão de inadmissão de recurso extraordinário, interposto com base no art. 102, inc. III, al. a, da Constituição da República contra o seguinte julgado do Tribunal de Justiça do Maranhão: “APELAÇÃO CÍVEL PRELIMINAR DE CERCEAMENTO DE DEFESA PELO JULGAMENTO ANTECIPADO DA LIDE. REJEITADA. PRELIMINAR AUSÊNCIA DE FUDAMENTAÇÃO DA SENTENÇA. REJEITADA. CONTRATAÇÃO TEMPORÁRIA. ART. 232 E SEGUINTES DA LEI N. 8.112/90. SERVIÇO EXCEPCIONAL DE INTERESSE PÚBLICO. RECENSEAMENTO. CONFIGURAÇÃO. CONTRATO REGIDO PELAS NORMAS DO DIREITO PÚBLICO. INEXISTÊNCIA DE ESTABILIDADE. INDENIZAÇÃO POR DANOS MORAIS E MATERIAIS. INEXISTÊNCIA DE ATO ILÍCITO. I - Se as provas existentes nos autos são suficientes ao convencimento do julgador, não há que se falar em cerceamento de defesa, nem se decreta a nulidade da sentença ante o julgamento antecipado da lide. II - A sentença que julgou improcedentes os pedidos na inicial, a meu ver, não carece de fundamentação. As razões que levaram o magistrado a decidir estão bem delineadas, conquanto não tenha dispensado inúmeras linhas para tanto, a Constituição Federal exige que as decisões judiciais sejam fundamentadas (CF, artigo 93, inciso IX). Não o julgador deva elaborar um tratado para resolver a questão, não induzindo cerceamento de direito de defesa, com violação ao postulado do devido processo legal. III - Nos termos do art. 233 da Lei n. 8.112/90, a atividade de 'Técnico Censitário’, desempenhada pelo Autor, enquadrava-se no inciso II do referido artigo, como sendo de necessidade temporária de excepcional interesse público, razão pela qual o contrato estabelecido entre o Autor e o IBGE deve ser regido pelas normas de direito administrativo. IV - A garantia da manutenção provisória no emprego de que trata o art. 118 da Lei n. 8.213/91 não beneficia os empregados admitidos nos contratos por prazo determinado. V - Inexistindo ato ilícito, não há o que se falar em condenação por danos morai e materiais. VI - Apelo conhecido e improvido.” (grifos nossos). Os embargos de declaração opostos pelo Agravante foram rejeitados. 2. O Agravante afirma que o Tribunal de origem teria contrariado os arts. 7º, caput e inc. XII, e 37, inc. IX, da Constituição da República. Argumenta que “A temporariedade do vínculo dos servidores públicos contratados com base no inciso IX do art. 37 da CF não pode mitigar a extensão dos direitos sociais previstos no art. 7º da CF, já que o ""princípio da máxima efetividade dos direitos fundamentais, dentre os quais inclui-se os direitos sociais constitui-se em norma de hermenêutica constitucional que visa privilegiar os direitos humanos. dando-lhes a maior eficácia possível. (…) É de sabença que os servidores temporários contratados não considerados estatutários, tampouco celetistas, já que não são regidos pela Consolidação das Leis Trabalhistas (CLT). No entanto, uma vez admitidos na forma do inc. IX do art. 37 da CF, vinculam-se ao RGPS e por conseguinte, fazem jus a todos os benefícios constantes desse regime, inclusive a estabilidade provisória por acidente de trabalho e os direitos sociais previstos no art. 7º da CF como já decidiu essa Suprema Corte”. 3. O recurso extraordinário foi inadmitido sob o seguinte fundamento: “Nas razões do presente apelo extraordinário, afirma o recorrente que os acórdãos hostilizados violaram o art. 7, caput e inc. XXII, da CF.(…) Contudo, vislumbro que o dispositivo constitucional constante no art. 37, caput, apontado como violado pelo recorrente, sequer foi objeto de debate no acórdão combatido, de modo que não preencheu o necessário requisito do prequestionamento, incidindo, dessa maneira, o óbice intransponível consubstanciado pela Súmula n. 282, do STF” (fl. 157, doc. 2). 4. A Procuradoria-Geral da República opinou: “Recurso extraordinário com agravo. Recenseador do IBGE. Contratação temporária. Serviço de excepcional interesse público. Pretendido reconhecimento de estabilidade provisória acidentária, em face dos direitos sociais do art. 39, § 3º, da CR. O STF, no ARE 646.000, reconheceu a repercussão geral do tema relativo à possibilidade de extensão do direito de férias e de 13º salário, previstos no art. 39, § 3º, da CR, aos servidores contratados na forma do art. 37, IX, da CR. Aplicação do art. 328, par. único, do RISTF, determinando- se a devolução dos autos ao Tribunal de origem, para a observância do disposto no art. 543-B do CPC. O acórdão recorrido diverge do STF, pois nega aos servidores contratados em caráter temporário a extensão dos direitos sociais do art. 7º da CR, nos moldes do art. 37, IX, do mesmo diploma legal. (...) Parecer pela devolução dos autos ao Tribunal de origem para que seja observado o disposto no art. 543-B do Código de Processo Civil. Caso assim não se entenda, é o parecer pelo provimento do agravo para parcial provimento do recurso extraordinário” (grifos nossos). Examinados os elementos havidos no processo, DECIDO. 5. O art. 544 do Código de Processo Civil, com as alterações da Lei n. 12.322/2010, estabeleceu que o agravo contra decisão que inadmite recurso extraordinário processa-se nos autos do processo, ou seja, sem a necessidade de formação de instrumento, sendo este o caso. Analisam-se, portanto, os argumentos postos no agravo, de cuja decisão se terá, na sequência, se for o caso, exame do recurso extraordinário. 6. Inicialmente, cumpre afastar o fundamento da decisão agravada, pois a matéria está prequestionada. 7. No acórdão recorrido, o Desembargador Relator afirmou: “Compulsando os autos, verifico às fls. 23/24 v. que o autor celebrou contrato com o IBGE em 26/02/2007, com vigência até 27/03/2007, tendo por objeto a prestação de serviços pertinentes à coleta de dados, nos termos do art. 323 da Lei 8.112/1990, com prorrogação até 31/08/2007, conforme Termo Aditivo à fl. 33, amparado na Cláusula Terceira do instrumento contratual. Com efeito, a Administração Pública, respaldada pelo art. 37, inciso IX, da Constituição Federal/1998, pode realizar contratações, por tempo determinado, com o intuito de atender necessidade temporária de excepcional interesse público, sendo esta matéria hoje disciplinada pela Lei 8.745/1993. Desta forma, o contrato celebrado pelo autor possui vínculo de natureza jurídico-adminstrativa, aplicando-se, no que couber, as regras do estatuto dos servidores públicos federais, não havendo falar em direito subjetivo à assinatura da CTPS nem em estabilidade provisória após o término da licença-saúde. (…) Ademais, conforme bem asseverou o MM Juiz a quo, inexistindo ato ilícito, não há o que se falar em condenação por danos morais, uma vez que o IBGE demonstrou ter recolhido a contribuição previdenciária e pago os valores devidos (fls. 126/132) e, ainda que de maneira intempestiva, encaminhado à Comunicação de Acidente de Trabalho ao INSS” (grifos nossos). 8. Este Supremo Tribunal reconheceu a repercussão geral da questão constitucional suscitada neste recurso ao analisar o Agravo em Recurso Extraordinário n. 646.000, Relator o Ministro Marco Aurélio. Em sua manifestação, o Ministro Relator afirmou: “SERVIDOR PÚBLICO. FUNÇÃO TEMPORÁRIA. EXTENSÃO DE DIREITOS DECORRENTES DA OCUPAÇÃO DE CARGO PÚBLICO. ADMISSÃO NA ORIGEM RECURSO EXTRAORDINÁRIO AGRAVO DE INSTRUMENTO PROVIDO. REPERCUSSÃO GERAL. (…) A 1ª Câmara Cível do Tribunal de Justiça do Estado de Minas Gerais, no julgamento da Apelação Cível n° 1.0145.09.557770-9/001, assentou a possibilidade de extensão do direito de férias acrescidas do terço constitucional e de 13º salário aos servidores e empregados públicos contratados na forma do artigo 37, inciso IX, da Carta Federal, sob vínculo trabalhista, para atender a necessidade temporária de excepcional interesse público. Concluiu que os direitos sociais constitucionalmente previstos seriam aplicáveis a todo trabalhador, independentemente da natureza do vínculo existente, ante o princípio da isonomia. O Estado de Minas Gerais, no extraordinário interposto com alegada base na alínea a do permissivo constitucional, articula com transgressão ao artigo 39, § 3º, do Diploma Maior. Sustenta que os direitos versados no citado artigo somente alcançariam servidores públicos ocupantes de cargos públicos efetivos, excluindo-se os que exercem função pública temporária. Aduz justificar-se o tratamento diferenciado pela natureza do vínculo jurídico entre as partes, que seria de contrato temporário de trabalho por excepcional interesse da administração pública. Ressalta estarem previstos todos os direitos da recorrida no referido contrato, motivo pelo qual inexigível qualquer outra parcela não constante daquele documento. Assevera ser nesse sentido a jurisprudência do Superior Tribunal de Justiça. Sob o ângulo da repercussão geral, diz da relevância do tema em discussão do ponto de vista jurídico, por estar em jogo o alcance do artigo 39, § 3º, da Lei Maior. Presente estaria a importância econômica, pois, caso mantida, a decisão impugnada acarretaria grave prejuízo aos entes que contratam servidores e empregados públicos por prazo determinado. (...) 2. A controvérsia é passível de repetir-se em inúmeros casos, possuindo repercussão social que se irradia considerada a Administração Pública. Cumpre ao Supremo definir o alcance do disposto no artigo 37, inciso IX, da Constituição Federal presentes aqueles que são arregimentados por meio de vínculo trabalhista ante necessidade temporária e excepcional do setor público” (DJe 28.6.2012, grifos nossos). Reconhecida a repercussão geral do tema, os autos deverão retornar à origem para aguardar o julgamento do mérito e, após a decisão, observar o disposto no art. 543-B do Código de Processo Civil. 9. Pelo exposto, dou provimento a este agravo para admitir o recurso extraordinário, determinando a observância do art. 543-B do Código de Processo Civil, nos termos do art. 328, parágrafo único, do Regimento Interno do Supremo Tribunal Federal. Publique-se. Brasília, 16 de maio de 2014. Ministra CÁRMEN LÚCIA Relatora","DECISÃO REPERCUSSÃO GERAL. QUESTÃO SUSCETÍVEL DE REPRODUZIR-SE EM MÚLTIPLOS FEITOS. ART. 543-B DO CÓDIGO DE PROCESSO CIVIL. ART. 328, PARÁGRAFO ÚNICO, DO REGIMENTO INTERNO DO SUPREMO TRIBUNAL FEDERAL. DEVOLUÇÃO DOS AUTOS À ORIGEM.

O agravo contra a decisão de inadmissão do recurso extraordinário foi julgado. O recurso foi inadmitido porque o acórdão recorrido violou alguns artigos da Constituição Federal. A questão está em disputa e pode surgir novamente em muitos casos, então precisa ser resolvida.

O relator disse que a contratação temporária de servidores públicos pode ter direitos sociais, como férias e 13º salário, conforme o artigo 37, inciso IX, da Constituição. O tribunal de origem negou esses direitos, mas o Supremo Tribunal Federal disse que isso não é correto.

Por isso, os autos devem ser devolvidos ao tribunal de origem para que ele reavalie a decisão com base no artigo 543-B do Código de Processo Civil. O recurso extraordinário foi admitido e a questão precisa ser resolvida para evitar que outros casos sejam afetados.",168032,32.5,32.71,0.21000000000000085,0.9257106781005859,568,97,471,
"DECISÃO PROCESSO SUBJETIVO – INTERVENÇÃO DE TERCEIRO –INADMISSÃO. 1. O assessor Dr. Alexandre Freire prestou as seguintes informações: O Município de Natal busca a admissão, no processo, como assistente litisconsorcial. Discorre sobre o mérito da controvérsia. Alega a relevância do tema em debate para os entes federativos municipais. Requer a extensão dos efeitos da liminar postulada pelo Estado do Rio Grande do Norte. 2. Muito embora a matéria versada na demanda seja de interesse do requerente, não há como ouvi-lo no processo, porquanto este ficaria inviabilizado consideradas a totalidade de Municípios existentes no Estado. Acresce o fato de a admissibilidade de terceiro correr à conta de concepção do Relator quanto à representatividade e aos esclarecimentos que possa prestar. 3. Ante o quadro, indefiro o pleito formalizado. Devolvam a peça ao requerente. 4. Publiquem. Brasília, 30 de maio de 2016. Ministro MARCO AURÉLIO Relator","DECISÃO – INTERVENÇÃO DE TERCEIRO – INADMISSÃO. 1. O assessor Dr. Alexandre Freire informou que o Município de Natal solicita a admissão no processo como assistente litisconsorcial, argumentando a importância do tema para os municípios. Requer também que a liminar proposta pelo Rio Grande do Norte tenha efeitos amplos. 2. Apesar da matéria ser de interesse do requerente, não é possível ouvi-lo porque envolveria todos os municípios do Estado, o que inviabilizaria o processo. Além disso, a admissão de terceiro depende da opinião do relator sobre representatividade e esclarecimentos. 3. Por isso, indefiro a solicitação. Devolva a peça ao requerente. 4. Publique. Brasília, 30 de maio de 2016. Ministro MARCO AURÉLIO Relator",183820,22.64,23.57,0.9299999999999997,0.9312072992324829,102,77,25,
"Decisão Por meio da Petição 49.923/2018 (doc. 16), a União informa que: (a) consta erro material na petição inicial da presente reclamação quanto à indicação do processo no âmbito do qual foram proferidas as decisões em favor de Aline Fabiana Campos Pereira, pois, em vez do Processo nº 0506194-72.2015.4.05.8401, as decisões citadas foram proferidas no bojo do Processo nº 0513990-20.2015.4.05.840 (fl. 2); e (b) ademais, a sentença foi proferida pelo juízo da 7ª Vara do Juizado Especial Federal da Seção Judiciária do Estado do Rio Grande do Norte, e não pelo juízo da 13ª, consoante indicado na petição inicial (fl. 2). Ao final, requer a retificação da petição inicial e, por conseguinte, da decisão monocrática para constar como ato reclamado o acórdão proferido pela Turma Recursal dos Juizados Especiais Federais do Rio Grande do Norte, nos autos do Processo nº. 0513990-20.2015.4.05.8400, cujo curso se deu, inicialmente, perante a 7ª Vara do Juizado Especial Federal da Seção Judiciária do Estado o Rio Grande do Norte (fl. 3). É o relatório. Decido. De fato, há erro material a ser sanado. Conforme assevera a parte autora, houve equívoco nas informações prestadas na petição inicial, o que gerou o presente desacerto. Isso porque, o ato reclamado refere-se à decisão proferida pela 7ª Vara do Juizado Especial Federal da Seção Judiciária do Estado do Rio Grande do Norte no Processo 0513990-20.2015.4.05.840, e não à sentença atribuída à 13ª Vara do Juizado Especial Federal no Processo 0506194-72.2015.4.05.8401. Diante do exposto, com base no art. 494, inciso I, do CPC, procedo à correção do erro material constante da parte dispositiva da decisão monocrática, de 25 de maio de 2018, que passa a ter a seguinte redação: Diante do exposto, com base no art. 161, parágrafo único, do Regimento Interno do Supremo Tribunal Federal, JULGO PROCEDENTE o pedido apenas para permanecer SUSPENSO o andamento do Processo 0513990-20.2015.4.05.840, em curso perante a 7ª Vara do Juizado Especial Federal da Seção Judiciária do Estado do Rio Grande do Norte. Publique-se. Brasília, 8 de agosto de 2018. Ministro Alexandre de Moraes Relator Documento assinado digitalmente","A União informa que há um erro na petição inicial da reclamação. As decisões referidas não foram tomadas no processo 0506194-72.2015.4.05.8401, mas no processo 0513990-20.2015.4.05.840. Além disso, a sentença foi proferida na 7ª Vara do Juizado Especial Federal do Rio Grande do Norte, e não na 13ª, conforme indicado na petição. Por isso, pede a correção da petição inicial e da decisão monocrática para refletir o acórdão da Turma Recursal dos Juizados Especiais Federais do Rio Grande do Norte no processo 0513990-20.2015.4.05.840. Decido que há erro material a ser corrigido. A parte autora cometeu um equívoco na petição inicial, o que gerou o desacerto. O ato reclamado é a decisão da 7ª Vara do Juizado Especial Federal no processo 0513990-20.2015.4.05.840, e não a sentença da 13ª Vara no processo 0506194-72.2015.4.05.8401. Com base no artigo 494, inciso I, do CPC, corrijo o erro na decisão monocrática de 25 de maio de 2018. A decisão fica com a seguinte redação: JULGO PROCEDENTE o pedido apenas para manter SUSPENSO o processo 0513990-20.2015.4.05.840, que está na 7ª Vara do Juizado Especial Federal do Rio Grande do Norte. Publique-se. Brasília, 8 de agosto de 2018. Ministro Alexandre de Moraes Relator Documento assinado digitalmente.",251531,52.04,73.2,21.160000000000004,0.9580690264701843,152,95,57,
"Decisão: Trata-se de agravo cujo objeto é a decisão que não admitiu recurso extraordinário interposto em face de acórdão de Tribunal de Justiça que deu provimento a agravo de instrumento, concedendo efeito suspensivo a decisão que determinou exclusão de todos os textos vinculados aos fatos narrados nos autos da ação indenizatória por danos morais cumulada com obrigação de fazer da base de buscas do google. No recurso extraordinário, com fundamento no permissivo constitucional do art. 102, III, a, aponta-se ofensa aos artigos 1º, III, 5º, X e XXXV e 93, IX, da Constituição Federal, por violação aos princípios da proteção da dignidade humana, da proporcionalidade e razoabilidade, da inafastabilidade do controle jurisdicional, bem como por contrariedade ao dever constitucional de fundamentação das decisões judiciais. O Supremo Tribunal Federal já se manifestou sobre os temas discutidos nestes autos. O Plenário desta Corte, ao julgar o ARE 833.248-RG, DJe de 20/02/2015, de Relatoria do Ministro Dias Toffoli, Tema 786, reconheceu a existência de repercussão geral da questão constitucional que versa sobre a aplicabilidade do direito ao esquecimento na esfera civil quando for invocado pela própria vítima ou pelos seus familiares, por considerar a harmonização dos princípios constitucionais da liberdade de expressão e do direito à informação com aqueles que protegem a dignidade da pessoa humana e a inviolabilidade da honra e da intimidade. Outrossim, este Tribunal, ao julgar o AI-QO-RG 791.292, de relatoria do Ministro Gilmar Mendes, DJe de 13.08.2010, assentou a repercussão geral do Tema 339, referente à negativa de prestação jurisdicional por ausência de fundamentação e reafirmou a jurisprudência segundo a qual o art. 93, IX, da Constituição Federal exige que o acórdão ou decisão sejam fundamentados, ainda que sucintamente, sem determinar, contudo, o exame pormenorizado de cada uma das alegações ou provas, nem que sejam corretos os fundamentos da decisão. Ante o exposto, em vista dos pronunciamentos do Supremo Tribunal Federal acerca dos temas suscitados neste recurso extraordinário com agravo, determino a remessa dos autos ao Tribunal de origem para adequação ao disposto no artigo 328 do RISTF. Publique-se. Brasília, 25 de abril de 2016. Ministro Edson Fachin Relator Documento assinado digitalmente","Decisão: Trata-se de recurso cujo objeto é a decisão que negou o direito de recorrer contra um acórdão do Tribunal de Justiça, que aceitou um agravo de instrumento e determinou a exclusão de textos relacionados a um caso judicial. No recurso extraordinário, alega-se que a decisão violou vários artigos da Constituição Federal, como o direito à dignidade, a proporcionalidade, o controle jurisdicional e a fundamentação das decisões judiciais. O Supremo Tribunal Federal já analisou esses temas em casos anteriores, reconhecendo que há repercussão geral sobre a aplicabilidade do direito ao esquecimento na área civil e reafirmando que as decisões devem ser fundamentadas, mesmo que de forma sucinta. Por isso, os autos serão remetidos ao Tribunal de origem para adequação às normas legais. Brasília, 25 de abril de 2016. Ministro Edson Fachin Relator Documento assinado digitalmente",205492,0.46,5.21,4.75,0.8860589265823364,195,94,101,
"DECISÃO: Trata-se de agravo cujo objeto é decisão que negou seguimento a recurso extraordinário interposto contra acórdão do Tribunal de Justiça do Estado de Roraima. Veja-se o seguinte trecho de ementa: “APELAÇÃO CÍVEL – MANDADO DE SEGURANÇA – DIREITO DO CONSUMIDOR – INVESTIGAÇÃO PRELIMINAR – PROCON ASSEMBLEIA – CRIAÇÃO POR RESOLUÇÃO – PRELIMINARES: ILEGITIMIDADE AD CAUSAM DA ASSEMBLEIA LEGISLATIVA – MATÉRIA DECIDIDA EM SEDE DE AGRAVO DE INSTRUMENTO – REJEIÇÃO – AUSÊNCIA DE FUNDAMENTAÇÃO DA SENTENÇA – REJEIÇÃO – NÃO CABIMENTO DO MANDADO DE SEGURANÇA – REJEIÇÃO – ARGUIÇÃO DE INCONSTITUCIONALIDADE - REJEIÇÃO – MÉRITO – INEXISTÊNCIA DE DIREITO LÍQUIDO E CERTO – ATO LEGAL – SEGURANÇA DENEGADA.” O recurso extraordinário busca fundamento no art. 102, III, a, da Constituição. A parte recorrente sustenta que “deve ser este recurso provido para restabelecer a concessão da segurança à Recorrente porque ilegal que Órgão ligado ao Poder Legislativo, como é o caso daquele onde atua a autoridade impetrada – PROCON ASSEMBLEIA – exerça o Poder de Polícia, atribuição constitucionalmente afetada ao Poder Executivo”. A decisão agravada negou seguimento ao recurso por entender que incide, no caso, o óbice da Súmula 284/STF. O Subprocurador-Geral da República Paulo Gustavo Gonet Branco opinou pelo desprovimento do agravo. Veja-se a ementa do parecer do Ministério Público Federal: “Recurso extraordinário com agravo. Agravo que se limita repisar os argumentos expendidos no extraordinário. A não impugnação específica dos fundamentos da decisão agravada e a deficiência na fundamentação do recurso atraem a incidência das Súmulas 283 e 284. Parecer pelo desprovimento do agravo.” Correto o parecer ministerial, que adoto como razões de decidir. O Supremo Tribunal Federal reconhece compatível com a Constituição a técnica da motivação per relationem (ARE 757.522 AgR, Rel. Min. Celso de Mello). Diante do exposto, com base no art. 544, § 4º, I, do CPC e no art. 21, § 1º, do RI/STF, não conheço do agravo. Publique-se. Brasília, 08 de março de 2016. Ministro Luís Roberto Barroso Relator","DECISÃO: Trata-se de recurso que pede a revisão de uma decisão que negou seguimento a um recurso extraordinário contra um acórdão do Tribunal de Justiça do Estado de Roraima. O recurso argumenta que o órgão PROCON ASSEMBLEIA, ligado ao Poder Legislativo, deve ter o poder de Polícia, atribuição do Poder Executivo. A decisão agravada negou o recurso por considerar que a Súmula 284 do STF se aplica. O Ministério Público Federal também defendeu a negação do agravo, argumentando que os fundamentos do recurso são fracos. Com base no CPC e no RI/STF, não conheci do agravo. Publique-se. Brasília, 08 de março de 2016. Ministro Luís Roberto Barroso Relator.",205353,12.21,41.92,29.71,0.8754233121871948,171,69,102,
"Decisão: Trata-se de recurso extraordinário interposto em face de acórdão de Tribunal de Justiça que negou provimento a apelação, mantendo a condenação da recorrente em pagamento de indenização por dano patrimonial correspondente a complementação acionária, em razão de contrato de participação financeira denominados “planos de expansão” de telefonia fixa. Nas razões recursais, com fundamento no permissivo constitucional do art. 102, III, a, aponta-se ofensa aos dispositivos do artigos 5º, caput e I da Constituição Federal, por violação aos princípios da isonomia e da prescrição. O Supremo Tribunal Federal já se manifestou sobre os temas discutidos nestes autos. Verifica-se que, ao julgar o AI-RG 729.263, de relatoria do Ministro Cezar Peluso, Dje de 16.10.2009, o Plenário desta Corte decidiu pela inexistência de repercussão geral do tema 178, que, tendo por objeto contrato de participação financeira e subscrição de ações de telefonia, com complementação dos títulos acionários, versa sobre matéria infraconstitucional, como a hipótese dos autos. Ademais, no que tange à responsabilidade civil por dano material em face de relações contratuais e extracontratuais, a Corte, no julgamento do ARE-RG 640.525, de relatoria do Ministro Cezar Peluso, DJe 31.08.2011 (Tema 417), decidiu pela inexistência de repercussão geral da questão suscitada, por se tratar de matéria infraconstitucional, tal como o caso dos autos. Ante o exposto, em vista dos pronunciamentos do Supremo Tribunal Federal acerca dos temas suscitados neste recurso extraordinário, determino a remessa dos autos ao Tribunal de origem para adequação ao disposto no artigo 328 do RISTF. Publique-se. Brasília, 15 de abril de 2016. Ministro Edson Fachin Relator Documento assinado digitalmente","Decisão: Trata-se de recurso extraordinário interposto contra a decisão de um tribunal que negou provimento a uma apelação, mantendo a condenação de alguém por pagar indenização por dano patrimonial, relacionada a um contrato chamado ""planos de expansão"" da telefonia fixa. O recurso afirma que há uma violação das leis básicas do país, porque o contrato não é justo e não respeita a igualdade e o prazo legal. O Supremo Tribunal Federal já analisou esses temas antes. No caso AI-RG 729.263, decidiu que o tema não gera repercussão geral, pois é uma questão menor. Também no caso ARE-RG 640.525, concluiu que a questão não gera repercussão geral, porque também é uma questão menor. Por isso, os autos serão remetidos ao tribunal original para ajustes conforme o artigo 328 do RISTF. Publique-se. Brasília, 15 de abril de 2016. Ministro Edson Fachin Relator Documento assinado digitalmente",183990,11.3,38.42,27.12,0.838550865650177,143,93,50,
"Decisão: Trata-se de agravo contra decisão de inadmissibilidade de recurso extraordinário em face de acórdão que entendeu pela aplicação dos efeitos da revelia no caso, visto que a parte, embora citada e intimada para comparecer em audiência de conciliação, manteve-se inerte (fls. 91-92). No recurso extraordinário, interposto com fundamento no art. 102, inciso III, alínea a, da Constituição Federal, sustenta-se violação dos artigos 5º, XXIII, XXXV, LIV e LV; e 6º do texto constitucional. Aponta-se que a parte recorrente não contestou a ação devido a sua incapacidade de ler. Alega-se ainda que apenas teve ciência da presente demanda quando intimada da sentença. É o relatório. Decido. A irresignação não merece prosperar. Inicialmente, com relação à alegada ofensa ao artigo 5º, XXXV, da Constituição Federal, observo que esta Corte já apreciou a matéria por meio do regime da repercussão geral, no julgamento do AI-QO-RG 791.292, de minha relatoria, DJe 13.8.2010. Nessa oportunidade, este Tribunal reconheceu a existência de repercussão geral do tema e reafirmou a jurisprudência do Supremo Tribunal Federal no sentido de que o acórdão ou decisão devem ser fundamentados, ainda que sucintamente, sem estabelecer, todavia, o exame pormenorizado de cada uma das alegações ou provas. Ademais, divergir do entendimento adotado pelo Tribunal de origem acerca dos efeitos da revelia, demandaria a interpretação de legislação infraconstitucional aplicável à espécie, de modo que a ofensa à Constituição, se existente, seria reflexa ou indireta, o que inviabiliza o processamento do presente recurso. Quanto ao tema, confiram-se os seguintes julgados: “AGRAVO REGIMENTAL NO RECURSO EXTRAORDINÁRIO COM AGRAVO. PROCESSUAL CIVIL. REVELIA. EXAME DE MATÉRIA INFRACONSTITUCIONAL. IMPOSSIBILIDADE. ALEGADA CONTRARIEDADE AO ART. 5º, LIV, DA CONSTITUIÇÃO. OFENSA REFLEXA. VIOLAÇÃO AO ART. 93, IX, DA CONSTITUIÇÃO. INOCORRÊNCIA. ACÓRDÃO RECORRIDO DEVIDAMENTE FUNDAMENTADO. AGRAVO IMPROVIDO. I - A análise da questão atinente à aplicabilidade do instituto da revelia e seus efeitos demandaria o exame da legislação infraconstitucional, sendo certo que eventual ofensa à Constituição seria meramente indireta. Incabível, portanto, o extraordinário. Precedentes. II - O Tribunal, por meio de remansosa jurisprudência, entende que, em regra, a alegação de ofensa aos princípios do devido processo legal, da ampla defesa, do contraditório e da prestação jurisdicional, quando dependente de exame prévio de normas infraconstitucionais, configura situação de ofensa reflexa ao texto constitucional, o que inviabiliza o conhecimento do recurso extraordinário. Precedentes. III - Não há contrariedade ao art. 93, IX, da Constituição quando o acórdão recorrido encontra-se suficientemente fundamentado. Precedentes. IV - Agravo regimental improvido”. (ARE 672.763-AgR-segundo/SP, Rel. Min. Ricardo Lewandowski, Segunda Turma, DJe 15.4.2013) “Agravo regimental no recurso extraordinário. Negativa de prestação jurisdicional. Não ocorrência. Princípios do contraditório e da ampla defesa. Revelia. Efeitos. Legislação infraconstitucional. Ofensa reflexa. Reexame de fatos e provas. Impossibilidade. Precedentes. 1. A jurisdição foi prestada pelo Tribunal de origem mediante decisão suficientemente fundamentada. 2. A afronta aos princípios da legalidade, do devido processo legal, da ampla defesa e do contraditório, dos limites da coisa julgada e da prestação jurisdicional, quando depende, para ser reconhecida como tal, da análise de normas infraconstitucionais, configura apenas ofensa indireta ou reflexa à Constituição da República. 3. Inadmissível, em recurso extraordinário, a análise da legislação infraconstitucional e o reexame de fatos e provas dos autos. Incidência das Súmulas nºs 636 e 279/STF. 4. Agravo regimental não provido”. (RE 595.185-AgR/MG, Rel. Min. Dias Toffoli, Primeira Turma, DJe 21.6.2012) No tocante à suposta ofensa ao princípio da ampla defesa e do contraditório, observo que o Supremo Tribunal Federal já apreciou a matéria no ARE-RG 748.371 (Tema 660), de minha relatoria, DJe 1º.8.2013, oportunidade em que rejeitou a repercussão geral, tendo em vista a natureza infraconstitucional da questão quando a solução depender da prévia análise da adequada aplicação das normas infraconstitucionais. Ante o exposto, conheço do presente agravo para negar-lhe provimento (art. 544, § 4º, II, “a”, do CPC). Publique-se. Brasília, 27 de agosto de 2014. Ministro Gilmar Mendes Relator Documento assinado digitalmente","Decisão: Trata-se de recurso contra a decisão que achou o recurso extraordinário inadmissível, porque a parte, embora citada e intimada para comparecer em audiência de conciliação, não compareceu. O recurso foi interposto com base no artigo 102, inciso III, alínea a, da Constituição Federal, alegando violação dos arts. 5º, XXIII, XXXV, LIV e LV; e 6º da Constituição. A parte afirma que não contestou a ação por não poder ler e só soube da demanda quando foi intimada. Decido: a irresignação não merece prosperar. A Corte já analisou o tema anteriormente, reafirmando que o acórdão deve ser fundamentado, mesmo que brevemente, sem exame detalhado. Divergir do entendimento da origem seria interpretar uma lei secundária, o que não permite o recurso. Também não há ofensa aos princípios do contraditório e da ampla defesa, pois a jurisprudência já rejeita essa possibilidade. O agravo é improvido. Brasília, 27 de agosto de 2014. Ministro Gilmar Mendes Relator Documento assinado digitalmente.",179701,18.25,23.66,5.41,0.8652101159095764,274,108,166,
"Decisão Vistos. Trata-se de embargos de declaração opostos pelo Instituto de Previdência dos Servidores do Estado do Rio Grande do Norte – IPE/RN contra a decisão monocrática proferida pelo eminente Ministro Sepúlveda Pertence, que acolheu o recurso extraordinário por ele interposto, para decretar a improcedência da ação, determinando a inversão do ônus da sucumbência. Alegou a embargante que tal decisão padece de obscuridades, pois não especificou a forma de cálculo da verba honorária e tampouco explicitou se essa condenação recairia sobre cada um dos litigantes, de forma independente. Decido. Conheço dos embargos, vez que tempestivos e lhes dou provimento, em parte, pois a decisão embargada, de fato, padece de obscuridade. Ao acolher o recurso interposto pelo embargante, tal decisão acabou por redundar na integral rejeição da pretensão deduzida pelos embargados, autores da ação, fato a acarretar, por consequência, que sobre eles recaísse o ônus da sucumbência, tendo a decisão embargada determinado, quanto a tal aspecto, apenas a inversão do quanto restara fixado na origem. Porém, inviável se mostra sua fixação da forma como disposta pelo acórdão reformado, porque esse mantinha disposição da sentença que dispunha sobre percentual a incidir sobre a condenação, a qual foi afastada pela decisão proferida pelo acórdão ora embargado. Por conseguinte, quanto a tal especto, os embargos merecem provimento, para que os embargados sejam condenados no pagamento de honorários de advogado, arbitrados nos termos do artigo 20, § 4º, do Código de Processo Civil, que ora fixo em R$ 1.000,00. E como a ação foi proposta, em litisconsórcio facultativo, por diversos autores, a condenação no ônus da sucumbência que sobre eles recai, deve dar-se de forma solidária, inaplicável, na espécie, para fins de fixação de verba honorária, a norma do artigo 48 do Código de Processo Civil Ante o exposto, dou parcial provimento aos embargos, para condenar os embargados no pagamento de honorários de advogado, que arbitro, nos termos do artigo 20, § 4º, do Código de Processo Civil, em R$ 1.000,00, observada, quanto à sua execução, a gratuidade judiciária de que são beneficiários (folha 88). Publique-se. Brasília, 9 de novembro de 2010. MINISTRO DIAS TOFFOLI RELATOR","O Instituto de Previdência dos Servidores do Rio Grande do Norte (IPE/RN) apresentou embargos de declaração contra uma decisão que rejeitou a ação, determinando que o ônus da sucumbência recaísse sobre os autores. O IPE/RN argumenta que a decisão não especificou como calcular as verbas honorárias e se aplicariam aos litigantes. A decisão foi parcialmente acolhida, pois a forma de cálculo das honorários não foi definida. Assim, os autores da ação serão condenados a pagar R$ 1.000,00 em honorários de advogado, nos termos do artigo 20, §4º, do Código de Processo Civil. Como a ação foi proposta por vários autores, a condenação será solidária.",84301,13.64,27.94,14.3,0.8282301425933838,177,71,106,
"Trata-se de arguição de descumprimento de preceito fundamental, com pedido de medida liminar, proposta pelos Governadores do Estado de Pernambuco, do Estado de Sergipe, do Estado do Piauí, do Estado do Ceará, do Estado de Alagoas, do Estado da Bahia, do Estado do Maranhão, do Estado do Rio Grande do Norte e do Estado da Paraíba, contra o art. 15, § 1º, da Lei 9.424/1996 e o art. 2º da Lei 9.766/1998, ambos alterados pela Lei 10.832/2003, por afronta ao preceito fundamental contido nos artigos 149 e 212, § 6º, da Constituição Federal. De acordo com os arguentes: “o conjunto normativo resultante dos dispositivos do art. 15, § 1º, Lei federal nº 9.424, de 24 de dezembro de 1996, e do art. 2º da Lei federal nº 9.766, de 18 de dezembro de 1998, ambos alterados pela Lei nº 10.832, de 29 de dezembro de 2003 (...). (...) Conforme se demonstrará, tais dispositivos legais têm sido interpretados de modo que a distribuição de cotas estaduais, relativas à cobrança do salário-educação, leva em consideração não só o critério constitucional do número de alunos matriculados, mas também o da origem da fonte de arrecadação, em violação à norma do art. 212, § 6º, da Constituição Federal, que consubstancia um preceito fundamental ao direito à educação” (fl. 3-4). Os dispositivos contestados da Lei 9.424/1996 possuem a seguinte redação: “Art 15. O Salário-Educação, previsto no art. 212, § 5º, da Constituição Federal e devido pelas empresas, na forma em que vier a ser disposto em regulamento, é calculado com base na alíquota de 2,5% (dois e meio por cento) sobre o total de remunerações pagas ou creditadas, a qualquer título, aos segurados empregados, assim definidos no art. 12, inciso I, da Lei nº 8.212, de 24 de julho de 1991. (Vide Decreto nº 6.003, de 2006) § 1o O montante da arrecadação do Salário-Educação, após a dedução de 1% (um por cento) em favor do Instituto Nacional do Seguro Social - INSS, calculado sobre o valor por ele arrecadado, será distribuído pelo Fundo Nacional de Desenvolvimento da Educação - FNDE, observada, em 90% (noventa por cento) de seu valor, a arrecadação realizada em cada Estado e no Distrito Federal, em quotas, da seguinte forma: (Redação dada pela Lei nº 10.832, de 29.12.2003) I - Quota Federal, correspondente a um terço do montante de recursos, que será destinada ao FNDE e aplicada no financiamento de programas e projetos voltados para a universalização do ensino fundamental, de forma a propiciar a redução dos desníveis sócio-educacionais existentes entre Municípios, Estados, Distrito Federal e regiões brasileiras; II – Quota Estadual e Municipal, correspondente a 2/3 (dois terços) do montante de recursos, que será creditada mensal e automaticamente em favor das Secretarias de Educação dos Estados, do Distrito Federal e dos Municípios para financiamento de programas, projetos e ações do ensino fundamental. (Redação dada pela Lei nº 10.832, de 29.12.2003) § 2º (Vetado) § 3º Os alunos regularmente atendidos, na data da edição desta Lei, como beneficiários da aplicação realizada pelas empresas contribuintes, no ensino fundamental dos seus empregados e dependentes, à conta de deduções da contribuição social do Salário-Educação, na forma da legislação em vigor, terão, a partir de 1º de janeiro de 1997, o benefício assegurado, respeitadas as condições em que foi concedido, e vedados novos ingressos nos termos do art. 212, § 5º, da Constituição Federal”. O art. 2º da Lei 9.766/1998, também arguido, possui o seguinte teor: “Art. 2º A Quota Estadual e Municipal do Salário-Educação, de que trata o § 1º e seu inciso II do art. 15 da Lei nº 9.424, de 24 de dezembro de 1996, será integralmente redistribuída entre o Estado e seus Municípios de forma proporcional ao número de alunos matriculados no ensino fundamental nas respectivas redes de ensino, conforme apurado pelo censo educacional realizado pelo Ministério da Educação” (fl. 3). Por sua vez, os paradigmas constitucionais diretamente afrontados seriam os artigos 149 e 212, § 6º, da Constituição Federal, in verbis: “Art. 149. Compete exclusivamente à União instituir contribuições sociais, de intervenção no domínio econômico e de interesse das categorias profissionais ou econômicas, como instrumento de sua atuação nas respectivas áreas, observado o disposto nos arts. 146, III, e 150, I e III, e sem prejuízo do previsto no art. 195, § 6º, relativamente as contribuições a que alude o dispositivo”. “Art. 212. A União aplicará, anualmente, nunca menos de dezoito, e os Estados, o Distrito Federal e os Municípios vinte e cinco por cento, no mínimo, da receita resultante de impostos, compreendida a proveniente de transferências, na manutenção e desenvolvimento do ensino. (...) § 6º As cotas estaduais e municipais da arrecadação da contribuição social do salário-educação serão distribuídas proporcionalmente ao número de alunos matriculados na educação básica nas respectivas redes públicas de ensino”. Aduzem os arguentes que “A fundamentalidade do preceito do art. 212, § 6º, da Constituição, pois, revela-se sob dois aspectos distintos, pelo menos. Primeiro, porque a repartição de recursos federais para os Estados tem profundo significado no que toca à autonomia financeira e administrativa de cada um dos Entes Federados, de sorte que qualquer diferença em tais percentuais tem o condão de gerar grave repercussão no Pacto Federativo, que constitui uma cláusula pétrea do nosso sistema constitucional (art. 60, § 4º, I, CF/88). Esse aspecto, aliás, como visto, é o que atribui legitimidade e interesse processual ao Estado na propositura da presente Arguição. Segundo, porque se cuida de norma-garantia essencial à efetivação do direito fundamental à educação dos cidadãos. Sem dúvida alguma, trata-se de um preceito fundamental que, inserido no âmbito de atuação do segmento constitucional da educação, viabiliza a estruturação desse direito fundamental, guardando com ele estrita relação de interdependência. Por esse motivo, é importante destacar que o constituinte originário erigiu o investimento em educação à condição de princípio sensível (art. 34, VII, ‘e’) a autorizar a intervenção federal e/ou estadual no caso da não aplicação do mínimo exigido da receita dos impostos, tamanha a importância do direito à educação para a ordem constitucional brasileira” (fls. 5-6). Em relação à inexistência de outro meio eficaz para reparar a lesão, sustentaram os arguentes que “é pacífica a jurisprudência do Supremo Tribunal Federal quanto à impossibilidade de utilizar-se uma ADI para questionar a validade de ato normativo cuja vigência seja anterior à do texto Constitucional, seja originário ou decorrente (produto de emenda à Constituição). (...) Ora, no presente caso, a ADPF é interposta em face de Leis federais editadas em 24 de dezembro de 1996 (Lei nº 9.424) e em 18 de dezembro de 1998 (Lei nº 9.766), ambas posteriormente alteradas pela Lei nº 10.832, de 2003. Todas elas, pois, são anteriores à edição do parâmetro constitucional invocado, isto é, da norma do art. 212, § 6º, da Constituição, que foi introduzido no Texto Constitucional pela Emenda Constitucional nº 53, de 2006” (fl. 7). Postulam a suspensão da interpretação ora questionada, pois o fumus boni iuris e o periculum in mora teriam sido demonstrados (fl. 14). Por fim, pleiteiam que “seja, no mérito, julgado totalmente procedente o pedido da presente Arguição de Descumprimento de Preceito Fundamental para, procedendo à interpretação conforme do conjunto normativo compreendido pelo art. 15, §1º, da Lei federal nº 9.424, de 1996, e do art. 2º da Lei federal nº 9.766, de 1988, ambas alteradas pela Lei nº 10.832, de 2003, determinar que as cotas estaduais e municipais cabíveis, a título de salário-educação, sejam integralmente distribuídas, observando-se tão-somente a proporcionalidade do número de alunos matriculados de forma linear” (fl. 15). É o relatório. Passo a decidir. Preliminarmente, reconheço a legitimidade dos arguentes para propor a presente ação, conforme dispõe o § 1º do inciso III do art. 102 da Constituição e inciso I do art. 2º da Lei 9.882/1999. Antes mesmo de examinar a admissibilidade da presente arguição de descumprimento de preceito fundamental, passo a decidir o pedido liminar. Em uma primeira análise dos autos, entendo que os requisitos que ensejam a concessão da medida liminar não se encontram presentes. Verifico que o atendimento à pretensão liminar da arguente poderia acarretar em desrespeito ao princípio da segurança jurídica que, no dizer de Celso Antonio Bandeira de Mello, tem por escopo “evitar alterações surpreendentes que instabilizem a situação dos administrados, bem como minorar os efeitos traumáticos que resultam de novas disposições jurídicas que alcançaram situações em curso”. 1 O pedido de interpretação conforme do conjunto normativo do art. 15, § 1º, da Lei 9.424/1996 e o art. 2º da Lei 9.766/1998 para se determinar que as cotas estaduais e municipais cabíveis, a título de salário-educação, sejam integralmente distribuídas, observando-se apenas a proporcionalidade do número de alunos matriculados, possui nítida natureza satisfativa, e, dessa forma, deve ser analisado em momento oportuno, em eventual julgamento de mérito. Assim, na fase em que se encontra a presente ação é necessário ouvir a manifestação do Procurador-Geral da República sobre o mérito da ação, que poderá se pronunciar sobre o próprio cabimento desta arguição de descumprimento de preceito fundamental. Isso posto, em juízo de mera delibação e sem prejuízo de reexame do tema em momento processual oportuno, indefiro o pedido de medida liminar. Após, decidirei sobre a admissibilidade da presente arguição de descumprimento de preceito fundamental. Nos termos do § 2º do art. 5º da Lei 9.882/1999, solicitem-se prévias informações à autoridade responsável pelo ato questionado. Ouça-se a Advocacia-Geral da União e, imediatamente após, a Procuradoria-Geral da República. Publique-se. Brasília, 10 de setembro de 2009. Ministro RICARDO LEWANDOWSKI - Relator – Referências Bibliográficas 1 MELLO, Celso Antonio Bandeira de. Curso de Direito Administrativo. São Paulo: Malheiros, 19. ed. 2005, p. 75-76. 1","Os governadores de Pernambuco, Sergipe, Piauí, Ceará, Alagoas, Bahia, Maranhão, Rio Grande do Norte e Pará apresentaram uma arguição contra o art. 15, § 1º, da Lei 9.424/1996 e o art. 2º da Lei 9.766/1998, que foram alterados pela Lei 10.832/2003. Eles alegam que essas leis violam o art. 212, § 6º, da Constituição Federal, que é um preceito fundamental para a educação.

A lei 9.424/1996 diz que o Salário-Educação é calculado com base em 2,5% do salário dos funcionários e depois distribuído entre estados e municípios. O artigo 2º da lei 9.766/1998 prevê que a quota estadual e municipal seja redistribuída proporcionalmente ao número de alunos matriculados.

Os arguentes dizem que essas leis distribuem o salário-educação considerando não só o número de alunos, mas também onde a dinheiro vem. Isso viola a norma constitucional que exige que a distribuição seja baseada apenas no número de alunos.

Eles argumentam que o artigo 212, § 6º, da Constituição é fundamental para a educação e que a interpretação atual das leis é inadequada. Além disso, não há outro meio eficaz para corrigir essa lesão, então pedem uma medida liminar.

O juiz reconheceu a legitimidade dos arguentes, mas decidiu que o pedido de medida liminar não pode ser concedido porque isso poderia afetar a segurança jurídica. O caso será julgado em mérito, com a participação da Procuradoria-Geral da República.",52778,23.54,35.59,12.050000000000004,0.8787410855293274,548,124,424,
"Trata-se de recurso extraordinário interposto contra acórdão que possui a seguinte ementa: “RECURSO ORDINÁRIO EM AÇÃO RESCISÓRIA. I. PEDIDO DE CORTE RESCISÓRIO COM FUNDAMENTO NO ART. 485, IV, DO CPC. COISA JULGADA FORMADA NO MESMO PROCESSO EM QUE PROFERIDA A DEC!SÃO RESCINDENDA. IMPOSSIBILIDADE JURÍDICA DO PEDIDO. Consoante O.J. nº 157 da SBDI-2 'a ofensa à coisa julgada de que trata o art. 485, IV, do CPC refere-se apenas a relações processuais distintas. A invocação de desrespeito à coisa julgada formada no processo de conhecimento, na correspondente fase de execução, somente é possível com base na violação do art. 5 ° , XXXVI, da Constituição da República'. No caso em exame, o Autor alega violação da coisa julgada formada na mesma reclamação trabalhista, uma vez que invoca suposta inobservância do título executivo judicial, pelo TRT, ao proferir acórdão em agravo de petição, sendo essa a decisão apontada como rescindenda. Nessa esteira, o pedido de corte rescisório com fundamento no art. 485, IV, do CPC revela-se juridicamente impossível. Pretensão descontitutiva extinta sem resolução do mérito, no particular. II. PEDIDO DE CORTE RESCISÓRIO COM FUNDAMENTO NO ART. 485, V, DO CPC. VIOLAÇÃO DOS ARTIGOS 467 E 468 DO CPC E 5º, XXXVI, DA CONSTITUIÇÃO FEDERAL. NÃO CONFIGURAÇÃO. Nos termos da O.J. N° 123 da SBDI-2 'o acolhimento da ação rescisória calcada em ofensa à coisa julgada supõe dissonância patente entre as decisões exequenda e rescindenda, o que não se verifica quando se faz necessária a interpretação do título executivo judicial para se' concluir pela lesão à coisa julgada'. No caso dos autos, o TRT, no acórdão rescindendo, não emitiu tese de forma a contrastar frontalmente com os termos do título executivo, 'mas apenas interpretou a sentença exequenda. Tem-se, portanto, que o pedido formulado pelo Autor remete necessariamente à interpretação da decisão exequenda, o que é inviável por meio de ação rescisória. Recurso ordinário não provido” (págs. 370-371 do documento eletrônico 1). Neste RE, fundado no art. 102, III, a, da Constituição, alegou-se ofensa ao art. 5º, XXXVI, da mesma Carta. A pretensão recursal não merece acolhida. O Pleno desta Corte, quando do julgamento do AI 751.478/SP, Rel. Min. Dias Toffoli, decidiu pela inexistência de repercussão geral do tema referente aos pressupostos de admissibilidade da ação rescisória, por se tratar de matéria infraconstitucional. Essa decisão vale para todos os recursos sobre matéria idêntica, consoante determinam os arts. 326 e 327, § 1º, do RISTF e o art. 543-A, § 5º, do CPC, introduzido pela Lei 11.418/2006. Por oportuno, trago à colação a ementa do referido julgado: “DIREITO DO TRABALHO. PRESSUPOSTOS DE ADMISSIBILIDADE DE AÇÃO RESCISÓRIA. MATÉRIA RESTRITA AO PLANO INFRACONSTITUCIONAL. AUSÊNCIA DE REPERCUSSÃO GERAL”. Além disso, este Tribunal tem se orientado no sentido de que a discussão em torno dos limites objetivos da coisa julgada, matéria de legislação ordinária, não dá ensejo à abertura da via extraordinária. Nesse sentido, transcrevo ementas de julgados de ambas as Turmas desta Corte: “Agravo regimental no agravo de instrumento. Princípios do devido processo legal, do contraditório e da ampla defesa. Ofensa reflexa. Prescrição. Ato administrativo. Ofensa reflexa. Serventuária da Justiça. Oficial de Registro. Concurso público. Necessidade. Precedentes. 1. A afronta aos princípios do devido processo legal, da ampla defesa e do contraditório, dos limites da coisa julgada e da prestação jurisdicional, quando depende, para ser reconhecida como tal, da análise de normas infraconstitucionais, configura apenas ofensa indireta ou reflexa à Constituição da República. 2. A questão relativa à incidência da prescrição está restrita à interpretação da legislação infraconstitucional pertinente e ao exame das provas dos autos, operações vedadas em sede de recurso extraordinário. Incidência das Súmulas nºs 279 e 636 desta Corte. 3. Inviabilidade de efetivação em cargo de oficial de registro de serventia notarial, depois da entrada em vigor da Constituição Federal de 1988, sem a realização de concurso público. Agravo regimental não provido” (AI 769.553-AgR/SC, Rel. Min. Dias Toffoli, Primeira Turma). “AGRAVO REGIMENTAL EM RECURSO EXTRAORDINÁRIO COM AGRAVO. DECISÃO QUE NÃO EXAMINA O MÉRITO DO MANDADO DE SEGURANÇA POR CONSTATAR A OCORRÊNCIA DE LITISPENDÊNCIA E COISA JULGADA. MATÉRIA INFRACONSTITUCIONAL. AGRAVO IMPROVIDO. I – Se a decisão de origem limitou-se a verificar, no caso concreto, a ocorrência de coisa julgada e litispendência a impedir o exame da matéria de fundo debatida no Mandado de Segurança, não há falar em questão constitucional que possibilite o conhecimento do extraordinário. Nessas circunstâncias, o tema decidido é exclusivamente infraconstitucional. II – Agravo regimental improvido” (ARE 717.630-AgR/SC, de minha relatoria, Segunda Turma). No mesmo sentido, cito os seguintes precedentes, entre outros: AI 779.104-AgR-ED/SC, Rel. Min. Rosa Weber; AI 769.434-AgR/SC, Rel. Min. Marco Aurélio; ARE 727.207-AgR/SC e RE 633.709/SC, Rel. Min. Teori Zavascki; AI 693.928-AgR/SC, de minha relatoria. Isso posto, nego seguimento ao recurso (CPC, art. 557, caput). Publique-se. Brasília, 20 de maio de 2014. Ministro RICARDO LEWANDOWSKI - Relator -","O recurso foi interposto contra um acórdão que dizia: ""RECURSO ORDINÁRIO EM AÇÃO RESCISÓRIA. I. PEDIDO DE CORTE RESCISÓRIO COM FUNDAMENTO NO ART. 485, IV, DO CPC. COISA JULGADA FORMADA NO MESMO PROCESSO EM QUE PROFERIDA A DECISÃO RESCINDENDA. IMPOSSIBILIDADE JURÍDICA DO PEDIDO. Consoante O.J. nº 157 da SBDI-2 'a ofensa à coisa julgada de que trata o art. 485, IV, do CPC refere-se apenas a relações processuais distintas. A invocação de desrespeito à coisa julgada formada no processo de conhecimento, na correspondente fase de execução, somente é possível com base na violação do art. 5 ° , XXXVI, da Constituição da República'. No caso em exame, o Autor alega violação da coisa julgada formada na mesma reclamação trabalhista, uma vez que invoca suposta inobservância do título executivo judicial, pelo TRT, ao proferir acórdão em agravo de petição, sendo essa a decisão apontada como rescindenda. Nessa esteira, o pedido de corte rescisório com fundamento no art. 485, IV, do CPC revela-se juridicamente impossível. Pretensão descontitutiva extinta sem resolução do mérito, no particular. II. PEDIDO DE CORTE RESCISÓRIO COM FUNDAMENTO NO ART. 485, V, DO CPC. VIOLAÇÃO DOS ARTIGOS 467 E 468 DO CPC E 5º, XXXVI, DA CONSTITUIÇÃO FEDERAL. NÃO CONFIGURAÇÃO. Nos termos da O.J. N° 123 da SBDI-2 'o acolhimento da ação rescisória calcada em ofensa à coisa julgada supõe dissonância patente entre as decisões exequenda e rescindenda, o que não se verifica quando se faz necessária a interpretação do título executivo judicial para se' concluir pela lesão à coisa julgada'. No caso dos autos, o TRT, no acórdão rescindendo, não emitiu tese de forma a contrastar frontalmente com os termos do título executivo, 'mas apenas interpretou a sentença exequenda. Tem-se, portanto, que o pedido formulado pelo Autor remete necessariamente à interpretação da decisão exequenda, o que é inviável por meio de ação rescisória. Recurso ordinário não provido” (págs. 370-371 do documento eletrônico 1). Neste RE, fundado no art. 102, III, a, da Constituição, alegou-se ofensa ao art. 5º, XXXVI, da mesma Carta. A pretensão recursal não merece acolhida. O Pleno desta Corte, quando do julgamento do AI 751.478/SP, Rel. Min. Dias Toffoli, decidiu pela inexistência de repercussão geral do tema referente aos pressupostos de admissibilidade da ação rescisória, por se tratar de matéria infraconstitucional. Essa decisão vale para todos os recursos sobre matéria idêntica, consoante determinam os arts. 326 e 327, § 1º, do RISTF e o art. 543-A, § 5º, do CPC, introduzido pela Lei 11.418/2006. Por oportuno, trago à colação a ementa do referido julgado: “DIREITO DO TRABALHO. PRESSUPOSTOS DE ADMISSIBILIDADE DE AÇÃO RESCISÓRIA. MATÉRIA RESTRITA AO PLANO INFRACONSTITUCIONAL. AUSÊNCIA DE REPERCUSSÃO GERAL”. Além disso, este Tribunal tem se orientado no sentido de que a discussão em torno dos limites objetivos da coisa julgada, matéria de legislação ordinária, não dá ensejo à abertura da via extraordinária. Nesse sentido, transcrevo ementas de julgados de ambas as Turmas desta Corte: “Agravo regimental no agravo de instrumento. Princípios do devido processo legal, do contraditório e da ampla defesa. Ofensa reflexa. Prescrição. Ato administrativo. Ofensa reflexa. Serventuária da Justiça. Oficial de Registro. Concurso público. Necessidade. Precedentes. 1. A afronta aos princípios do devido processo legal, da ampla defesa e do contraditório, dos limites da coisa julgada e da prestação jurisdicional, quando depende, para ser reconhecida como tal, da análise de normas infraconstitucionais, configura apenas ofensa indireta ou reflexa à Constituição da República. 2. A questão relativa à incidência da prescrição está restrita à interpretação da legislação infraconstitucional pertinente e ao exame das provas dos autos, operações vedadas em sede de recurso extraordinário. Incidência das Súmulas nºs 279 e 636 desta Corte. 3. Inviabilidade de efetivação em cargo de oficial de registro de serventia notarial, depois da entrada em vigor da Constituição Federal de 1988, sem a realização de concurso público. Agravo regimental não provido” (AI 769.553-AgR/SC, Rel. Min. Dias Toffoli, Primeira Turma). “AGRAVO REGIMENTAL EM RECURSO EXTRAORDINÁRIO COM AGRAVO. DECISÃO QUE NÃO EXAMINA O MÉRITO DO MANDADO DE SEGURANÇA POR CONSTATAR A OCORRÊNCIA DE LITISPENDÊNCIA E COISA JULGADA. MATÉRIA INFRACONSTITUCIONAL. AGRAVO IMPROVIDO. I – Se a decisão de origem limitou-se a verificar, no caso concreto, a ocorrência de coisa julgada e litispendência a impedir o exame da matéria de fundo debatida no Mandado de Segurança, não há falar em questão constitucional que possibilite o conhecimento do extraordinário. Nessas circunstâncias, o tema decidido é exclusivamente infraconstitucional. II – Agravo regimental improvido” (ARE 717.630-AgR/SC, de minha relatoria, Segunda Turma). No mesmo sentido, cito os seguintes precedentes, entre outros: AI 779.104-AgR-ED/SC, Rel. Min. Rosa Weber; AI 769.434-AgR/SC, Rel. Min. Marco Aurélio; ARE 727.207-AgR/SC e RE 633.709/SC, Rel. Min. Teori Zavascki; AI 693.928-AgR/SC, de minha relatoria. Isso posto, nego seguimento ao recurso (CPC, art. 557, caput). Publique-se. Brasília, 20 de maio de 2014. Ministro RICARDO LEWANDOWSKI - Relator -",170316,39.01,39.31,0.30000000000000426,0.9996839165687561,332,331,1,
"DECISÃO RECURSO EXTRAORDINÁRIO – MATÉRIA FÁTICA – INVIABILIDADE – DESPROVIMENTO DO AGRAVO 1. Atentem para o decidido na origem. O Tribunal de Justiça do Estado de São Paulo consignou, em síntese: EXECUÇÃO CONTRA A FAZENDA PÚBLICA MUNICIPAL — Competência recursal da E. Quarta Câmara de Direito Público afastada — Anterior recurso interposto contra idêntica decisão proferida em processo distinto — Inaplicabilidade do artigo 102, do Regimento Interno deste Tribunal. Prevenção afastada. CUMPRIMENTO DE PRECATÓRIO — Depósito judicial efetuado pelo DEPRE em favor do patrono dos agravados, nos termos da Emenda Constitucional 62/09 — Honorários advocatícios — Verba acessória de caráter alimentar — Admissibilidade do pagamento preferencial até o montante equivalente a três (03) obrigações de pequeno valor, conforme deliberação do DEPRE — Não verificação do exercício indevido do direito ao pagamento de precatório pelo regime especial, previsto no artigo 100, § 2°, da Constituição Federal, com redação dada pela Emenda Constitucional 62/2009 — Decisão mantida — Recurso improvido. No extraordinário cujo trânsito busca alcançar, o recorrente aponta violados os artigos 5º, cabeça, e 100, § 2º, Constituição Federal e 97, § 18, do Ato das Disposições Constitucionais Transitórias. Afirma indevido o pagamento de honorários por meio da ordem preferencial ao advogado já beneficiado pelo pagamento preferencial dos precatórios em outro processo. 2. A recorribilidade extraordinária é distinta daquela revelada por simples revisão do que decidido, na maioria das vezes procedida mediante o recurso por excelência – a apelação. Atua-se em sede excepcional à luz da moldura fática delineada soberanamente pelo Tribunal de origem, considerando-se as premissas constantes do acórdão impugnado. A jurisprudência sedimentada é pacífica a respeito, devendo-se ter presente o Verbete nº 279 da Súmula do Supremo: Para simples reexame de prova não cabe recurso extraordinário. Colho do acórdão recorrido os seguintes trechos: Pois bem. Da leitura dos dispositivos supra e da análise do caso em comento, efetivamente não se verifica o alegado exercício indevido do direito ao pagamento de precatório pelo regime especial, previsto no artigo 100, § 20, da Constituição Federal, porquanto não restou comprovado que o patrono dos autores, tenha exercido tal direito preferência mais de uma vez nestes autos. As razões do extraordinário partem de pressupostos fáticos estranhos à decisão atacada, buscando-se, em última análise, o reexame dos elementos probatórios para, com fundamento em quadro diverso, assentar a viabilidade do recurso. 3. Ante o quadro, conheço do agravo e o desprovejo. 4. Publiquem. Brasília, 16 de setembro de 2016. Ministro MARCO AURÉLIO Relator","DECISÃO RECURSO EXTRAORDINÁRIO – MATÉRIA FÁTICA – INVIABILIDADE – DESPROVIMENTO DO AGRAVO

1. O Tribunal de Justiça do Estado de São Paulo decidiu que a Quarta Câmara de Direito Público não tem competência para o recurso interposto. Anteriormente, havia sido decidido em outro processo. O depósito judicial foi feito no favor do patrono dos agravados, conforme a Emenda Constitucional 62/09. Os honorários advocatícios são verba acessória de caráter alimentar e podem ser pagos preferencialmente até três obrigações de pequeno valor. Não houve comprovação de que o patrono tenha exercido o direito ao pagamento preferencial mais de uma vez. A decisão foi mantida, o recurso é improvido.

O recorrente alega violação dos artigos 5º, cabeça, e 100, § 2º, da Constituição Federal e 97, § 18, do Ato das Disposições Constitucionais Transitórias. Ele afirma que é indevido o pagamento de honorários por meio da ordem preferencial ao advogado já beneficiado em outro processo.

2. O recurso extraordinário não pode ser usado para simples revisão do que foi decidido, mas sim para casos excepcionais. A jurisprudência diz que não cabe recurso extraordinário para reexame de prova. O acórdão mostra que o patrono não teve direito ao pagamento preferencial mais de uma vez.

3. Conheço do agravo, mas desprovojo o recurso.

4. Publiquem. Brasília, 16 de setembro de 2016. Ministro MARCO AURÉLIO Relator.",218853,3.14,23.84,20.7,0.8863669037818909,220,123,97,
"RECURSO EXTRAORDINÁRIO COM AGRAVO. CIVIL. CONTRATO DE LOCAÇÃO DE BEM MÓVEL. ALEGADA OFENSA AO ARTIGO 93, IX, DA CF. DECISÃO DE ADMISSIBILIDADE DO RECURSO EXTRAORDINÁRIO. APLICAÇÃO DE PRECEDENTE DESTA CORTE QUE RECONHECEU A INEXISTÊNCIA DE REPERCUSSÃO GERAL DA MATÉRIA. INTERPOSIÇÃO DE AGRAVO. NÃO CABIMENTO. AGRAVO NÃO CONHECIDO. NECESSIDADE DE REEXAME DO CONJUNTO FÁTICO-PROBATÓRIO CARREADO AOS AUTOS E DE CLÁUSULAS DO CONTRATO. INCIDÊNCIA DAS SÚMULAS Nº 279 E Nº 454 DO STF. AGRAVO DESPROVIDO. DECISÃO: Trata-se de agravo nos próprios autos, interposto com fundamento no artigo 544 do Código de Processo Civil, objetivando a reforma de decisão que inadmitiu recurso extraordinário, manejado com arrimo na alínea a do permissivo constitucional, contra acórdão assim ementado, verbis: “CONTRATO – transporte marítimo de mercadorias – Cobrança de sobreestadia de containers – Devolução após o prazo de trinta dias estipulado pelas partes – Devido pagamento de diária pelo atraso – Inaplicabilidade do Código de Defesa do Consumidor – Ausência de enriquecimento sem causa ou desproporcionalidade na cobrança em face da existência de pacto neste sentido – Ação procedente – Sentença ratificada com amparo no art. 252 do Regimento Interno desta Corte – Recurso não provido.” Os embargos de declaração opostos foram rejeitados. Nas razões do apelo extremo, sustenta preliminar de repercussão geral e, no mérito, aponta violação aos artigos 5º, caput e XXXII, 93, IX, e 170, V, da Constituição Federal. O Tribunal a quo julgou o recurso em parte prejudicado, por entender que esta Corte já se manifestou pela ausência de repercussão geral no que concerne à alegação de ausência de fundamentação e negou seguimento quanto às demais matérias porque encontra óbice na Súmula nº 279 do STF. É o relatório. DECIDO. Preliminarmente, destaco que o recurso de agravo, previsto no artigo 544 do CPC, é inadmissível contra decisão que, nos termos do artigo 543-B do CPC, aplica a sistemática da repercussão geral ao analisar a admissibilidade do recurso extraordinário. Nesse sentido é o AI 760.358-QO, Rel. Min. Gilmar Mendes, que porta a seguinte ementa: “Questão de Ordem. Repercussão Geral. Inadmissibilidade de agravo de instrumento ou reclamação da decisão que aplica entendimento desta Corte aos processos múltiplos. Competência do Tribunal de origem. Conversão do agravo de instrumento em agravo regimental. 1. Não é cabível agravo de instrumento da decisão do tribunal de origem que, em cumprimento do disposto no § 3º do art. 543-B, do CPC, aplica decisão de mérito do STF em questão de repercussão geral. 2. Ao decretar o prejuízo de recurso ou exercer o juízo de retratação no processo em que interposto o recurso extraordinário, o tribunal de origem não está exercendo competência do STF, mas atribuição própria, de forma que a remessa dos autos individualmente ao STF apenas se justificará, nos termos da lei, na hipótese em que houver expressa negativa de retratação. 3. A maior ou menor aplicabilidade aos processos múltiplos do quanto assentado pela Suprema Corte ao julgar o mérito das matérias com repercussão geral dependerá da abrangência da questão constitucional decidida. 4. Agravo de instrumento que se converte em agravo regimental, a ser decidido pelo tribunal de origem.” Assim, não conheço o agravo nesse ponto. Ademais, para dissentir do que decidido pelo Tribunal a quo, necessária seria a análise das cláusulas do contrato, bem como o reexame do conjunto fático-probatório dos autos, o que atrai a incidência das Súmulas nº 279 e nº 454 desta Corte, as quais dispõem, verbis: “Para simples reexame de prova não cabe recurso extraordinário” e “Simples interpretação de cláusulas contratuais não dá lugar a recurso extraordinário”. Neste sentido, o ARE 822.403-AgR, Rel. Min. Cármen Lúcia, Segunda Turma, DJe de 13/11/2014, com a seguinte ementa: “AGRAVO REGIMENTAL NO RECURSO EXTRAORDINÁRIO COM AGRAVO. DIREITO CIVIL. CONTRATO DE LOCAÇÃO. TITULAR. ACÓRDÃO FUNDAMENTADO NA LEGISLAÇÃO INFRACONSTITUCIONAL, NO CONTRATO E NAS PROVAS DOS AUTOS. OFENSA CONSTITUCIONAL INDIRETA. SÚMULAS NS. 279 E 454 DO SUPREMO TRIBUNAL FEDERAL. AGRAVO REGIMENTAL AO QUAL SE NEGA PROVIMENTO.” A respeito da aplicação das Súmulas nº 279 e nº 454 do STF, assim discorre Roberto Rosas: “Chiovenda nos dá os limites da distinção entre questão de fato e questão de direito. A questão de fato consiste em verificar se existem as circunstâncias com base nas quais deve o juiz, de acordo com a lei, considerar existentes determinados fatos concretos. A questão de direito consiste na focalização, primeiro, se a norma, a que o autor se refere, existe, como norma abstrata (Instituições de Direito Processual, 2ª ed., v. I/175). Não é estranha a qualificação jurídica dos fatos dados como provados (RT 275/884 e 226/583). Já se refere a matéria de fato quando a decisão assenta no processo de livre convencimento do julgador (RE 64.051, Rel. Min. Djaci Falcão, RTJ 47/276); não cabe o recurso extraordinário quando o acórdão recorrido deu determinada qualificação jurídica a fatos delituosos e se pretende atribuir aos mesmos fatos outra configuração, quando essa pretensão exige reexame de provas (ERE 58.714, Relator para o acórdão o Min. Amaral Santos, RTJ 46/821). No processo penal, a verificação entre a qualificação de motivo fútil ou estado de embriaguez para a apenação importa matéria de fato, insuscetível de reexame no recurso extraordinário (RE 63.226, Rel. Min. Eloy da Rocha, RTJ 46/666). A Súmula 279 é peremptória: ‘Para simples reexame de prova não cabe recurso extraordinário’. Não se vislumbraria a existência da questão federal motivadora do recurso extraordinário. O juiz dá a valoração mais conveniente aos elementos probatórios, atendendo aos fatos e circunstâncias constantes dos autos, ainda que não alegados pelas partes. Não se confunda com o critério legal da valorização da prova (RTJ 37/480, 56/65)(Pestana de Aguiar, Comentários ao Código de Processo Civil, 2ª ed., v. VI/40, Ed. RT; Castro Nunes, Teoria e Prática do Poder Judiciário, 1943, p. 383). V. Súmula STJ-7. (…) O CC/2002 não se estende além do art. 112 (CC/1916, art. 85) no tocante à interpretação dos atos jurídicos. Nele adota-se o princípio da manifestação da vontade acima do sentido literal da linguagem. Menos regras temos em relação à interpretação dos contratos. Mas podemos verificar que essa interpretação está no plano dos fatos, principalmente como deixa entrever Danz. Como observa Washington de Barros Monteiro, para chegarmos à interpretação do contrato é necessário reconstruir o ato volitivo em que se exteriorizou o negócio jurídico, pesquisando meticulosamente qual teria sido a real vontade do agente e, assim, corrigindo sua manifestação, verbal ou escrita, expressa erradamente (Curso..., vol. 5, p. 38). Portanto, os fatos voltariam a ser examinados no STF quando da apreciação do recurso extraordinário. Teríamos o STF como terceira instância, aliás entendida assim por João Mendes, contraditado por José Rodrigues de Carvalho (Do Recurso Extraordinário, Paraíba, 1920, p. 14; RTJ 109/814). V. Súmula STJ-5.” (Direito Sumular. São Paulo: Malheiros, 2012, 14ª Edição, p. 137-138 e 232) Ex positis, NÃO CONHEÇO parcialmente o agravo e, na parte conhecida, DESPROVEJO-O, com fundamento no disposto no artigo 21, § 1º, do RISTF. Publique-se. Brasília, 17 de dezembro de 2015. Ministro LUIZ FUX Relator Documento assinado digitalmente","RECURSO EXTRAORDINÁRIO COM AGRAVO. CIVIL. CONTRATO DE LOCAÇÃO DE BEM MÓVEL. ALEGADA OFENSA AO ARTIGO 93, IX, DA CF. DECISÃO DE ADMISSIBILIDADE DO RECURSO EXTRAORDINÁRIO. APLICAÇÃO DE PRECEDENTE DESTA CORTE QUE RECONHECEU A INEXISTÊNCIA DE REPERCUSSÃO GERAL DA MATÉRIA. INTERPOSIÇÃO DE AGRAVO. NÃO CABIMENTO. AGRAVO NÃO CONHECIDO. NECESSIDADE DE REEXAME DO CONJUNTO FÁTICO-PROBATÓRIO CARREADO AOS AUTOS E DE CLÁUSULAS DO CONTRATO. INCIDÊNCIA DAS SÚMULAS Nº 279 E Nº 454 DO STF. AGRAVO DESPROVIDO. DECISÃO: Trata-se de agravo nos próprios autos, interposto com fundamento no artigo 544 do Código de Processo Civil, objetivando a reforma de decisão que inadmitiu recurso extraordinário, manejado com arrimo na alínea a do permissivo constitucional, contra acórdão assim ementado. Os embargos de declaração opostos foram rejeitados. Nas razões do apelo extremo, sustenta preliminar de repercussão geral e, no mérito, aponta violação aos artigos 5º, caput e XXXII, 93, IX, e 170, V, da Constituição Federal. O Tribunal a quo julgou o recurso em parte prejudicado, por entender que esta Corte já se manifestou pela ausência de repercussão geral no que concerne à alegação de ausência de fundamentação e negou seguimento quanto às demais matérias porque encontra óbice na Súmula nº 279 do STF. É o relatório. DECIDO. Preliminarmente, destaco que o recurso de agravo, previsto no artigo 544 do CPC, é inadmissível contra decisão que, nos termos do artigo 543-B do CPC, aplica a sistemática da repercussão geral ao analisar a admissibilidade do recurso extraordinário. Nesse sentido é o AI 760.358-QO, Rel. Min. Gilmar Mendes, que porta a seguinte ementa: “Questão de Ordem. Repercussão Geral. Inadmissibilidade de agravo de instrumento ou reclamação da decisão que aplica entendimento desta Corte aos processos múltiplos. Competência do Tribunal de origem. Conversão do agravo de instrumento em agravo regimental. 1. Não é cabível agravo de instrumento da decisão do tribunal de origem que, em cumprimento do disposto no § 3º do art. 543-B, do CPC, aplica decisão de mérito do STF em questão de repercussão geral. 2. Ao decretar o prejuízo de recurso ou exercer o juizo de retratação no processo em que interposto o recurso extraordinário, o tribunal de origem não está exercendo competência do STF, mas atribuição própria, de forma que a remessa dos autos individualmente ao STF apenas se justificará, nos termos da lei, na hipótese em que houver expressa negativa de retratação. 3. A maior ou menor aplicabilidade aos processos múltiplos do quanto assentado pela Suprema Corte ao julgar o mérito das matérias com repercussão geral dependerá da abrangência da questão constitucional decidida. 4. Agravo de instrumento que se converte em agravo regimental, a ser decidido pelo tribunal de origem.” Assim, não conheço o agravo nesse ponto. Ademais, para dissentir do que decidido pelo Tribunal a quo, necessária seria a análise das cláusulas do contrato, bem como o reexame do conjunto fático-probatório dos autos, o que atrai a incidência das Súmulas nº 279 e nº 454 desta Corte, as quais dispõem, verbis: “Para simples reexame de prova não cabe recurso extraordinário” e “Simples interpretação de cláusulas contratuais não dá lugar a recurso extraordinário”. Neste sentido, o ARE 822.403-AgR, Rel. Min. Cármen Lúcia, Segunda Turma, DJe de 13/11/2014, com a seguinte ementa: “AGRAVO REGIMENTAL NO RECURSO EXTRAORDINÁRIO COM AGRAVO. DIREITO CIVIL. CONTRATO DE LOCAÇÃO. TITULAR. ACÓRDÃO FUNDAMENTADO NA LEGISLAÇÃO INFRACONSTITUCIONAL, NO CONTRATO E NAS PROVAS DOS AUTOS. OFENSA CONSTITUCIONAL INDIRETA. SÚMULAS NS. 279 E 454 DO SUPREMO TRIBUNAL FEDERAL. AGRAVO REGIMENTAL AO QUAL SE NEGA PROVIMENTO.” A respeito da aplicação das Súmulas nº 279 e nº 454 do STF, assim discorre Roberto Rosas: “Chiovenda nos dá os limites da distinção entre questão de fato e questão de direito. A questão de fato consiste em verificar se existem as circunstâncias com base nas quais deve o juiz, de acordo com a lei, considerar existentes determinados fatos concretos. A questão de direito consiste na focalização, primeiro, se a norma, a que o autor se refere, existe, como norma abstrata (Instituições de Direito Processual, 2ª ed., v. I/175). Não é estranha a qualificação jurídica dos fatos dados como provados (RT 275/884 e 226/583). Já se refere a matéria de fato quando a decisão assenta no processo de livre convencimento do julgador (RE 64.051, Rel. Min. Djaci Falcão, RTJ 47/276); não cabe o recurso extraordinário quando o acórdão recorrido deu determinada qualificação jurídica a fatos delituosos e se pretende atribuir aos mesmos fatos outra configuração, quando essa pretensão exige reexame de provas (ERE 58.714, Relator para o acórdão o Min. Amaral Santos, RTJ 46/821). No processo penal, a verificação entre a qualificação de motivo fútil ou estado de embriaguez para a apenação importa matéria de fato, insuscetível de reexame no recurso extraordinário (RE 63.226, Rel. Min. Eloy da Rocha, RTJ 46/666). A Súmula 279 é peremptória: ‘Para simples reexame de prova não cabe recurso extraordinário’. Não se vislumbraria a existência da questão federal motivadora do recurso extraordinário. O juiz dá a valoração mais conveniente aos elementos probatórios, atendendo aos fatos e circunstâncias constantes dos autos, ainda que não alegados pelas partes. Não se confunda com o critério legal da valorização da prova (RTJ 37/480, 56/65)(Pestana de Aguiar, Comentários ao Código de Processo Civil, 2ª ed., v. VI/40, Ed. RT; Castro Nunes, Teoria e Prática do Poder Judiciário, 1943, p. 383). V. Súmula STJ-7. (…) O CC/2002 não se estende além do art. 112 (CC/1916, art. 85) no tocante à interpretação dos atos jurídicos. Nele adota-se o princípio da manifestação da vontade acima do sentido literal da linguagem. Menos regras temos em relação à interpretação dos contratos. Mas podemos verificar que essa interpretação está no plano dos fatos, principalmente como deixa entrever Danz. Como observa Washington de Barros Monteiro, para chegarmos à interpretação do contrato é necessário reconstruir o ato volitivo em que se exteriorizou o negócio jurídico, pesquisando meticulosamente qual teria sido a real vontade do agente e, assim, corrigindo sua manifestação, verbal ou escrita, expressa erradamente (Curso..., vol. 5, p. 38). Portanto, os fatos voltariam a ser examinados no STF quando da apreciação do recurso extraordinário. Teríamos o STF como terceira instância, aliás entendida assim por João Mendes, contraditado por José Rodrigues de Carvalho (Do Recurso Extraordinário, Paraíba, 1920, p. 14; RTJ 109/814). V. Súmula STJ-5.” (Direito Sumular. São Paulo: Malheiros, 2012, 14ª Edição, p. 137-138 e 232) Ex positis, NÃO CONHEÇO parcialmente o agravo e, na parte conhecida, DESPROVEJO-O, com fundamento no disposto no artigo 21, § 1º, do RISTF. Publique-se. Brasília, 17 de dezembro de 2015. Ministro LUIZ FUX Relator Documento assinado digitalmente",201058,38.05,41.06,3.010000000000005,0.9996403455734253,457,424,33,
"DECISÃO RECURSO EXTRAORDINÁRIO COM AGRAVO. PREVIDENCIÁRIO. FUNDAMENTO DA DECISÃO AGRAVADA NÃO IMPUGNADO. SÚMULA N. 287 DO SUPREMO TRIBUNAL FEDERAL. AGRAVO AO QUAL SE NEGA SEGUIMENTO. Relatório 1. Agravo nos autos principais contra inadmissão de recurso extraordinário interposto com base do art. 102, inc. III, al. a, da Constituição da República contra o seguinte julgado da Turma Recursal do Juizado Especial Federal de Pernambuco: “PREVIDENCIÁRIO. REVISÃO DE BENEFÍCIO PREVIDENCIÁRIO. INFORMAÇÕES DA CONTADORIA. PRESUNÇÃO JURIS TANTUM DE VERACIDADE. AUSÊNCIA DE PROVA EM CONTRÁRIO. RECURSO INOMINADO IMPROVIDO”. 2. O Agravante alega contrariados os arts. 5º, inc. XXXV, 194, inc. IV, e 201, § 4º, da Constituição da República. 3. O recurso extraordinário foi inadmitido ao fundamento de incidência da Súmula n. 279 do Supremo Tribunal Federal. 4. Contra essa decisão, o Agravante limitou-se a argumentar que “a nossa Constituição Federal, no seu Art. 5º, XXXV, estabelece que cabe ao Poder Judiciário a apreciação de demandas, não se abstendo da presente competência e responsabilidade. (…) Importante salientar que, no caso em tela, não se trata de erro grosseiro, subsistindo o fato de o teor da presente demanda ter maior relevância no tocante ao teor do presente recurso interposto. (…) Ora V. Excelência, estando presentes os requisitos do presente recurso, enquanto fator primordial, dentre estes, se encontram, a dúvida objetiva, a inexistência de erro grosseiro e a tempestividade, é perfeitamente cabível a reforma do presente recurso. Por fim, há que se falar no tocante ao princípio da fungibilidade recursal, que garante à parte agravante, sem prejuízo da agravada, a substituição dos recursos com a existência de um processo mais célere e efetivo”. Apreciada a matéria trazida na espécie, DECIDO. 5. No art. 544 do Código de Processo Civil, com as alterações da Lei n. 12.322/2010, estabeleceu-se que o agravo contra inadmissão de recurso extraordinário processa-se nos autos do recurso, ou seja, sem a necessidade de formação de instrumento, sendo este o caso. Analisam-se, portanto, os argumentos postos no agravo, de cuja decisão se terá, na sequência, se for o caso, exame do recurso extraordinário. 6. Razão jurídica não assiste ao Agravante. 7. O Agravante não infirmou o fundamento da decisão agravada, não se manifestando sobre a incidência da Súmula n. 279 do Supremo Tribunal Federal. A jurisprudência deste Supremo Tribunal consolidou-se no sentido de dever ser negado seguimento ao agravo no qual não se impugnam os fundamentos da decisão agravada. Incide, na espécie vertente, a Súmula n. 287 do Supremo Tribunal Federal: “AGRAVO REGIMENTAL. RECURSO EXTRAORDINÁRIO COM AGRAVO. AUSÊNCIA DE IMPUGNAÇÃO DOS FUNDAMENTOS DA DECISÃO AGRAVADA. Nos termos da orientação firmada nesta Corte, cabe à parte agravante impugnar todos os fundamentos da decisão agravada, o que não ocorreu no caso. Agravo regimental a que se nega provimento” (ARE n. 765.870-AgR, Relator o Ministro Joaquim Barbosa, Plenário, DJe 21.3.2014). “AGRAVO REGIMENTAL NO AGRAVO DE INSTRUMENTO. ADMINISTRATIVO. DESAPROPRIAÇÃO. 1. Ausência de impugnação dos fundamentos da decisão de inadmissibilidade do recurso extraordinário. Súmula n. 287 do Supremo Tribunal Federal. 2. Insuficiência da preliminar formal de repercussão geral: inviabilidade da análise do recurso extraordinário. 3. Agravo regimental ao qual se nega provimento” (ARE n. 855.975-AgR, de minha relatoria, Segunda Turma, DJe 14.2.2013). Nada há a prover quanto às alegações do Agravante. 8. Pelo exposto, nego seguimento ao agravo (art. 544, § 4º, inc. I, do Código de Processo Civil e art. 21, § 1º, do Regimento Interno do Supremo Tribunal Federal). Publique-se. Brasília, 28 de outubro de 2015. Ministra CÁRMEN LÚCIA Relatora","DECISÃO SOBRE RECURSO EXTRAORDINÁRIO COM AGRAVO. O fundamento da decisão que foi agravada não foi contestado. A Súmula n. 287 do Supremo Tribunal Federal aplica-se. O agravo não terá seguimento. 

Relatório: 1. O Agravante pede a aceitação de um recurso extraordinário, com base em artigos da Constituição, contra uma decisão de um tribunal que disse que um benefício previdenciário foi julgado incorretamente. 2. O Agravante diz que alguns artigos da Constituição foram violados. 3. O recurso foi aceito porque a Súmula n. 279 do Supremo Tribunal Federal foi aplicada. 4. O Agravante argumenta que a decisão está errada e pede reforma, mas não contestou os motivos da decisão. 

5. Segundo o Código de Processo Civil, o agravo contra a inadmissão de um recurso extraordinário é processado nos próprios autos do recurso. 6. O Agravante não apresentou razão jurídica. 7. O Agravante não contestou os motivos da decisão e nem a aplicação da Súmula n. 279. A jurisprudência diz que, se os fundamentos da decisão não são impugnados, o agravo não tem seguimento. 

8. Pelo exposto, nego seguimento ao agravo. Publique-se. Brasília, 28 de outubro de 2015. Ministra CÁRMEN LÚCIA Relatora.",196492,36.31,39.79,3.479999999999997,0.8992065191268921,236,88,148,
"RECURSO EXTRAORDINÁRIO COM AGRAVO. TRABALHISTA. DANO MORAL. PRESCRIÇÃO. INTERPRETAÇÃO DE LEGISLAÇÃO INFRACONSTITUCIONAL. REPERCUSSÃO GERAL NÃO EXAMINADA EM FACE DE OUTROS FUNDAMENTOS QUE OBSTAM A ADMISSÃO DO APELO EXTREMO. 1. A prescrição quando sub judice a controvérsia, não dá ensejo ao cabimento de recurso extraordinário por situar-se no âmbito infraconstitucional. Precedentes: AI 817.484-AgR, Primeira Turma, Relator Ministro Ricardo Lewandowski, DJe de 1º/2/2011, e AI 486.246-AgR, Segunda Turma, Relatora Ministra Ellen Gracie, DJe 6/8/2010. 2. A repercussão geral pressupõe recurso admissível sob o crivo dos demais requisitos constitucionais e processuais de admissibilidade (art. 323 do RISTF). Consectariamente, se o recurso é inadmissível por outro motivo, não há como se pretender seja reconhecida “a repercussão geral das questões constitucionais discutidas no caso” (art. 102, III, § 3º, da CF). 3. In casu, o acórdão recorrido assentou: “Dessa forma, por se tratar de ocorrência de dano moral não atrelado a acidente do trabalho ou doença ocupacional a este equiparada, a competência da Justiça do Trabalho já era pacificamente reconhecida pelo Excelso Pretório antes mesmo da vigência da EC 45/2004, circunstância que atrai a aplicação da prescrição trabalhista prevista no artigo 7º, XXIX, da CF. Ressalte-se que, como bem registrou o v. Acórdão regional, mesmo que o termo inicial do lapso prescricional começasse a fluir da data da prolação da sentença, em 28/07/2003, quando do ajuizamento desta reclamação, em 05/10/2007, o biênio prescricional constitucional já havia sido implementado, e, mesmo que fosse aplicado o prazo de três anos previsto no inciso V do § 3º do artigo 206 do Código Civil, tomando como marco inicial a data de prolação da sentença que julgou nulo o contrato de trabalho (27/07/2003), o prazo de três anos teria se implementado em 27/07/2006.” 4. Agravo DESPROVIDO. Decisão: Trata-se de agravo nos próprios autos interposto por REBECA ABENSUR GRUNOV, com fundamento no art. 544 do Código de Processo Civil, objetivando a reforma da decisão que inadmitiu seu recurso extraordinário manejado com arrimo na alínea “a” do permissivo Constitucional, contra acórdão prolatado pelo Tribunal Superior do Trabalho, do qual destaco este passo: “Dessa forma, por se tratar de ocorrência de dano moral não atrelado a acidente do trabalho ou doença ocupacional a este equiparada, a competência da Justiça do Trabalho já era pacificamente reconhecida pelo Excelso Pretório antes mesmo da vigência da EC 45/2004, circunstância que atrai a aplicação da prescrição trabalhista prevista no artigo 7º, XXIX, da CF. Ressalte-se que, como bem registrou o v. Acórdão regional, mesmo que o termo inicial do lapso prescricional começasse a fluir da data da prolação da sentença, em 28/07/2003, quando do ajuizamento desta reclamação, em 05/10/2007, o biênio prescricional constitucional já havia sido implementado, e, mesmo que fosse aplicado o prazo de três anos previsto no inciso V do § 3º do artigo 206 do Código Civil, tomando como marco inicial a data de prolação da sentença que julgou nulo o contrato de trabalho (27/07/2003), o prazo de três anos teria se implementado em 27/07/2006.” Os embargos de declaração opostos foram rejeitados. Nas razões do apelo extremo, sustenta a preliminar de repercussão geral e, no mérito, aponta violação aos artigos 5º, V e X, e 7º, XXIX, da Constituição Federal. O Tribunal a quo negou seguimento ao apelo derradeiro, por não vislumbrar ofensa direta à Constituição Federal. É o relatório. DECIDO. Ab initio, a repercussão geral pressupõe recurso admissível sob o crivo dos demais requisitos constitucionais e processuais de admissibilidade (art. 323 do RISTF). Consectariamente, se o recurso é inadmissível por outro motivo, não há como se pretender seja reconhecida a repercussão geral das questões constitucionais discutidas no caso (art. 102, III, § 3º, da CF). Não merece prosperar o agravo. A prescrição, quando sub judice a controvérsia, não dá ensejo ao cabimento do recurso extraordinário, por situar-se, no âmbito infraconstitucional. Nesse sentido, AI 486.246-AgR, Relatora Ministra Ellen Gracie, Segunda Turma DJe de 6/8/2010 e AI 817.484-AgR, Relator Ministro Ricardo Lewandowski, Primeira Turma, DJe de 1º/2/2011, “AGRAVO REGIMENTAL EM AGRAVO DE INSTRUMENTO. TRABALHISTA. PRESCRIÇÃO. MATÉRIA INFRACONSTITUCIONAL. OFENSA INDIRETA. AGRAVO IMPROVIDO. I - A discussão sobre a prescrição, em face à suposta ofensa ao art. 7º, XXIX, da Constituição Federal, situa-se no âmbito infraconstitucional. Precedentes. II - Agravo regimental improvido.” Ex positis, DESPROVEJO o agravo, com fundamento no disposto no artigo 21, § 1º, do RISTF. Publique-se. Brasília, 29 de agosto de 2013. Ministro Luiz Fux Relator Documento assinado digitalmente","RECURSO EXTRAORDINÁRIO COM AGRAVO. TRABALHISTA. DANO MORAL. PRESCRIÇÃO. INTERPRETAÇÃO DE LEGISLAÇÃO INFRACONSTITUCIONAL. REPERCUSSÃO GERAL NÃO EXAMINADA EM FACE DE OUTROS FUNDAMENTOS QUE OBSTAM A ADMISSÃO DO APELO EXTREMO.

1. Quando a prescrição está em vigor durante uma contestação, não permite o recurso extraordinário, pois está no âmbito infraconstitucional. Exemplos: AI 817.484-AgR, Primeira Turma, DJe de 1º/2/2011 e AI 486.246-AgR, Segunda Turma, DJe 6/8/2010.

2. A repercussão geral exige que o recurso seja admissível com base nos requisitos constitucionais e processuais. Se o recurso é inadmissível por outro motivo, não pode ser reconhecida a repercussão geral.

3. No caso, o acórdão disse que a competência da Justiça do Trabalho já estava estabelecida antes da EC 45/2004, então a prescrição trabalhista aplicava-se. Mesmo se considerasse o prazo de três anos, já teria vencido em 2006.

4. O agravo é desprovido. O recurso não pode ser reformado porque a questão está no âmbito infraconstitucional. A prescrição, durante a disputa, não permite o recurso extraordinário. Exemplos: AI 817.484-AgR e AI 486.246-AgR. O agravo é improvido com base no artigo 21, § 1º, do RISTF.",154670,37.89,52.33,14.439999999999998,0.910433292388916,240,91,149,
"Trata-se de habeas corpus, com pedido de liminar, impetrado por Ramon Georges Daher e Caroline Gibran Garcia Daher em favor de Carlos Roberto Pereira contra decisão da lavra do Ministro Marco Aurélio Bellizze, do Superior Tribunal de Justiça, que indeferiu a liminar requerida no HC 265.249/TO. Na espécie, o paciente foi preso preventivamente e denunciado como incurso nas sanções do artigo 121, § 2º, I, III, IV, por quatro vezes, , artigo 125, por duas vezes, e no artigo 288, parágrafo único, todos do Código Penal, o último na forma do artigo 8º da Lei 8.072/90, , porquanto estaria envolvido em fato criminoso ocorrido em dezembro de 2012, na cidade de Araguaína, que resultou na morte de 04 (quatro) pessoas, todas da mesma família, tendo prestado aos executores o suporte financeiro necessário para o êxito do intento criminoso. Descreve o Parquet que os homicídios foram motivados por vingança, em decorrência de outro crime realizado no ano de 2006, contra a genitora do paciente, sendo vítimas e executores membros da mesma família. Inconformada, a Defesa impetrou habeas corpus perante o Tribunal de Justiça do Estado de Tocantins, oportunidade em que alegou a nulidade do cumprimento da prisão determinada via carta precatória, a ausência de indícios de autoria, pois os testemunhos foram prestados por familiares das vítimas, e a falta de fundamentação na decisão que indeferiu o pedido de revogação da constrição cautelar. A ordem foi denegada. Em seguida, foi impetrado o HC 265.249/TO perante o Superior Tribunal de Justiça. O Ministro Marco Aurélio Bellizze indeferiu o pedido de liminar. Neste writ, os Impetrantes, preliminarmente, pugnam pelo abrandamento do enunciado da Súmula 691/STF. Para tanto, alegam a falta de fundamentação idônea na decisão de primeiro grau, na medida em que a prisão preventiva embasa-se “apenas e tão somente em suposição/presunção advinda de 04 parentes das vítimas em maledicência familiar”. Aduzem não existir dado concreto no decreto cautelar hábil a demonstrar que o paciente, solto, represente perigo à ordem pública e problema à instrução criminal, sobretudo por não haver demonstração fático-probatória de sua participação no evento criminoso narrado pelo Ministério Público. Ressalta ter o paciente bons antecedentes sociais e criminais, possuir residência fixa e emprego lícito, ser mestre de maçonaria e conselheiro do Sindicato dos Produtores Rurais de Dom Eliseu/PA, bem como íntegro caráter e conduta moral ilibada. Assim, requerem o deferimento de liminar, com a consequente expedição de alvará de soltura em favor do paciente. No mérito, pugnam pela confirmação do pleito emergencial, sem prejuízo da aplicação das medidas cautelares diversas da prisão, nos termos do artigo 319 do Código de Processo Penal. É o relatório. Decido. Como relatei, o presente habeas corpus foi impetrado contra decisão monocrática proferida pelo Ministro Marco Aurélio Bellizze, do Superior Tribunal de Justiça, que denegou a liminar requerida nos autos do HC 265.249/TO. É conhecida a Súmula 691 do Supremo Tribunal Federal, de seguinte teor: “Não compete ao Supremo Tribunal Federal conhecer de habeas corpus impetrado contra decisão do relator que, em habeas corpus requerido a tribunal superior, indefere a liminar”. O escopo dessa súmula é impedir que a impetração sucessiva de habeas corpus, sem que o anterior tenha sido julgado definitivamente, viole princípios processuais fundamentais, como o da hierarquia dos graus de jurisdição e respectivas competências. A jurisprudência desta Suprema Corte, é certo, tem abrandado, em casos excepcionais, o rigor do mandamento sumular (v.g.: HC 104.855/CE, Rel. Min. Gilmar Mendes, 2ª Turma, DJe 17.10.2011; HC 96.539/SP, Rel. Min. Ricardo Lewandowski, 1ª Turma, DJe 06.05.2010). Da leitura da decisão monocrática impugnada na inicial, todavia, não vislumbro a presença de alguma excepcionalidade, flagrante ilegalidade ou de abuso de poder que justifique o afastamento da orientação contida na Súmula 691/STF. Isso porque a prisão preventiva do paciente parece adequadamente fundamentada, já que examinadas a materialidade e a autoria, bem como apontada a existência do fundamento da garantia da ordem pública e da instrução criminal, não se mostrando, em análise de cognição sumária, desarrazoada a conclusão das decisões impugnadas. Em relação aos pressupostos da preventiva, colho que a materialidade encontra-se consubstanciada nos laudos de exames necroscópicos. E, a despeito de a Defesa sustentar a ausência de boa prova da autoria, esse argumento vai de encontro com o assentado pelo Juízo da 1ª Vara Criminal da Comarca de Araguaína/TO: “foram ouvidas mais de dez testemunhas e todas foram uníssonas em afirmar que as pessoas Cícero Romão e José Pereira, financiadas e auxiliadas por Carlos Roberto, vêm, há algum tempo, matando diversos membros da mesma família como meio de vigar a morte de Maria dos Prazeres, mãe daqueles e tia deste”. Para divergir da conclusão do magistrado de primeiro grau, seria necessário conhecer e sopesar o conjunto probatório, inviável na via estreita do habeas corpus. O certo é que, diante do quadro, não há como negar a presença dos pressupostos da preventiva, quais sejam, prova suficiente da autoria e da materialidade. No tocante aos fundamentos da constrição cautelar, tenho não se mostrar desarrazoada a conclusão das decisões impugnadas, baseadas na existência de risco à ordem pública e conveniência da instrução criminal, pois as circunstâncias concretas do crime indicam a periculosidade do paciente. O Tribunal estadual também não detectou ilegalidade flagrante na decisão que decretou a prisão preventiva. Transcrevo excerto da decisão: “A decisão proferida pela MM. Juíza de primeiro grau (evento 01, anexo 4), aponta a presença da materialidade decorrente dos laudos periciais (não acostados ao presente habeas), e fortes indícios de autoria demonstrados pelos depoimentos de várias testemunhas, que apesar de não terem, também, sido anexado no presente writ, fora citado na manifestação ministerial supramencionada presente no evento 1, anexo 4. A prisão restou fundamentada na necessidade de garantir a ordem pública, evidenciada pela ação criminosa, que resultou na morte de 4 (quatro) pessoas, assim como pela necessidade de assegurar a conveniência da instrução criminal, vez que, conforme informa o magistrado a quo na decisão, as testemunhas estariam sofrendo ameaças dos possíveis executores, sem contar a anterior promessa de vingança efetivada pelo paciente e seu irmão, que juraram não deixar nenhum membro da família vivo (evento 1, anexo 4, página 13 – numeração eletrônica, final da pag.) – grifos inseridos. (...). Portanto, presentes os requisitos dispostos no artigo 312 e 313 do CPP, estando a prisão preventiva satisfatoriamente fundamentada, apontando-se a presença da materialidade e fortes indícios de autoria, restando demonstrado o risco à ordem pública e à aplicação da lei penal, considerando-se, ainda, o risco à integridade das testemunhas, o modus operandi e a periculosidade do acusado, além da possível reiteração delitiva diante das promessas de vingança, a prisão preventiva é medida que se impõe”. Da prática do crime — homicídio perpetrado contra 04 (quatro) pessoas, integrantes da mesma família, supostamente em retaliação a outro crime ocorrido no ano de 2006 — aliado aos relatos convergentes das testemunhas no sentido de ser o paciente o responsável por financiar a empreitada criminosa (“foram ouvidas mais de dez testemunhas e todas foram uníssonas em afirmar que as pessoas Cícero Romão e José Pereira, financiadas e auxiliadas por Carlos Roberto”), não se pode inferir algo diferente do que a periculosidade do agente, a recomendar, pelo menos em princípio, a prisão preventiva pela gravidade em concreto da conduta. Já tive a oportunidade de assentar, em outras oportunidades, que, se as circunstâncias concretas da prática do crime indicam a periculosidade do agente, está justificada a decretação ou a manutenção da prisão cautelar para resguardar a ordem pública, desde que igualmente presentes boas provas da materialidade e da autoria (v.g. HC 105.585/SP, HC 112.763/MG e HC 112.364 Agr/DF, precedentes da minha lavra). Agregue-se a isso o apontamento de o paciente oferecer risco à instrução criminal — uma vez que “as testemunhas estariam sofrendo ameaças dos possíveis executores, sem contar a anterior promessa de vingança efetivada pelo paciente e seu irmão, que juraram não deixar nenhum membro da família vivo” —, fundamento esse suficiente e autônomo para a manutenção da medida constritiva. Não bastasse isso, a afirmada circunstância de o paciente ser primário e não ter antecedentes criminais não constitui óbice à decretação ou manutenção da prisão preventiva, desde que preenchidos os pressupostos e requisitos do art. 312 do CPP (HC 108.314/MA, rel. Min. Luiz Fux, 1ª Turma, DJe 5.10.2011; HC 106.816/PE, rel. Min. Ellen Gracie, 2ª Turma, DJe 20.6.2011). Diante de todo esse contexto, pode-se até entender de maneira diferente, mas não é possível reconhecer como teratológica a decisão atacada, única forma de justificar a supressão de instância. Ante o exposto e com base na Súmula 691 desta Corte e no § 1.º do artigo 21 do Regimento Interno, nego seguimento ao presente writ. Publique-se. Brasília, 21 de março de 2013. Ministra Rosa Weber Relatora","O paciente pede habeas corpus para liberá-lo, argumentando que a prisão preventiva foi injustamente decidida. Ele foi acusado de matar quatro pessoas da mesma família em 2012, por vingança após um crime contra sua mãe em 2006. A Defesa afirma que não há evidências suficientes de que o paciente tenha cometido os crimes e que ele tem bom histórico social. O juiz do primeiro grau decidiu prisão preventiva com base em testemunhos de familiares das vítimas, mas a Defesa alega que isso é insuficiente. O Supremo Tribunal Federal disse que não deve julgar habeas corpus repetidos sem que o anterior tenha sido decidido. A decisão do juiz foi considerada adequada porque há evidências da materialidade e autoria dos crimes. A prisão preventiva é justificada por motivos de segurança pública e instrução criminal. O relator nega o habeas corpus, dizendo que a decisão do juiz não foi ilegal.",146415,17.52,28.28,10.760000000000002,0.8503105640411377,578,92,486,
"DECISÃO RECURSO EXTRAORDINÁRIO – MATÉRIA FÁTICA – INTERPRETAÇÃO DE NORMAS LEGAIS – FALTA DE PREQUESTIONAMENTO - INVIABILIDADE - DESPROVIMENTO DO AGRAVO. 1. O Tribunal Superior Eleitoral assentou a preclusão da matéria relativa ao não oferecimento de suspensão condicional do processo, porquanto trata-se de nulidade relativa, não suscitada pela defesa no momento oportuno. No extraordinário cujo trânsito busca alcançar, o recorrente alega a violação do artigo 5º, inciso LV, da Constituição Federal. Argui a contrariedade ao princípio do devido processo legal. Afirma estarem presentes o requisitos para a suspensão requerida. Diz não estar a matéria preclusa, porquanto ventilada em momento anterior à prolação da sentença. 2. A recorribilidade extraordinária é distinta daquela revelada por simples revisão do que decidido, na maioria das vezes procedida mediante o recurso por excelência – a apelação. Atua-se em sede excepcional à luz da moldura fática delineada soberanamente pelo Tribunal de origem, considerando-se as premissas constantes do acórdão impugnado. A jurisprudência sedimentada é pacífica a respeito, devendo-se ter presente o Verbete nº 279 da Súmula deste Tribunal: Para simples reexame de prova não cabe recurso extraordinário. O Colegiado de origem expressamente consignou a inércia do recorrente antes da prolação da sentença. As razões do extraordinário partem de pressupostos fáticos estranhos ao acórdão atacado, buscando-se o reexame dos elementos probatórios para, com fundamento em quadro diverso, assentar a viabilidade do recurso. Colho do acórdão os seguintes trechos: A suspensão condicional do processo se trata de um direito subjetivo do réu, onde a ausência de proposta constitui nulidade relativa. Neste trilhar, omitindo-se o Ministério Público, caberia a defesa suscitar a nulidade sob pena de preclusão. Assim, compulsando os autos, verifica-se que recebida a denúncia, das defesas apresentadas as fls. 36/46 e fls. 55/58, não se constatou qualquer protesto pelos denunciados que denotasse seu interesse pela proposta do sursis processual. Ademais, vale frisar que, em momento algum nos autos, anterior a decisão condenatória ora recorrida, formularam os então denunciados qualquer reclamação quanto a omissão do Parquet em ofertar a proposta de suspensão do processo, previsto no art. 89 da Lei 9.099/95, sendo inequívoco concluir que restou preclusa a oportunidade da parte para invocar tal concessão, mormente em sede recursal, após exarada sentença condenatória. […] Portanto, não tendo os recorrentes questionado o não oferecimento do beneficio previsto no artigo 89, da Lei 9.099/1995, oportunamente, ou seja, antes de proferida sentença condenatória em seu desfavor, não ha que se falar em eiva a contaminar o processo, considerando-se precluso o pleito de aplicação da citada benesse. (FIs. 367-368). A par desse aspecto, o acórdão impugnado revela interpretação de normas estritamente legais, não ensejando campo ao acesso ao Supremo. À mercê de articulação sobre a violência à Carta da República, pretende-se submeter a análise matéria que não se enquadra no inciso III do artigo 102 da Constituição Federal. Acresce que, no caso, o que sustentado nas razões do extraordinário não foi enfrentado pelo Órgão julgador. Assim, padece o recurso da ausência de prequestionamento, esbarrando nos Verbetes nº 282 e 356 da Súmula do Supremo. No mais, o Tribunal, no recurso extraordinário com agravo nº 748.371/MT, da relatoria do ministro Gilmar Mendes, consignando a natureza infraconstitucional da matéria, entendeu não ter repercussão geral o tema relativo à suposta violação ao devido processo legal (contraditório e ampla defesa) quando o julgamento da causa depender de prévia análise da adequada aplicação das normas infraconstitucionais. Este agravo somente serve à sobrecarga da máquina judiciária, ocupando espaço que deveria ser utilizado na apreciação de outro processo. 3. Conheço do agravo interposto por Juarez Pinto e o desprovejo. 4. Publiquem. Brasília, 26 de agosto de 2016. Ministro MARCO AURÉLIO Relator","DECISÃO RECURSO EXTRAORDINÁRIO – MATÉRIA FÁTICA – INTERPRETAÇÃO DE NORMAS LEGAIS – FALTA DE PREQUESTIONAMENTO - INVIABILIDADE - DESPROVIMENTO DO AGRAVO. 

1. O Tribunal Superior Eleitoral considerou que a matéria sobre a falta de suspensão condicional do processo está preclusa, pois trata-se de uma nulidade relativa não citada pela defesa no momento certo. O recorrente alega violação do artigo 5º, inciso LV, da Constituição Federal e diz que a matéria não está preclusa porque foi abordada antes da sentença. 

2. O recurso extraordinário é diferente do recurso de apelação. Ele é usado em casos excepcionais, com base nas regras do tribunal original. A jurisprudência mostra que não há direito a recurso extraordinário para simples revisão de provas. O acórdão diz que o recorrente não agiu antes da sentença e que não houve reclamação sobre a falta de proposta de suspensão. Portanto, a matéria está preclusa.

3. O recurso não tem fundamento porque não houve questionamento sobre a falta de proposta de suspensão, o que é necessário para a aplicação do benefício legal. Além disso, o tema não se enquadra no inciso III do artigo 102 da Constituição Federal e não foi analisado pelo tribunal. 

4. O recurso é desprovado por falta de prequestionamento e pela sobrecarga do sistema judiciário. 

Conheço o agravo interposto por Juarez Pinto e desprovo ação. 

Brasília, 26 de agosto de 2016. Ministro MARCO AURÉLIO Relator",199901,13.81,25.59,11.78,0.915156900882721,310,114,196,
"DECISÃO ADOÇÃO DO RITO DO ART. 12, DA LEI N. 9.868/99. PEDIDO DE INFORMAÇÕES E SUBSEQÜENTE MANIFESTAÇÃO DA AGU E DA PGR NO PRAZO LEGAL. 1. Ação Direta de Inconstitucionalidade, com pedido de medida cautelar, ajuizada pela Associação dos Magistrados Brasileiros – AMB contra “o § 3º do art. 81 da Lei Estadual n. 7.297, de 8 de janeiro de 1980, com a redação dada pela Lei n. 14.925, de 24 de novembro de 2005, ambas do Estado do Paraná” (fl. 2, grifos no original). 2. O Autor salienta que, ao tratar da fixação dos subsídios dos membros da magistratura estadual, as normas impugnadas teriam desrespeitado o art. 93, inc. V, da Constituição da República, pois não teriam observado as diferenças máximas e mínimas entre as categorias da magistratura, considerada a estrutura judiciária nacional (fl. 7). Salienta ser obrigatória a fixação dos subsídios considerando a estrutura judiciária nacional, composta por apenas três categorias (Juiz Substituto, Juiz de Direito e Desembargador), e que o escalonamento vertical previsto pelas normas impugnadas - cinco categorias - importaria em “redução do valor que seria efetivamente devido aos magistrados paranaenses da entrância Intermediária, inicial e substitutos” (fl. 19). Acrescenta que, “se antes de tornar-se eficaz o sistema [de subsídios] introduzido pela EC 19/98, podiam os Estados fixar algum valor entre 5% e 10%, considerada a estrutura judiciária de cada Estado, agora, tal liberdade está em fixar algum valor entre 5% e 10% considerada a estrutura judiciária nacional” (fl. 21, grifos no original). Requer seja deferida medida cautelar “para o fim de suspender a eficácia do § 3º do art. 81 da Lei Estadual n. 7.297, de 8 de janeiro de 1980, com redação dada pela Lei n. 14.925, de 24 de novembro de 2005, ambas do Estado do Paraná, determinando que seja observado, até o julgamento final de mérito (...) os limites previstos no próprio inciso V, do art. 93, da CF” (fl. 49, grifos no original). No mérito, pede seja julgado procedente o pedido (fl. 50). 3. Adoto o rito do art. 12 da Lei n. 9.868/99 e determino sejam solicitadas, com urgência e prioridade, informações do Governador do Estado do Paraná, para que as preste no prazo máximo e improrrogável de dez dias. Imediatamente após aquele prazo, vista ao Advogado-Geral da União e ao Procurador-Geral da República, sucessivamente, para que cada qual se manifeste, na forma da legislação vigente, no prazo máximo e igualmente improrrogável e prioritário de cinco dias cada qual (art. 12 da Lei n. 9.868/99). Publique-se. Brasília, 5 de junho de 2009. Ministra CÁRMEN LÚCIA Relatora","A Associação dos Magistrados Brasileiros ajuizou uma ação direta de inconstitucionalidade com pedido de medida cautelar contra o § 3º do art. 81 da Lei Estadual n. 7.297, de 8 de janeiro de 1980, com a redação dada pela Lei n. 14.925, de 24 de novembro de 2005, ambas do Estado do Paraná. O autor alega que as normas impugnadas não respeitam o art. 93, inc. V, da Constituição, pois não consideraram as diferenças entre as categorias da magistratura. Pede que seja suspensa a eficácia dessas leis até o julgamento final, observando os limites do inciso V do art. 93. Solicita também informações ao governador do Paraná, com prazo de dez dias, e depois manifestações da AGU e da PGR, com cinco dias cada.",49608,52.49,52.91,0.4199999999999946,0.8929688930511475,179,76,103,
"DECISÃO AGRAVO DE INSTRUMENTO. CIVIL. SISTEMA FINANCEIRO DE HABITAÇÃO SFH. SALDO DEVEDOR. CRITÉRIOS DE REAJUSTE. PLANO DE EQUIVALÊNCIA SALARIAL E AMORTIZAÇÃO. INEXISTÊNCIA DE REPERCUSSÃO GERAL DA QUESTÃO. AGRAVO AO QUAL SE NEGA SEGUIMENTO. Relatório 1. Agravo de instrumento contra decisão que não admitiu recurso extraordinário, interposto com base na alínea a do inc. III do art. 102 da Constituição da República. 2. O Tribunal de Justiça de São Paulo julgou embargos infringentes, nos termos seguintes: “SISTEMA FINANCEIRO DA HABITAÇÃO – Pactuação do reajustamento do saldo devedor do financiamento imobiliário pelos índices utilizados no sistema de poupança livre – Admissibilidade da utilização da TR, por ser o indexador aplicável às cadernetas de poupança – Prevalência do voto vencido – Preliminar de deserção afastada – Embargos infringentes conhecidos em parte e acolhidos na parte conhecida” (fl. 988). 3. No recurso extraordinário, alega o Agravante que o Tribunal a quo teria contrariado o art. 5º, inc. II e XXXVI, da Constituição. Sustenta ser “impossível uma alteração imposta aos contratos de financiamento, alterando a forma de amortização e excluindo encargos contratados e legalmente previstos, pois seria, além de intervenção indevida no contrato, uma violação ao ato jurídico perfeito e ao Princípio da Legalidade, nos precisos termos do artigo 5º, incisos II e XXXVI, da CF” (fl. 1.076, grifos no original). 4. A decisão agravada teve como fundamento para a inadmissibilidade do recurso extraordinário a circunstância de que, se houvesse contrariedade à Constituição, essa seria indireta (fls. 1.074-1.075). Apreciada a matéria trazida na espécie, DECIDO. 5. Ao examinar a preliminar de repercussão geral do Recurso Extraordinário n. 579.073, Relator o Ministro Cezar Peluso, este Supremo Tribunal assentou a inexistência de questão constitucional em matéria idêntica à discutida nestes autos: “RECURSO. Extraordinário. Incognoscibilidade. Sistema financeiro da habitação. Contrato de mútuo. Saldo devedor. Critério de reajuste. Questão infraconstitucional. Precedentes. Ausência de repercussão geral. Recurso extraordinário não conhecido. Não apresenta repercussão geral o recurso extraordinário que, tendo por objeto questão relativa ao critério de reajuste de saldo devedor de contrato de mútuo firmado no âmbito do sistema financeiro da habitação, versa sobre matéria infraconstitucional” (DJe 12.11.2009 grifei). 6. Declarada a ausência de repercussão geral, os recursos extraordinários e agravos de instrumento, que suscitarem a mesma questão, podem ter o seu seguimento negado pelos respectivos relatores, conforme o § 1º do art. 327 do Regimento Interno do Supremo Tribunal Federal. 7. Assim, nada há a prover quanto às alegações da Agravante. 8. Pelo exposto, nego seguimento a este agravo (art. 557, caput, do Código de Processo Civil e art. 21, § 1º, do Regimento Interno do Supremo Tribunal Federal). Publique-se. Brasília, 23 de maio de 2011. Ministra CÁRMEN LÚCIA Relatora","DECISÃO AGRAVO DE INSTRUMENTO. CIVIL. SISTEMA FINANCEIRO DE HABITAÇÃO SFH. SALDO DEVEDOR. CRITÉRIOS DE REAJUSTE. PLANO DE EQUIVALÊNCIA SALARIAL E AMORTIZAÇÃO. INEXISTÊNCIA DE REPERCUSSÃO GERAL DA QUESTÃO. AGRAVO AO QUAL SE NEGA SEGUIMENTO.

Relatório:

1. O agravo é contra a decisão que negou o recurso extraordinário, baseado na alínea a do inc. III do art. 102 da Constituição.

2. O Tribunal de Justiça de São Paulo julgou os embargos infringentes, dizendo que a utilização da TR é válida, que o voto vencido não prevalece e que os embargos são conhecidos em parte e acolhidos na parte conhecida.

3. No recurso extraordinário, o Agravante afirma que o tribunal violou a Constituição, pois alterou contratos de financiamento, mudando a forma de amortização e excluindo encargos contratados, o que seria uma intervenção indevida e uma violação ao ato jurídico perfeito e ao princípio da legalidade.

4. A decisão agravada afirma que a contrariedade à Constituição seria indireta.

5. O Supremo Tribunal concluiu que não há repercussão geral sobre o critério de reajuste do saldo devedor em contratos de mútuo no sistema financeiro da habitação, pois trata de matéria infraconstitucional.

6. Por falta de repercussão geral, recursos com a mesma questão podem ter seu seguimento negado.

7. Assim, não há nada a prover quanto às alegações do Agravante.

8. Pelo exposto, nego seguimento ao agravo (art. 557, caput, do Código de Processo Civil e art. 21, § 1º, do Regimento Interno do Supremo Tribunal Federal). Publique-se. Brasília, 23 de maio de 2011. Ministra CÁRMEN LÚCIA Relatora.",102179,22.2,32.9,10.7,0.9464020729064941,212,131,81,
"1. Trata-se de recurso extraordinário interposto contra acórdão do TJDFT assim ementado: “APELAÇÃO CÍVEL. PREVIDENCIÁRIO. SERVIDOR PÚBLICO DISTRITAL. ATIVIDADE INSALUBRE. APOSENTADORIA. CONTAGEM ESPECIAL DO TEMPO DE SERVIÇO. IMPOSSIBILIDADE. 1 – A competência para apreciar pedido referente à contagem de tempo de serviço, de servidor público transposto do regime celetista de trabalho para o estatutário, pertence à Justiça do Trabalho. 2 – A não edição de lei complementar que discipline a contagem do tempo de serviço do servidor público em atividades insalubres, impõe seu cômputo na forma prevista na lei em vigência para os servidores estatutários. 3 – Recurso voluntário e remessa de ofício conhecidos e providos.” (Fl. 123). 2. Nas razões do RE, sustenta-se ofensa aos artigos 5º, caput e 40, §4º, da Constituição Federal. Os recorrentes requerem o deferimento do seu “direito à contagem de tempo de serviço em atividades insalubres/penosas de forma especial, tanto no período celetista como no regime estatutário, aplicando-se o fator de multiplicação previsto no Regime Geral da Previdência Social” (fl. 208). 3. Admitido o recurso na origem (fls. 220-222), subiram os autos. 4. Preliminarmente, verifico que houve a interposição de Recurso Especial contra o referido acórdão do TJDFT com pedido idêntico ao deste RE. Ao REsp foi dado parcial provimento para determinar a “conversão do tempo de serviço prestado como celetista, em condições especiais, com o acréscimo legal decorrente da insalubridade” (fl. 237). Portanto, resta prejudicado o presente RE no que tange ao período celetista, remanescendo a análise do pedido de contagem de tempo de serviço em atividades insalubres/penosas de forma especial no regime estatutário, matéria que passo a examinar. 5. O Supremo Tribunal Federal já pacificou seu entendimento sobre o tema, quando do julgamento do MI 721, rel. Min. Marco Aurélio, Pleno, DJe 30.11.2007, em que se determinou que, inexistindo legislação específica sobre aposentadoria especial do servidor público, impõe-se a adoção, via pronunciamento judicial, daquela aplicada aos trabalhadores em geral, art. 57, §1º, da Lei 8.213/91. O entendimento apresentado acima foi reafirmado no julgamento do MI 758/DF, rel. Min. Marco Aurélio, Pleno, DJe 26.09.2008, assim ementado: “MANDADO DE INJUNÇÃO - NATUREZA. Conforme disposto no inciso LXXI do artigo 5º da Constituição Federal, conceder-se-á mandado de injunção quando necessário ao exercício dos direitos e liberdades constitucionais e das prerrogativas inerentes à nacionalidade, à soberania e à cidadania. Há ação mandamental e não simplesmente declaratória de omissão. A carga de declaração não é objeto da impetração, mas premissa da ordem a ser formalizada. MANDADO DE INJUNÇÃO - DECISÃO - BALIZAS. Tratando-se de processo subjetivo, a decisão possui eficácia considerada a relação jurídica nele revelada. APOSENTADORIA - TRABALHO EM CONDIÇÕES ESPECIAIS - PREJUÍZO À SAÚDE DO SERVIDOR - INEXISTÊNCIA DE LEI COMPLEMENTAR - ARTIGO 40, § 4º, DA CONSTITUIÇÃO FEDERAL. Inexistente a disciplina específica da aposentadoria especial do servidor, impõe-se a adoção, via pronunciamento judicial, daquela própria aos trabalhadores em geral - artigo 57, § 1º, da Lei nº 8.213/91.” Nesse sentido, cito, ainda, o MI 1.083/DF, rel. Min. Marco Aurélio, Pleno, DJe 03.09.2010. Dessa orientação divergiu o acórdão recorrido. 6. Ante o exposto, com fundamento no art. 557, §1º-A, do CPC, dou provimento ao recurso extraordinário. Ficam invertidos os ônus da sucumbência. Publique-se. Brasília, 28 de setembro de 2010. Ministra E LLEN G RACIE Relatora Documento assinado digitalmente","1. O recurso foi interposto contra uma decisão do TJDFT que dizia: ""APELAÇÃO CÍVEL. PREVIDENCIÁRIA. SERVIDOR PÚBLICO DISTRITAL. ATIVIDADE INSALUBRE. APOSENTADORIA. CONTAGEM ESPECIAL DO TEMPO DE SERVIÇO. IMPOSSIBILIDADE. 1 – A competência para apreciar pedido referente à contagem de tempo de serviço, de servidor público transposto do regime celetista de trabalho para o estatutário, pertence à Justiça do Trabalho. 2 – A não edição de lei complementar que discipline a contagem do tempo de serviço do servidor público em atividades insalubres, impõe seu cômputo na forma prevista na lei em vigência para os servidores estatutários. 3 – Recurso voluntário e remessa de ofício conhecidos e providos."" (Fl. 123). 

2. No recurso, alega-se violação dos arts. 5º, caput e 40, §4º, da Constituição Federal. Os recorrentes querem que seu direito à contagem de tempo de serviço em atividades insalubres/penosas seja reconhecido, tanto no período celetista quanto no estatutário, aplicando-se o fator de multiplicação previsto no Regime Geral da Previdência Social. 

3. O recurso foi admitido na origem (fls. 220-222), e os autos foram subidos. 

4. Verificou-se que houve também um Recurso Especial contra o acórdão do TJDFT, com pedido semelhante ao deste RE. Ao REsp foi dado parcial provimento para determinar a ""conversão do tempo de serviço prestado como celetista, em condições especiais, com o acréscimo legal decorrente da insalubridade"" (fl. 237). Portanto, resta prejudicado o presente RE no que tange ao período celetista, remanescendo a análise do pedido de contagem de tempo de serviço em atividades insalubres/penosas no regime estatutário.

5. O Supremo Tribunal Federal já pacificou seu entendimento sobre o tema, determinando que, quando não houver lei específica sobre aposentadoria especial do servidor público, deve-se usar a regra aplicada aos trabalhadores em geral, prevista na Lei 8.213/91. Essa orientação foi reafirmada em outros processos.

6. Com base nisso, o recurso foi deferido. Ficam invertidos os ônus da sucumbência. Publique-se. Brasília, 28 de setembro de 2010. Ministra E LLEN G RACIE Relatora Documento assinado digitalmente.",80123,33.73,36.09,2.3600000000000065,0.9469089508056641,246,167,79,
"DECISÃO RECURSO EXTRAORDINÁRIO - MATÉRIA FÁTICA - INVIABILIDADE - DESPROVIMENTO DO AGRAVO. 1. O Tribunal de Justiça do Estado de São Paulo negou provimento ao apelo, ante fundamentos assim sintetizados (folha 89): RESPONSABILIDADE CIVIL - METRÔ - Queda de passageira no vão entre a plataforma e o trem. Falta de comprovação da existência de adequadas medidas de segurança e de pronto socorro - Dano moral confirgurado. Recurso improvido. 2. A recorribilidade extraordinária é distinta daquela revelada por simples revisão do que decidido, na maioria das vezes procedida mediante o recurso por excelência - a apelação. Atua-se em sede excepcional à luz da moldura fática delineada soberanamente pela Corte de origem, considerando-se as premissas constantes do acórdão impugnado. A jurisprudência sedimentada é pacífica a respeito, devendo-se ter presente o Verbete nº 279 da Súmula deste Tribunal: Para simples reexame de prova não cabe recurso extraordinário. A Corte de origem expressamente consignou a culpa da agravante, ante a omissão na adoção de medidas de segurança, que poderiam ter evitado a queda da agravada. As razões do extraordinário partem de pressupostos fáticos estranhos à decisão atacada, buscando-se, em última análise, conduzir esta Corte ao reexame dos elementos probatórios para, com fundamento em quadro diverso, assentar a viabilidade do recurso. 3. Conheço do agravo e o desprovejo. 4. Publiquem. Brasília, 9 de abril de 2008. Ministro MARCO AURÉLIO Relator","Decisão de recurso extraordinário – matéria fática – inviabilidade – desprovimento do agravo. 1. O Tribunal de Justiça do Estado de São Paulo negou provimento ao apelo, com base em fundamentos que podem ser resumidos (folha 89): responsabilidade civil – metrô – queda de passageira entre a plataforma e o trem. Falta de comprovação de medidas de segurança e de socorro imediato – dano moral confirmado. Recurso improvido. 2. A recorribilidade extraordinária é diferente daquela que surge apenas pela revisão do que foi decidido, geralmente por meio do recurso de apelação. Trabalha-se em sede excepcional com base na questão fática definida pela Corte original, considerando as premissas do acórdão contestado. A jurisprudência é clara nesse aspecto, e deve-se levar em conta o Verbete nº 279 da Súmula deste Tribunal: para reexaminar prova não cabe recurso extraordinário. A Corte original explicitamente atribuiu a culpa à parte que reclama, por não ter adotado medidas de segurança que poderiam evitar a queda. As razões do recurso extraordinário partem de fatos estranhos ao decisão atacada, buscando levar esta Corte a reexaminar os elementos probatórios para, com base em um quadro diferente, determinar a viabilidade do recurso. 3. Conheço do agravo e o desprovojo. 4. Publiquem. Brasília, 9 de abril de 2008. Ministro MARCO AURÉLIO Relator.",42181,18.36,24.36,6.0,0.9751608371734619,140,126,14,
"DECISÃO RECURSO EXTRAORDINÁRIO –NORMAS LEGAIS – INTERPRETAÇÃO – INVIABILIDADE – NEGATIVA DE SEGUIMENTO. 1. A leitura do acórdão impugnado mediante o extraordinário revela ter o Tribunal de origem julgado a apelação com base em interpretação de norma estritamente legal – as Leis nº 9.612/98 e 9.472/97 –, não ensejando campo ao acesso ao Supremo. A tentativa acaba por fazer-se voltada a transformá-lo em mero revisor dos atos dos demais tribunais do País. Na situação concreta, o Colegiado procedeu a julgamento fundamentado de forma consentânea com a ordem jurídica. À mercê de articulação sobre a violência à Carta da República, pretende-se submeter a análise matéria que não se enquadra no inciso III do artigo 102 da Constituição Federal. 2. Ante o quadro, nego seguimento ao extraordinário. 3. Publiquem. Brasília, 12 de novembro de 2015. Ministro MARCO AURÉLIO Relator","DECISÃO RECURSO EXTRAORDINÁRIO – NORMAS LEGAIS – INTERPRETAÇÃO – INVIABILIDADE – NEGATIVA DE SEGUIMENTO. 1. O acórdão impugnado mostra que o tribunal de origem julgou a apelação com base em interpretações das leis 9.612/98 e 9.472/97, sem permitir acesso ao Supremo. A tentativa de revisão dos atos dos outros tribunais não se justifica na situação concreta, onde o julgamento foi feito de forma compatível com a ordem jurídica. A análise sobre violência contra a Carta da República não é aplicável ao inciso III do artigo 102 da Constituição Federal. 2. Por isso, nego seguimento ao recurso extraordinário. 3. Publiquem. Brasília, 12 de novembro de 2015. Ministro MARCO AURÉLIO Relator",193295,32.58,36.2,3.6200000000000045,0.8036203384399414,94,76,18,
"Trata-se de agravo nos próprios autos interposto contra decisão que negou seguimento a anterior agravo uma vez que a decisão que inadmitiu o recurso extraordinário fundamentou-se na sistemática da repercussão geral. Tendo em vista o trânsito em julgado dessa decisão (certidão de fls. 428), nada há a prover quanto à presente petição. Proceda-se à baixa dos autos à origem, independentemente da publicação deste despacho. Publique-se. Brasília, 7 de agosto de 2015. Ministro Ricardo Lewandowski Presidente","Trata-se de recurso contra a decisão que negou o anterior recurso, pois a decisão que rejeitou o recurso extraordinário se baseou na sistemática da repercussão geral. Como a decisão já entrou em julgado (certidão das fls. 428), não há nada a prover quanto ao presente pedido. Os autos serão baixados para a origem, sem necessidade de publicar este despacho. Publique-se. Brasília, 7 de agosto de 2015. Ministro Ricardo Lewandowski Presidente",141052,30.7,38.65,7.949999999999999,0.9300096035003662,56,54,2,
"DECISÃO: Trata-se de agravo contra decisão de inadmissibilidade de recurso extraordinário que impugna acórdão da Primeira Turma Recursal de Governador Valadares - Tribunal de Justiça de Minas Gerais, o qual manteve na íntegra a sentença de primeiro grau que condenou a parte no pagamento de indenização por danos morais. (fls. 141-143) No recurso extraordinário, interposto com fundamento no artigo 102, III, “a”, da Constituição Federal, aponta-se violação aos artigos 2º, 21, inciso XI; 109, inciso I; e 175 do texto constitucional. Argumenta-se, em síntese, o seguinte: “(...) tem-se que o órgão prolator da decisão recorrida é incompetente para processar o feito, uma vez que a presença da ANATEL na lide é imprescindível para regularidade processual, razão pela qual a mesma deveria integrar a lide e a ação é de competência da Justiça Federal”. (fls. 162-163 – grifos no original) Decido. A pretensão recursal não merece prosperar. O tema de fundo do recurso extraordinário refere-se à competência do Juizado Especial para o conhecimento e julgamento da controvérsia que envolve prestação de serviço de telefonia móvel. Verifico que o acórdão recorrido encontra-se em perfeita consonância com a jurisprudência desta Corte. O Supremo Tribunal Federal concluiu, no julgamento do RE-RG 567.454, Rel. Min. Ayres Britto, DJe 28.3.2008, pela existência de repercussão geral de questão constitucional idêntica à dos autos. No julgamento do mérito do recurso, o Plenário desta Corte firmou entendimento no sentido de que o processamento e o julgamento dos feitos em que se discute a possibilidade da cobrança de assinatura básica mensal de serviço de telefonia fixa estão no âmbito da competência da Justiça comum, incluídos os Juizados Especiais. Com efeito, restaram superadas as alegações acerca da inclusão na lide da Agência Nacional de Telecomunicações – Anatel. Quanto ao mérito, decidiu-se pela infraconstitucionalidade da matéria, uma vez que não prescinde da interpretação da legislação ordinária pertinente, sendo assim incabível o reexame em sede de recurso extraordinário. O referido julgado foi assim ementado: “TELEFONIA. COBRANÇA DE ASSINATURA BÁSICA. DECISÃO RECORRIDA QUE SE LIMITOU A EXAMINAR O CONTRATO ENTRE A CONCESSIONÁRIA DE SERVIÇO PÚBLICO E O CONSUMIDOR. AUSÊNCIA DE INTERESSE DA ANATEL. MATÉRIA EXCLUSIVAMENTE DE DIREITO. CAUSA DECIDIDA, TÃO-SOMENTE, COM BASE NA LEGISLAÇÃO INFRACONSTITUCIONAL PERTINENTE. 1. Caso em que não se está a discutir o contrato de concessão entre a agência reguladora e a concessionária de serviço público. A controvérsia não vincula senão consumidor e a concessionária de serviço de telefonia. De mais a mais, a agência reguladora a ANATEL não manifestou, expressamente, interesse na solução da controvérsia. Pelo que não há falar de interesse, jurídico ou econômico, da ANATEL. 2. A questão alusiva à cobrança da assinatura básica é unicamente de direito e não apresenta complexidade apta a afastar o seu processamento pelo Juizado Especial. 3. O mérito da causa está circunscrito à legislação infraconstitucional, notadamente o Código de Defesa do Consumidor. 4. Recurso conhecido em parte e, nesta parte, desprovido. Fica mantido o acórdão impugnado, que deu pela ilegalidade da cobrança da assinatura básica”. Ante o exposto, conheço do presente agravo para negar seguimento ao recurso extraordinário (Art. 544, § 4º, II, “b”, do CPC). Publique-se. Brasília, 27 de setembro de 2012. Ministro GILMAR MENDES Relator Documento assinado digitalmente.","DECISÃO: Há um recurso contra uma decisão que diz que o pedido não pode ser considerado. Essa decisão foi sobre um acórdão da Primeira Turma de Governador Valadares, que manteve a sentença que condenou alguém ao pagamento de danos morais. No recurso, diz-se que houve violação de alguns artigos da Constituição. O argumento é que o órgão que fez a decisão não tem competência porque a ANATEL precisa estar envolvida para o processo ser válido. Decidi que esse recurso não tem força. A questão está sobre quem pode processar um caso envolvendo telefonia. A decisão está de acordo com o que a Corte já decidiu. O Supremo Tribunal achou que a matéria não precisa da ANATEL e está no âmbito da Justiça Federal. O mérito foi julgado como infraconstitucional, então o recurso não pode ser reexaminado. Conheço do agravo para negar o recurso. Brasília, 27 de setembro de 2012. Ministro GILMAR MENDES Relator Documento assinado digitalmente.",125258,22.1,36.18,14.079999999999998,0.8662025928497314,252,95,157,
"1. Waldir Neves Barbosa, Luiz Tenório de Melo, Cícero Antônio de Souza, Akira Otsubo e Manoel Félix Nelito Câmara, todos deputados estaduais pelo Estado de Mato Grosso do Sul, ajuizaram, na primeira instância da Justiça Estadual, Comarca de Brasilândia-MS, ação popular em desfavor da CESP - Companhia Energética São Paulo, tendo por objeto a invalidação do ""Edital do leilão de privatização da CESP, em razão dos vícios acima apontados, responsabilizando-a e condenando-a a reparar todos os danos decorrentes de sua conduta, tal como isto foi elencado anteriormente, quanto aos prejuízos causados ao patrimônio público, ao meio ambiente e ao patrimônio histórico e cultural, apurando-se via perícia (art. 14 da Lei 4.717/65) o quantum a favor dos Municípios de Brasilândia e Santa Rita do Pardo"" (fl. 15). Sustentam os autores, em síntese, que o Edital de privatização não prevê a obrigação do comprador da CESP de arcar com os prejuízos causados ao patrimônio público local, decorrentes da construção da Usina Hidrelétrica Engenheiro Sérgio Motta, no Estado de Mato Grosso do Sul. A liminar foi deferida (fls. 447-450), para o fim específico de determinar a suspensão da realização do leilão de privatização da Companhia Energética de São Paulo, até o final da contenda, tendo a Cesp agravado dessa decisão (fl. 469). Foi apresentada contestação pela ré às fls. 494-531, na qual requereu a citação do Estado de São Paulo, com base no art. 47 do CPC. Posteriormente, a ação foi requisitada por esta Corte (fl. 763), em razão do deferimento do pedido do Estado de São Paulo para que se incluíssem na Rcl 1.061, além deste, os processos nº. 421/2000 - Comarca de Bataguaçu-MS, e nº. 618/2000, Comarca de Nova Andradina-MS, em razão da conexão, sendo autuada como ACO 603. As liminares concedidas nos feitos em questão foram revogadas. A referida reclamação, formulada pelo Estado de São Paulo, foi julgada procedente, por decisão plenária de 02 de junho de 1999, tendo o STF reconhecido a existência de conflito federativo (art. 102, inc. I, alínea f). Parecer da Procuradoria-Geral da República às fls. 777-783. É o relatório. 2. Na Reclamação 1.061, esta Suprema Corte, ao analisar a alegada usurpação de sua competência em razão de suposto conflito federativo, teve que enfrentar, necessariamente, a questão relativa ao interesse do Estado de São Paulo nas lides sob enfoque (cinco ações públicas, propostas em diversas Comarcas do Estado de Mato Grosso, todas contra a CESP - Companhia Energética de São Paulo, pelo Ministério Público de Mato Grosso do Sul e pelo próprio Estado, visando à anulação de cisão societária da ré, em face de alegada diminuição da garantia de crédito ambiental), momento em que concluiu pela legitimidade passiva do ente federado para integrar os referidos processos. É o que se verifica no voto proferido pelo Ministro Octavio Gallotti, relator do feito: ""(...) A par da realidade subjacente às causas em tramitação (efeitos da inundação, pela empresa controlada, de porção de território confrontante vizinho), a pretensão atualmente deduzida em Juízo, embora adjetivamente dirigida à CESP, alcança, indireta, mas eficaz e substancialmente, o Estado de São Paulo. Tal se dá, além do vultoso aspecto patrimonial, mais ainda sob o ângulo da ingerência no desempenho da política energética paulista e da atividade governamental de desestatização, embaraçada pela concessão das liminares. São, aliás, os próprios autores das ações, os primeiros a vincular o pleito à atuação do Conselho Diretor do Programa Estadual de Desestatização, órgão da administração direta paulista, ao asseverarem, com todas as letras: ""Por esta razão, de nada valerá obstar os atos deliberativos e a suspensão de publicação dos editais, como medidas preventivas e assecuratórias do crédito ambiental dos autores, sem que igualmente, referida proibição seja estendida a referido Conselho"" (cópia da petição inicial da ação civil pública por cópia às fls. 43). (...) Ante o exposto, julgo procedente a reclamação, para anular as decisões, por usurpação da competência do Supremo Tribunal, proferidas, em primeiro ou segundo grau de jurisdição, nas ações de início referidas, e avocá-las, todas, ao conhecimento desta Corte (...)."" Nesse mesmo sentido, colho parte dos votos proferidos pelos Ministros Ilmar Galvão, Moreira Alves e Maurício Corrêa, respectivamente, no julgamento da Reclamação 1.061: ""(...) no momento em que se procura obstaculizar, judicialmente, a cisão da CESP, a ação passa a ter por objeto o controle acionário da empresa, a qual, por isso, não pode integrar a relação processual, cedendo seu lugar ao controlador, no caso, o Estado de São Paulo, titular do interesse de cindir para privatizar, cindir para alienar o controle acionário de que é detentor (...). ""(...) no caso, parece-me absolutamente certo que há interesse jurídico do controlador necessário da empresa a ser cindida. Ele tem interesse em opor-se à anulação dessa cisão (...)."" ""(...) as ações civis ora em julgamento nas comarcas sul-matogrossenses banhadas pela represa interferem na autonomia do Estado de São Paulo, dado que como se viu, possui ele controle acionário da CESP, empresa que precisa ser cindida para os efeitos dos planos paulistas de sua privatização (...)."" Como visto, embora a presente ação não constasse no pedido originário da Rcl 1.061, foi nesta incluída em razão de requerimento incidental do reclamante. Na oportunidade, ao deferir o pedido, assim me pronunciei: ""(...) relegando a segundo plano a formal composição do processo e dando relevo à substância do litígio, tais ações populares, como se vê, conectam-se às ações civis públicas objeto desta reclamação pelos mesmos fatos e fundamentos jurídicos - construção da referida usina e obrigação de ressarcimento pelos danos causados por um Estado a outro -, evidenciando a subjacente existência de verdadeiro conflito federativo, a deslocar a competência para processamento e julgamento das causas a este Supremo Tribunal (art. 102, I, f da CF)."" Desse modo, ficou superada pelo Supremo Tribunal Federal a questão referente à legitimidade da intervenção do Estado de São Paulo na lide ora em análise, passando o ente político, por conseqüência, a integrar o feito como litisconsorte passivo necessário. Todavia, verifico que em nenhum momento foi formalizada a sua citação, ato que reputo essencial para o desenvolvimento válido e regular do processo, como também para o exercício do direito à ampla defesa, previsto constitucionalmente. 3. Ante o exposto, chamo o feito à ordem para determinar a citação do Estado de São Paulo, fixando em 30 (trinta) dias o prazo para a contestação (art. 247, § 1º, RISTF). Publique-se. Brasília, 10 de outubro de 2005. Ministra Ellen Gracie Relatora","1. Waldir Neves Barbosa, Luiz Tenório de Melo, Cícero Antônio de Souza, Akira Otsubo e Manoel Félix Nelito Câmara, todos deputados do Mato Grosso do Sul, ajuizaram uma ação popular contra a CESP, pedindo a invalidação do edital de privatização por vícios. Eles querem que a CESP repare danos ao patrimônio público, meio ambiente e cultura. A liminar foi deferida para suspender o leilão até o fim da contestação. O Estado de São Paulo contestou, pedindo a inclusão dos processos em uma reclamação. A Corte aceitou, mas as liminares foram revogadas. O STF reconheceu um conflito federativo.

2. Na reclamação 1.061, a Suprema Corte analisou se o Estado de São Paulo tinha direito de participar das ações contra a CESP. Concluiu que sim, pois as ações afetam a política energética paulista. Os autores das ações vincularam o pleito ao controle do Estado sobre a CESP. A Corte julgou a reclamação procedente, anulando decisões que usurpavam sua competência e transferindo os processos para ela.

3. Por isso, o Supremo Tribunal Federal determinou a citação do Estado de São Paulo, que não foi formalizada. O prazo para contestação foi fixado em 30 dias.",10766,18.1,36.24,18.14,0.9181298613548279,479,121,358,
"Decisão: Trata-se de recurso extraordinário remetido ao Tribunal de Justiça do Estado de Mato Grosso do Sul para que se cumprisse o disposto no art. 543-B do CPC/1973, uma vez que a controvérsia suscitada no extraordinário estaria representada na sistemática de repercussão geral, pelo Tema 191, cujo paradigma é o RE-RG 596.478, Rel. Min. Dias Toffoli, DJe 2.10.2009. (eDOC 3) Encaminhados os autos ao Tribunal de origem, este devolveu o processo ao STF, ao fundamento de que a controvérsia tratada no Tema 191 não se aplica ao presente feito. (eDOC 5, p. 5) Após detida análise dos autos, observo que a matéria, do modo como é trazida na petição de recurso extraordinário, é diversa do citado paradigma. Entretanto, verifico que o assunto versado no apelo extremo corresponde ao tema 608 da sistemática da repercussão geral, cujo paradigma é o ARE-RG 709.212, de minha relatoria, DJe 19.2.2015. Desse modo, torno sem efeito a devolução do eDOC 3, e determino a remessa dos autos ao tribunal de origem, para que observe o disposto no art. 1.036 do Código de Processo Civil. Publique-se. Brasília, 29 de setembro de 2016. Ministro Gilmar Mendes Relator Documento assinado digitalmente","Decisão: O recurso extraordinário foi remetido ao Tribunal de Justiça do Estado de Mato Grosso do Sul para que cumprisse o art. 543-B do CPC/1973, pois a controvérsia está representada no Tema 191, cujo exemplo é o RE-RG 596.478, Rel. Min. Dias Toffoli, DJe 2.10.2009. O tribunal de origem devolveu o processo ao STF, alegando que o Tema 191 não se aplica ao caso. Após analisar os autos, percebi que a matéria é diferente do paradigma citado, mas corresponde ao Tema 608, cujo exemplo é o ARE-RG 709.212, de minha relatoria, DJe 19.2.2015. Portanto, anulo a devolução e remeto os autos ao tribunal de origem para que observe o art. 1.036 do Código de Processo Civil. Publique-se. Brasília, 29 de setembro de 2016. Ministro Gilmar Mendes Relator Documento assinado digitalmente.",219982,55.44,73.75,18.310000000000002,0.8454846739768982,106,78,28,
"DECISÃO RECURSO EXTRAORDINÁRIO COM AGRAVO. PROCESSUAL CIVIL. USUCAPIÃO. SÚMULA N. 279 DO SUPREMO TRIBUNAL FEDERAL. OFENSA CONSTITUCIONAL INDIRETA. AGRAVO AO QUAL SE NEGA SEGUIMENTO. Relatório 1. Agravo nos autos principais contra decisão que não admitiu recurso extraordinário, interposto com base na alínea a do inc. III do art. 102 da Constituição da República. 2. O Tribunal de Justiça de Santa Catarina decidiu: “APELAÇÃO CÍVEL – AÇÃO DE USUCAPIÃO – SENTENÇA DE IMPROCEDÊNCIA – INTEGRALIDADE DO IMÓVEL ADQUIRIDO PELO DEMANDADO EM ANTERIOR AÇÃO DE USUCAPIÃO TRANSITADA EM JULGADO (1981). PROCEDÊNCIA DE AÇÃO REIVINDICATÓRIA AJUIZADA PELOS REQUERIDOS CONTRA O PAI DO AUTOR (1995) – RECONHECIMENTO DA POSSE INJUSTA DO MESMO, SEM MENÇÃO DE EVENTUAL POSSE DO AUTOR. ALEGAÇÃO DE POSSE ‘AD USUCAPIONEM’ DO AUTOR TOCANTE À FRAÇÃO DO TERRENO – FRAÇÃO ADQUIRIDA DE SEU PAI POR ATO ‘INTER VIVOS’ E DE FORMA SINGULAR – POSSE DO ANTECESSOR VICIADA (INJUSTA) A QUE SE ABRE MÃO – NÃO CONFIGURAÇÃO DA ‘ACESSIO POSSESSIONIS’ (SOMA DE POSSES) – POSSIBILIDADE – INTELIGÊNCIA DO ART. 496 DO CÓDIGO CIVIL DE 1916. EXCEPCIONALIDADE DA DISPENSA DA PRODUÇÃO DE PROVAS EM AUDIÊNCIA – PECULIARIDADES DO CASO CONCRETO – CONJUNTO PROBATÓRIO SUFICIENTE À FORMAÇÃO DO CONVENCIMENTO DO MAGISTRADO – FARTA DOCUMENTAÇÃO INDICATIVA DO NÃO EXERCÍCIO DA POSSE MANSA E PACÍFICA PELO AUTOR POR VINTE ANOS – POSSE CONTESTADA DESDE O ANO 1995 – PROVA DA AQUISIÇÃO DA POSSE PELO AUTOR EM MOMENTO POSTERIOR ÀS DISCUSSÕES JUDICIAIS SOBRE O IMÓVEL – INTERSTÍCIO MENOR QUE VINTE ANOS – REQUISITOS DA AÇÃO DE USUCAPIÃO NÃO PREENCHIDOS – SENTENÇA DE IMPROCEDÊNCIA MANTIDA – RECURSO DESPROVIDO” (fl. 250). 3. A decisão agravada teve como fundamento para a inadmissibilidade do recurso extraordinário a ausência da preliminar formal de repercussão geral. 4. O Agravante argumenta que “demonstrou de forma ampla a repercussão geral do tema em debate, inclusive em tópico apartado e destacado” (fl. 420). No recurso extraordinário, alega que o Tribunal a quo teria contrariado o inc. LIV do art. 5º da Constituição da República. Apreciada a matéria trazida na espécie, DECIDO. 5. O art. 544 do Código de Processo Civil, com as alterações da Lei n. 12.322/2010, estabelece que o agravo contra decisão que não admite recurso extraordinário processa-se nos autos deste recurso, ou seja, sem a necessidade da formação de instrumento. Sendo este o caso, analisam-se, inicialmente, os argumentos expostos no agravo, de cuja decisão se terá, então, se for o caso, exame do recurso extraordinário. 6. Razão jurídica não assiste ao Agravante. O Desembargador Relator do caso no Tribunal de Justiça de Santa Catarina observou: “O autor insurge-se contra a sentença de improcedência, afirmando ser sua posse suficiente para o reconhecimento da aquisição da propriedade pela usucapião, porque teria exercido mansa e pacificamente, com ‘animus domino’, durante mais de vinte anos, motivo pelo qual abre mão da sucessão possessória em relação a seu pai (sucessão singular e por ato ‘inter vivos’). Inicialmente, alega a ocorrência de cerceamento de defesa, ante o julgamento antecipado da lide, aventando a necessidade de dilação probatória. No entanto, vale destacar que, após análise acurada do conjunto probatório, conclui-se não haver necessidade de produção de provas além das constantes nos autos, porque indicam com clareza a não configuração dos requisitos da usucapião. Dessa forma, por se tratar de matéria fática devidamente comprovada por meio de documentos, a análise do recurso do autor afastará, por si só, o alegado cerceamento de defesa. Com efeito, as provas produzidas no processo podem ser apreciadas livremente pelo magistrado, o qual, após confrontá-las, firmará seu posicionamento fundamentado naquelas que gozarem de maior credibilidade (art. 131 do CPC)” (fl. 245 – grifos nossos). Concluir de forma diversa do que decidido pelas instâncias originárias demandaria o reexame de prova constante dos autos, inviável em recurso extraordinário, nos termos do que dispõe a Súmula n. 279 do Supremo Tribunal Federal. Nesse sentido: “CONSTITUCIONAL. CIVIL. AGRAVO REGIMENTAL EM AGRAVO DE INSTRUMENTO. USUCAPIÃO ESPECIAL. MATÉRIA INFRACONSTITUCIONAL. FATOS E PROVAS. 1. O acórdão recorrido decidiu a lide com base na legislação infraconstitucional. Inadmissível o recurso extraordinário porquanto a ofensa à Constituição Federal, se existente, se daria de maneira reflexa. 2. Decidir de maneira diferente do que deliberado pelo tribunal a quo demandaria o reexame de fatos e provas da causa, ante a incidência da Súmula STF 279. 3. Agravo regimental improvido” (AI 586.219-AgR, Rel. Min. Ellen Gracie, Segunda Turma, DJe 11.9.2009). 7. Ademais, este Supremo Tribunal assentou que a alegação de contrariedade ao princípio da legalidade e a verificação, no caso concreto, da ocorrência, ou não, de ofensa ao direito adquirido, ao ato jurídico perfeito, à coisa julgada ou, ainda, aos princípios do devido processo legal, da ampla defesa, do contraditório e da jurisdição, se dependentes de análise prévia da legislação infraconstitucional (Código de Processo Civil), configurariam apenas ofensa constitucional indireta. Nesse sentido: “AGRAVO REGIMENTAL NO AGRAVO DE INSTRUMENTO. PROCESSUAL CIVIL. EXECUÇÃO FISCAL. EXCEÇÃO DE PRÉ-EXECUTIVIDADE REJEITADA. ALEGAÇÃO DE CONTRARIEDADE AO ART. 5º, INC. LIV E LV, DA CONSTITUIÇÃO DA REPÚBLICA. OFENSA CONSTITUCIONAL INDIRETA. AGRAVO REGIMENTAL AO QUAL SE NEGA PROVIMENTO. Este Supremo Tribunal Federal assentou que a alegação de contrariedade e a verificação, no caso concreto, da ocorrência, ou não, de ofensa ao direito adquirido, ao ato jurídico perfeito, à coisa julgada ou, ainda, aos princípios do devido processo legal, da ampla defesa, do contraditório e da prestação jurisdicional, se dependentes de análise prévia da legislação infraconstitucional, configurariam apenas ofensa constitucional indireta” (AI 573.345-AgR, de minha relatoria, Primeira Turma, DJe 12.5.2011). A decisão agravada, embasada nos dados constantes do acórdão recorrido, está em harmonia com a jurisprudência deste Supremo Tribunal, razão pela qual nada há a prover quanto às alegações do Agravante. 8. Pelo exposto, nego seguimento a este agravo (art. 544, § 4º, inc. II, alínea a, do Código de Processo Civil e art. 21, § 1º, do Regimento Interno do Supremo Tribunal Federal). Publique-se. Brasília, 7 de agosto de 2012. Ministra CÁRMEN LÚCIA Relatora","DECISÃO RECURSO EXTRAORDINÁRIO COM AGRAVO. PROCESSUAL CIVIL. USUCAPIÃO. SÚMULA N. 279 DO SUPREMO TRIBUNAL FEDERAL. OFENSA CONSTITUCIONAL INDIRETA. AGRAVO AO QUAL SE NEGA SEGUIMENTO.

Relatório:

1. Agravo contra decisão que negou recurso extraordinário, com base na alínea a do inc. III do art. 102 da Constituição.

2. O Tribunal de Justiça de Santa Catarina decidiu que a ação de usucapião não é procedente por falta de requisitos, como posse mansa e pacífica por mais de vinte anos. A sentença mantida foi confirmada, e o recurso foi desprovido.

3. A decisão agravada teve como fundamento a ausência da preliminar formal de repercussão geral.

4. O Agravante argumenta que demonstrou a repercussão geral do tema, mas o tribunal a quo não aceitou. Ele alega contrariedade ao inc. LIV do art. 5º da Constituição.

5. O art. 544 do Código de Processo Civil permite que o agravo seja analisado diretamente, sem necessidade de instrumento. Assim, os argumentos do Agravante foram examinados, mas não tiveram força jurídica.

6. O Desembargador Relator concluiu que a sentença foi fundamentada com base em provas suficientes, e a análise do recurso não exigiu novo exame de provas. Por isso, o cerceamento de defesa não existe.

7. O Supremo Tribunal considerou que a alegação de contrariedade à Constituição é indireta, pois depende da análise da legislação infraconstitucional. Assim, a ofensa seria indireta e não direta.

8. Pelo exposto, nega-se seguimento ao agravo.",129278,20.46,34.21,13.75,0.9436713457107544,372,121,251,
"Vistos etc. Contra o juízo negativo de admissibilidade do recurso extraordinário, exarado pela Presidência do Tribunal a quo, foi manejado agravo. Na minuta, sustenta-se que o recurso extraordinário reúne todos os requisitos para sua admissão. Aparelhado o recurso na afronta ao art. 48, XIII, da Lei Maior. É o relatório. Decido. Preenchidos os pressupostos extrínsecos. Da detida análise dos fundamentos da decisão denegatória de seguimento do recurso extraordinário, bem como à luz das razões de decidir adotadas pelo Tribunal de origem, por ocasião do julgamento do recurso veiculado na instância ordinária, concluo que nada colhe o agravo. O entendimento adotado no acórdão recorrido não diverge da jurisprudência firmada no âmbito deste Supremo Tribunal Federal, razão pela qual não se divisa a alegada ofensa ao dispositivo constitucional suscitado. Nesse sentido: “AGRAVO REGIMENTAL NO RECURSO EXTRAORDINÁRIO COM AGRAVO. AÇÃO DE REVISÃO DE CONTRATO. CAPITALIZAÇÃO MENSAL DOS JUROS. REPERCUSSÃO GERAL RECONHECIDA. CONSTITUCIONALIDADE DO ART. 5º DA MEDIDA PROVISÓRIA N. 2.170/2001. AGRAVO REGIMENTAL AO QUAL SE NEGA PROVIMENTO.” (ARE 898.108-AgR/DF, Rel. Min. Cármen Lúcia, 2ª Turma, DJe 28.8.2015). “JUROS – CAPITALIZAÇÃO MENSAL – ARTIGO 5º DA MEDIDA PROVISÓRIA Nº 2.170-36 – CONSTITUCIONALIDADE. No julgamento do Recurso Extraordinário nº 592.377/RS, de minha relatoria, redator do acórdão ministro Teori Zavascki, submetido à sistemática da repercussão geral, o Plenário assentou a constitucionalidade do artigo 5º da Medida Provisória nº 2.170-36, que autoriza a capitalização dos juros com periodicidade inferior a um ano. Ressalva da óptica pessoal.” (ARE 888.694-AgR/MS, Rel. Min. Marco Aurélio, 1ª Turma, DJe 09.10.2015 Nesse sentir, não merece processamento o apelo extremo, consoante também se denota dos fundamentos da decisão que desafiou o recurso, aos quais me reporto e cuja detida análise conduz à conclusão pela ausência de ofensa direta e literal a preceito da Constituição da República. Nego seguimento (art. 21, § 1º, do RISTF). Publique-se. Brasília, 13 de outubro de 2015. Ministra Rosa Weber Relatora","Contra a decisão que negou o direito de apresentar um recurso extraordinário, foi movido um agravo. O recurso tem todos os requisitos para ser aceito. Ele ataca o artigo 48, XIII, da Lei Maior. O relatório diz isso. Decidi. Os requisitos necessários foram preenchidos. Ao analisar a decisão que negou o recurso e as razões usadas pelo tribunal original, concluo que o agravo não tem força. A interpretação feita no acórdão não difere da jurisprudência do Supremo Tribunal Federal, então não há ofensa à Constituição. Exemplos: ""AGRAVO REGIMENTAL NO RECURSO EXTRAORDINÁRIO COM AGRAVO. AÇÃO DE REVISÃO DE CONTRATO. CAPITALIZAÇÃO MENSAL DOS JUROS. REPERCUSSÃO GERAL RECONHECIDA. CONSTITUCIONALIDADE DO ART. 5º DA MEDIDA PROVISÓRIA N. 2.170/2001. AGRAVO REGIMENTAL AO QUAL SE NEGA PROVIMENTO."" (ARE 898.108-AgR/DF, Rel. Min. Cármen Lúcia, 2ª Turma, DJe 28.8.2015). ""JUROS – CAPITALIZAÇÃO MENSAL – ARTIGO 5º DA MEDIDA PROVISÓRIA Nº 2.170-36 – CONSTITUCIONALIDADE. No julgamento do Recurso Extraordinário nº 592.377/RS, de minha relatoria, redator do acórdão ministro Teori Zavascki, submetido à sistemática da repercussão geral, o Plenário assentou a constitucionalidade do artigo 5º da Medida Provisória nº 2.170-36, que autoriza a capitalização dos juros com periodicidade inferior a um ano."" (ARE 888.694-AgR/MS, Rel. Min. Marco Aurélio, 1ª Turma, DJe 09.10.2015). Nesse sentido, o apelo não merece ser processado, pois não há ofensa direta à Constituição. Negar seguimento (art. 21, § 1º, do RISTF). Publique-se. Brasília, 13 de outubro de 2015. Ministra Rosa Weber Relatora",186183,33.44,47.62,14.18,0.9607575535774231,174,128,46,
"DECISÃO: Trata-se de agravo interposto contra decisão de inadmissibilidade de recurso extraordinário em face de acórdão do Tribunal de Justiça do Estado de São Paulo, ementado nos seguintes termos: “RECURSO DE APELAÇÃO EM AÇÃO ORDINÁRIA. ADMINISTRATIVO. SERVIDOR PÚBLICO. REINTEGRAÇÃO EM CARGO. AGENTE FISCAL DE RENDAS DEMITIDO A BEM DO SERVIÇO PÚBLICO. Demissão que ocorreu por meio de regular instauração de sindicância e de Procedimento Administrativo Disciplinar, inclusive com observância dos princípios constitucionais do contraditório, da ampla defesa e do devido processo legal. Penalidade que foi aplicada nos termos da lei. Impossibilidade do Poder Judiciário adentrar no mérito do ato administrativo. Sentença mantida. Recurso desprovido.” (eDOC 5, p. 153) No recurso extraordinário, interposto com fundamento no art. 102, III, “a”, “b”, “c”e “d” da Constituição Federal, aponta-se violação ao art. 5º, XXXVI, do texto constitucional. Nas razões recursais, alega-se que não teria praticado nem infringido nenhum dos artigos da lei estadual que lhe fora imputado. Aduz que sua demissão teria sido baseada em critérios não objetivos. (eDOC 5, p. 161) Decido. O recurso não merece prosperar. Inicialmente, anoto que o acórdão recorrido não declarou inconstitucionalidade de tratado ou lei federal, nem julgou válida lei ou ato de governo local contestado em face da Constituição Federal. Desse modo, incabível a interposição do recurso extraordinário com fundamento nas alíneas “b” e “c” do inciso III do artigo 102 da Constituição Federal. Destaco, ademais, que a jurisprudência reiterada desta Corte firmou-se no sentido de não caber interposição de recurso extraordinário com fundamento na alínea “d” do inciso III do art. 102 da Constituição Federal, quando a Corte de origem não tenha julgado válida lei local contestada em face de lei federal, de modo a ensejar conflito legislativo federativo. Assim, não conheço do recurso interposto com fundamento no art. 102, III, “b”, “c” e “d”, da Constituição Federal. Quanto à questão remanescente, verifico que o Tribunal de origem, com base nas provas dos autos, consignou que teria havido total observância das normas e princípios que deram ensejo a demissão a bem do serviço público do ora recorrente. Nesse sentido, extrai-se o seguinte trecho do acórdão impugnado: “O particular sempre foi regularmente acompanhado por defensor constituído, inclusive tendo sido interrogado na presença de seu advogado. Portanto, houve observância das normas e princípios vigentes que culminaram com a aplicação da sanção aplicada. Ademais, a demissão a bem do serviço público não está vinculada à decisão judicial do criminal, pois, como se sabe, a responsabilidade administrativa independe da responsabilidade civil e/ou criminal. Com efeito, nem sequer foi possível verificar abuso de poder na demissão a bem do serviço público. Ao contrário, os atos praticados, tidos como conduta funcional irregular, foram regularmente constatados, o que ensejou a pena imposta emanada do exercício de discricionariedade administrativa. Assim, inexistem motivos para sua reintegração.” (eDOC 5, p. 153 - 158) Assim, divergir do entendimento firmado pelo tribunal de origem demandaria o revolvimento do acervo fático-probatório. Nesses termos, incide no caso a Súmula 279 do STF. Confiram-se, a propósito, os seguintes precedentes: “AGRAVO REGIMENTAL NO RECURSO EXTRAORDINÁRIO COM AGRAVO. PROCESSO ADMINISTRATIVO DISCIPLINAR. ALEGADA VIOLAÇÃO AOS PRINCÍPIOS DO DEVIDO PROCESSO LEGAL, DA AMPLA DEFESA E DO CONTRADITÓRIO. REEXAME DO CONJUNTO FÁTICO–PROBATÓRIO. SÚMULA 279 DO STF. INCIDÊNCIA. AGRAVO IMPROVIDO. I – Para dissentir da conclusão adotada pelo acórdão recorrido quanto à ausência de violação à ampla defesa e ao contraditório no processo administrativo disciplinar ao qual foi submetido o ora agravado, necessário seria o reexame do conjunto fático–probatório constante dos autos, o que atrai a incidência da Súmula 279 do STF. Precedentes. II – Agravo regimental improvido.” (ARE 751.360 AgR, Rel. Min. Ricardo Lewandowski, Segunda Turma, DJe 12.9.2013) “AGRAVO REGIMENTAL EM RECURSO EXTRAORDINÁRIO COM AGRAVO. DIREITO ADMINISTRATIVO. SERVIDORA PÚBLICA. DEMISSÃO. PROCESSO ADMINISTRATIVO COM OBSERVÂNCIA DAS GARANTIAS CONSTITUCIONAIS DO CONTRADITÓRIO E DA AMPLA DEFESA RECONHECIDO. CONTROVÉRSIA DECIDIDA COM BASE NO CONJUNTO FÁTICO–PROBATÓRIO DOS AUTOS E NA ANÁLISE DE NORMA INFRACONSTITUCIONAL. INCIDÊNCIA DA SÚMULA 279/STF. PRECEDENTES. O Tribunal de origem assentou que o ato administrativo de demissão da servidora pública foi precedido do devido processo legal, com observância dos princípios constitucionais do contraditório e da ampla defesa. Caso em que a resolução da controvérsia demandaria o reexame dos fatos e provas constantes dos autos, bem como a análise de norma infraconstitucional pertinente, o que é vedado em recurso extraordinário. Incidência da Súmula 279/STF. Precedentes. Agravo regimental desprovido.” (ARE 667.393 AgR, Rel. Min. Roberto Barroso, Primeira Turma, DJe 6.8.2014) Ante o exposto, nego seguimento ao recurso (art. 932, IV, do NCPC c/c art. 21, §1º, do RISTF). Publique-se. Brasília, 4 de dezembro de 2017. Ministro GILMAR MENDES Relator Documento assinado digitalmente","DECISÃO: O recurso foi interposto contra a decisão que declarou o recurso extraordinário como inadmissível. A decisão afirma que a demissão do servidor público foi feita com observância dos princípios constitucionais, como contraditório e ampla defesa. A pena aplicada foi conforme a lei. O Poder Judiciário não pode entrar no mérito do ato administrativo. O recurso é desprovido.

O recurso não merece prosperar porque o acórdão recorrido não declarou inconstitucionalidade de lei ou tratado, nem julgou válida uma lei local em confronto com a federal. Assim, não cabe interpor o recurso com base nos incisos “b” e “c” do artigo 102 da Constituição Federal.

Também não cabe interpor o recurso com base na alínea “d” desse artigo, pois a Corte de origem não julgou válida uma lei local em confronto com a federal. O tribunal de origem concluiu que houve observância das normas que resultaram na demissão. Não há motivo para a reintegração.

Como o tribunal de origem já analisou todos os fatos e provas, não é possível divergir do seu entendimento sem reexaminar o caso, o que está previsto na Súmula 279 do STF. Assim, o recurso é desprovido.",239084,22.58,35.07,12.490000000000002,0.8504505753517151,314,104,210,
"1 - Trata-se de inquérito policial, instaurado pela Polícia Civil do Estado de São Paulo, destinado a apurar eventual prática, pelo Senador da República Eduardo Matarazzo Suplicy, do crime previsto no art. 344 do Código Penal. Segundo consta, o Senador teria constrangido vítima de roubo a alterar o teor das suas declarações, prestadas ao Juízo da 2ª Vara Criminal de Itapecerica da Serra/SP, nos autos da Ação Penal nº 256/00. Os autos foram remetidos a esta Corte por força do que dispõe o art. 102, inciso I, alínea b da Constituição Federal. 2 - O eminente Procurador-Geral da República, Professor Geraldo Brindeiro, requereu o arquivamento do inquérito com base nas seguintes razões (fls. 260/264): ""(...) 13. Independente de ter sido correta ou não a intervenção do parlamentar no processo criminal supra mencionado, o certo é que não restou configurado o crime de coação no curso do processo. 14. A conduta do Senador, conforme descrito no presente inquérito, é atípica. 15. Com efeito, dispõe o art. 344 do Código Penal verbis: ""Art. 344. Usar de violência ou grave ameaça, com o fim de favorecer interesse próprio ou alheio, contra autoridade, parte, ou qualquer outra pessoa que, funciona ou é chamada a intervir em processo judicial, policial ou adminstrativo, ou em juízo arbitral: Pena ? reclusão, de l (um) a 4 (quatro) anos, e multa, além da pena correspondente à violência."" 16. A conduta típica consiste em usar de violência ou grave ameaça. No presente caso não se vislumbra a ocorrência nem de violência física ou da grave ameaça, que se caracteriza pela promessa de mal sério, justo ou injusto, com real poder de intimidação do coacto. A ameaça, lecionam a doutrina e jurisprudência, precisa ser grave, sendo insuficiente a simples advertência (RT 598/293). É aquela capaz de intimidar seriamente o homo medius. 17. Ora, no presente caso, o indiciado estava defendendo um ponto de vista, alertando o depoente sobre a certeza da visualização do autor do fato criminoso. Em momento algum as provas colhidas no inquérito indicam que tenha o Senador SUPLICY ameaçado a testemunha. Com muito menos razão de que tenha sido a ameaça de natureza grave. O fato de contradizer o depoente, por si só, não induz a conclusão de ameaça. 18. Neste sentido, tem?se posicionado a jurisprudência dos Tribunais: ""APELAÇÃO CRIMINAL. COAÇÃO NO CURSO DO PROCESSO (ART. 44, DO CP). TESTEMUNHAS EM PROCESSO-CRIME. ADVERTÊNCIA DO ADVOGADO DO RÉU GRAVE AMEAÇA INOCORRENTE ABSOLVIÇÃO. Embora moral e eticamente reprovável, não constitui grave ameaça a conduta de advogado que, visando seja falseada a verdade, procura testemunha e diz que seu depoimento pode lhe trazer problemas."" (TJSC - Acr 00.009517-6-2ª C. Crim. - Rel. Des. ÁLVARO WANDELLI - J. 29.08.2000). ""COAÇÃO NO CURSO DO PROCESSO (ART. 344, CP) - AMEAÇA NÃO CONFIGURADA AUSÊNCIA DE DOLO ESPECÍFICO INIMPUTABILIDADE PERÍCIA PSIQUIÁTRICA NÃO REALIZADA. INCIDENTE DE INSANIDADE MENTAL QUE NÃO SE REABRE, ANTE A AUSÊNCIA DE FATO TÍPICO. O ato de se exigir do magistrado, embora de forma desrespeitosa, a prolação de sentença, não é suficiente para caracterizar a ameaça. Ausência de dolo específico, consistente no propósito de favorecimento de interesse próprio ou de terceiro. Embora no incidente de insanidade mental seja necessária a realização do exame pericial, consitui ato de constrangimento a reabertura do processo incidental, ante a inexistência de fato típico."" (TRF 5ª R. - Acr 1033 - PE - 1ª T. - Rel. Juiz FRANCISCO FALCÃO - DJU 30.06.1995). 19. Logo, ausente um dos elementos do tipo objetivo, se conclui pela atipicidade de conduta praticada pelo indiciado. Assim sendo, o feito não reúne condições de prosseguir. 20. Ante o exposto, requer o Ministério Público Federal o arquivamento do presente inquérito por atipicidade da conduta perpetrada pelo indiciado, Senador da República EDUARDO SUPLICY."" (fls. 260/4) 3 - Com base no art. 21, XV e 231 § 4º, ambos do Regimento Interno e no art. 2º da Lei 8.038/90, determino o arquivamento do presente inquérito, diante do requerimento do Ministério Público Federal, titular da ação penal. Publique-se. Brasília, 27 de fevereiro de 2003. Ministra Ellen Gracie - Relatora","1 - Trata-se de um inquérito policial da Polícia Civil do Estado de São Paulo para investigar se o senador Eduardo Matarazzo Suplicy cometeu o crime descrito no artigo 344 do Código Penal. Segundo o inquérito, o senador teria forçado uma vítima de roubo a alterar suas declarações feitas ao juízo da 2ª Vara Criminal de Itapecerica da Serra/SP, nos processos da Ação Penal nº 256/00. Os autos foram enviados para esta corte conforme previsto no artigo 102, inciso I, alínea b da Constituição Federal.

2 - O Procurador-Geral da República, Geraldo Brindeiro, pediu o arquivamento do inquérito por estas razões (páginas 260 a 264): 

- Não foi comprovado que o senador praticou o crime de coação no processo.
- A conduta do senador é atípica, pois não envolveu violência ou ameaça grave.
- O artigo 344 do Código Penal diz que usar violência ou ameaça contra alguém que intervém em um processo judicial pode resultar em reclusão de 1 a 4 anos e multa. 
- No caso, não há evidências de violência física ou ameaça grave.
- A jurisprudência afirma que uma ameaça só é grave se for capaz de intimidar seriamente a pessoa.
- O senador estava defendendo um ponto de vista e alertou a testemunha sobre a certeza do autor do crime, mas não houve evidências de ameaças.
- Tribunais já decidiram que uma advertência não constitui ameaça grave.
- Por falta de elementos do tipo objetivo, a conduta do senador é atípica.

3 - Com base nos artigos 21, XV e 231 § 4º do Regimento Interno e no artigo 2º da Lei 8.038/90, o inquérito foi arquivado por causa do requerimento do Ministério Público Federal. Publique-se. Brasília, 27 de fevereiro de 2003. Ministra Ellen Gracie - Relatora.",26676,42.92,43.13,0.21000000000000085,0.8576922416687012,322,154,168,
"DESPACHO: Vistos. Cuida-se de recurso extraordinário interposto com fundamento no art. 102, III, ""a"", da Constituição Federal, contra acórdão do Tribunal de Justiça do Estado de Sergipe, assim ementado (fls. 202): ""Embargos Infringentes - Constitucional e administrativo - Adicional de Desempenho - Lei Complementar nº 34/1997 - Verbas pagas ao pessoal da ativa sem caráter pessoal, são devidas aos inativos por força da Constituição Federal - Aplicação da Súmula 359, do S.T.F. - Precedentes do TJSE (ap. cív. 870/99, 419-99, 653/98, 654/98, 661/98, 950/98,) - Apelação improvida - Decisão por maioria. - O adicional de desempenho previsto na Lei Complementar nº 34/97 estende-se aos inativos porque concedido de forma genérica a todos aqueles que estiverem em atividade, configurando-se em verdadeiro aumento de vencimentos."" 2. Sustenta o recorrente que o acórdão recorrido contrariou o art. 40, § 8º, da Constituição Federal. Aduz, em síntese, que a gratificação disciplinada pela Lei Complementar nº 34/97 não é genérica e vem sendo concedida sem os requisitos legais ensejadores pelo exercente da atividade administrativa (fls. 238). 3. O recurso não merece prosperar. É que o Tribunal a quo, decidiu a controvérsia dando correta aplicação à norma constitucional tida por violada. 4. Com efeito, o Supremo Tribunal Federal, no julgamento do RE nº 145.005, rel. min. MOREIRA ALVES, DJ 28/02/97, apreciando questão similar à dos autos, decidiu: ""Servidor Público. Auto-aplicabilidade do artigo 40, § 4º, da Constituição Federal. Interpretação da alusão final ""na forma da lei"" contida nesse dispositivo. - O § 4º do artigo 40 da Constituição Federal é auto-aplicável, sendo a alusão final ""na forma da lei"" indicativa de que se há de levar em consideração, para essa extensão, não só a natureza da vantagem concedida aos em atividade, para se verificar se ela é, ou não, compatível com a aposentadoria, mas também as adaptações feitas pela lei para atender a essa extensão. Recurso extraordinário não conhecido."" No mesmo sentido, AG [AgRg] nº 141.189, rel. min. MARCO AURÉLIO, DJ 09/06/92): ""ISONOMIA - ATIVOS E INATIVOS - § 4º DO ART. 40 DA CONSTITUIÇÃO FEDERAL - APLICABILIDADE. A garantia insculpida no § 4º do artigo 40 da Constituição Federal é de eficácia imediata. A revisão dos proventos da aposentadoria e a extensão aos inativos de quaisquer benefícios e vantagens posteriormente concedidos aos servidores em atividade pressupõem, tão-somente, a existência de lei prevendo-os em relação a estes últimos. O silêncio do diploma legal quanto aos inativos não é de molde a afastar a observância da igualação, sob pena de relegar-se o preceito constitucional a plano secundário, potencializando-se a atuação do legislador ordinário como se a este fosse possível introduzir, no cenário jurídico, temperamentos à igualdade. Uma vez editada lei que implique outorga de direito aos servidores em atividade, dá-se, pela existência da norma constitucional, a repercussão no campo patrimonial dos aposentados. A locução contida na parte final do § 4º em comento - ""na forma da lei"" - apenas submete a situação dos inativos às balizas impostas na outorga do direito aos servidores da ativa."" 5. Do exposto, com base nos arts. 38, da Lei 8.038, de 28 de maio de 1990 e 21, § 1º, do RISTF, nego seguimento ao recurso. Publique-se. Brasília, 29 de outubro de 2001. Ministro NÉRI DA SILVEIRA Relator","Despacho: Vistos. Cuida-se de recurso extraordinário interposto com base no artigo 102, III, ""a"", da Constituição Federal, contra um acórdão do Tribunal de Justiça do Estado de Sergipe. O acórdão diz que o adicional de desempenho previsto na Lei Complementar nº 34/97 se aplica aos inativos porque é concedido a todos os que estão em atividade, o que configura um aumento de vencimentos.

O recorrente alega que o acórdão contrariou o artigo 40, § 8º, da Constituição Federal. Ele afirma que a gratificação da Lei Complementar nº 34/97 não é genérica e que não tem os requisitos legais necessários para ser concedida aos inativos.

O recurso não merece prosperar porque o tribunal decidiu corretamente aplicando a norma constitucional que foi considerada violada. O Supremo Tribunal Federal, em alguns casos, afirmou que o artigo 40, § 4º, da Constituição Federal é auto-aplicável e que a extensão aos inativos depende de leis específicas.

Com base nos arts. 38, da Lei 8.038/90 e 21, § 1º, do RISTF, nego seguimento ao recurso. Publique-se. Brasília, 29 de outubro de 2001. Ministro NÉRI DA SILVEIRA Relator.",30973,42.07,43.41,1.3399999999999963,0.890662670135498,247,97,150,
"DECISÃO: O Tribunal Regional Federal da 4ª Região negou provimento ao recurso de apelação interposto pelo Instituto Nacional do Seguro Social. A ementa de fls. 416 resume a conclusão do julgamento: ""CONTRIBUIÇÃO PREVIDENCIÁRIA. INCIDÊNCIA SOBRE VALORES RELATIVOS A PLANO EDUCACIONAL DA EMPRESA. INADMISSIBILIDADE. VERBAS QUE NÃO POSSUEM NATUREZA SALARIAL. As verbas referentes a plano educacional constituem verdadeiro investimento da empresa na qualificação de seus empregados, não integrando os seus salários, porquanto não retribuem o trabalho efetivo. São verbas empregadas para o trabalho e não pelo trabalho. Não integram o salário-de-contribuição."" 2. A Autarquia Federal interpôs recurso extraordinário contra esse acórdão. O Instituto Nacional do Seguro Social sustenta a violação do disposto nos artigos 195, I, e 201, § 4º, da Constituição do Brasil. 3. O disposto no artigo 201, § 4º, da Constituição está prequestionado. A alegação de ofensa ao artigo 195, I, CB/88 não foi objeto de debate na origem. Incidem os óbices dos Verbetes ns. 282 e 356 da Súmula do Supremo Tribunal Federal. 4. O recurso não pode ser conhecido. O Tribunal a quo afirmou que os valores recebidos pelos empregados eram decorrentes do ""Plano Educacional da Empresa"" e não integram o salário do trabalhador nem constituem retribuição ou contraprestação laboral. Desse modo, incabível a incidência da contribuição ""salário-educação"" porque, não constituindo ganho habitual incorporável ao salário, nos termos do artigo 201, § 4º, da CB, a referida parcela não é base de cálculo da exação. 5. Assim, somente a partir da interpretação das cláusulas que implementaram em favor do empregado o ""Plano Educacional da Empresa"" poder-se-ia chegar a conclusão em sentido contrário à adotada pelo acórdão --- a vulneração de dispositivo constitucional. Incidem, na espécie, os óbices dos Verbetes ns. 279 e 454 da Súmula desta Corte. Nego seguimento ao recurso extraordinário com fundamento no artigo 21, § 1º, do RISTF. Intime-se. Brasília, 14 de dezembro de 2005. Ministro Eros Grau - Relator -","O Tribunal Regional Federal da 4ª Região negou o recurso de apelação do INSS. A ementa diz que as verbas do plano educacional são investimentos da empresa, não salários, pois não retribuem o trabalho. Essas verbas são usadas para o trabalho, mas não pelo trabalho. Não integram o salário-de-contribuição.

O INSS apresentou recurso extraordinário, alegando violação de artigos da Constituição. O tribunal questiona o artigo 201, §4º, e o artigo 195, I, mas esse último não foi discutido na origem. Os óbices dos Verbetes 282 e 356 da Súmula do STF aplicam-se.

O recurso não pode ser conhecido porque os valores são do ""Plano Educacional"", não salários nem retribuição laboral. Portanto, a contribuição ""salário-educação"" não se aplica. Apenas com a interpretação do plano educacional poderia haver uma conclusão contrária, mas isso não foi feito.

O recurso é negado com base no artigo 21, §1º, do RISTF. Intime-se. Brasília, 14 de dezembro de 2005. Ministro Eros Grau - Relator.",8676,30.99,44.39,13.400000000000002,0.9272946715354919,161,92,69,
"DECISÃO   RECURSO EXTRAORDINÁRIO. PREVIDENCIÁRIO. MILITAR ESTADUAL. 1. CONTRIBUIÇÃO PREVIDENCIÁRIA SOBRE A REMUNERAÇÃO QUE NÃO EXCEDE O TETO MÁXIMO DO REGIME GERAL DE PREVIDÊNCIA SOCIAL: IMPOSSIBILIDADE. ACÓRDÃO RECORRIDO EM HARMONIA COM A JURISPRUDÊNCIA DO SUPREMO TRIBUNAL FEDERAL. 2. NATUREZA JURÍDICA DA CONTRIBUIÇÃO PREVIDENCIÁRIA. MATÉRIA INFRACONSTITUCIONAL: OFENSA CONSTITUCIONAL INDIRETA. RECURSO AO QUAL SE NEGA SEGUIMENTO.   Relatório   1. Recurso Extraordinário interposto com base no art. 102, inc. III, alínea a, da Constituição da República, contra o seguinte julgado do Tribunal de Justiça de Minas Gerais:   “EMENTA: CONTRIBUIÇÃO PREVIDENCIÁRIA SUSPENSÃO. MILITAR INATIVO. REPETIÇÃO. JUROS DE MORA. A Emenda Constitucional n. 41/03, ao instituir novo regime de previdência aos servidores públicos, também aplicável aos servidores militares, possibilitou o desconto de contribuição previdenciária dos inativos, desde que respeitado o teto de isenção estabelecido no art. 201 da Constituição da República, nos termos da redução imposta pelo Supremo Tribunal Federal, na ADI n. 3.105. Os juros de mora, nas ações previdenciárias, incidem à taxa de 1% (um por cento) ao mês, a partir do trânsito em julgado. Rejeitam-se as preliminares e nega-se provimento às apelações” (fl. 153).   2. O Recorrente alega que o Tribunal a quo teria contrariado os arts. 14, § 8º, 40, §§ 4º, 5º, 8º, 9º, 12 e 18, 142, §§ 2º e 3º, e 195, § 5º, da Constituição da República.   Sustenta que, “o acórdão recorrido, a despeito de reconhecer, nos termos do último parágrafo de fl. 209, trata-se no caso militar da reserva, entendeu que os proventos dos militares estaduais, então, se submetem às mesmas regras dos proventos de aposentadoria dos servidores civis estaduais e que o fato da verba destinar-se ao custeio de pensão ou de assistência médica não afasta a norma contida no § 12 do art. 40 da Constituição da República” (fls. 183-184).   Assevera que “apesar de reconhecer, por um lado, que a parcela aqui discutida, o ‘IPSM MENSALIDADE’, destina-se a cobrir despesas com a assistência à saúde dos filiados, deixou de se manifestar sobre o fato de que, assim sendo, faltaria aqui, ainda, a mesma razão que o Supremo Tribunal Federal apresentou para estender a todos os servidores públicos civis inativos a imunidade prevista no parágrafo dezoito do art. 40 da Constituição Federal e no art. 5º da EC/41/03” (fl. 185).   Apreciada a matéria trazida na espécie, DECIDO.   3. O Tribunal a quo asseverou que:   “Configura-se constitucional a cobrança de contribuição previdenciária, de servidor inativo ou pensionista, como posta pela Emenda constitucional n. 41/03, somente sobre a parcela dos proventos do servidor que ultrapasse o limite máximo estabelecido para os benefícios do regime geral de previdência social de que trata o art. 201 da Constituição Federal, que, atualmente, representam R$ 2.508,72” (fl. 155).   4. Ao julgar as Ações Diretas de Inconstitucionalidade ns. 3.105 e 3.128, Relator o Ministro Cezar Peluso, o Plenário do Supremo Tribunal reconheceu a inconstitucionalidade da incidência da contribuição previdenciária sobre os proventos de inativos e pensionistas inferiores ao teto do Regime Geral de Previdência Social, nos termos seguintes:   “No ordenamento jurídico vigente, não há norma, expressa nem sistemática, que atribua à condição jurídico-subjetiva da aposentadoria de servidor público o efeito de lhe gerar direito subjetivo como poder de subtrair ad aeternum a percepção dos respectivos proventos e pensões à incidência de lei tributária que, anterior ou ulterior, os submeta à incidência de contribuição previdencial. Noutras palavras, não há, em nosso ordenamento, nenhuma norma jurídica válida que, como efeito específico do fato jurídico da aposentadoria, lhe imunize os proventos e as pensões, de modo absoluto, à tributação de ordem constitucional, qualquer que seja a modalidade do tributo eleito, donde não haver, a respeito, direito adquirido com o aposentamento. (...) Não é inconstitucional o art. 4º, caput, da Emenda Constitucional n. 41, de 19 de dezembro de 2003, que instituiu contribuição previdenciária sobre os proventos de aposentadoria e as pensões dos servidores públicos da União, dos Estados, do Distrito Federal e dos Municípios, incluídas suas autarquias e fundações. (...) São inconstitucionais as expressões 'cinqüenta por cento do' e 'sessenta por cento do', constantes do § único, incisos I e II, do art. 4º da Emenda Constitucional n. 41, de 19 de dezembro de 2003, e tal pronúncia restabelece o caráter geral da regra do art. 40, § 18, da Constituição da República, com a redação dada por essa mesma Emenda” (DJ 18.2.05).   Dessa orientação jurisprudencial não divergiu o acórdão recorrido.   5. Ademais, o Tribunal de origem concluiu que, “a prestação previdenciária de 8% compreende, entre outros benefícios, os de assistência à saúde, nos termos do art. 12 da Lei n. 10.366/90 (f. 54-TJ). Não há distinção. Logo, encontra-se inserida na redução imposta pelo Supremo Tribunal Federal, cujos os citados benefícios não podem ser suspensos” (fl. 156).   Concluir de forma diversa do que foi decidido pelas instâncias originárias demandaria a análise prévia de legislação infraconstitucional aplicável à espécie (Lei estadual n. 10.366/90). Assim, a alegada contrariedade à Constituição da República, se tivesse ocorrido, seria indireta, o que não viabiliza o processamento do recurso extraordinário. Incide, na espécie, a Súmula 280 do Supremo Tribunal Federal.    Nesse sentido:   “(...) A controvérsia quanto à natureza jurídica da Contribuição para o Fundo de Saúde dos Militares dirime-se com base em legislação infraconstitucional e eventual ofensa à Constituição Federal, se houver, será apenas indireta” (RE 482.857-ED, Rel. Min. Cezar Peluso, Segunda Turma, DJE 22.2.2008).   6. Nada há, pois, a prover quanto às alegações da parte recorrente.   7. Pelo exposto, nego seguimento ao recurso extraordinário, nos termos do art. 557, caput, do Código de Processo Civil e art. 21, § 1º, do Regimento Interno do Supremo Tribunal Federal.   Publique-se.   Brasília, 22 de abril de 2009.     Ministra CÁRMEN LÚCIA Relatora","DECISÃO RECURSO EXTRAORDINÁRIO. PREVIDENCIÁRIO. MILITAR ESTADUAL. 1. CONTRIBUIÇÃO PREVIDENCIÁRIA SOBRE A REMUNERAÇÃO QUE NÃO EXCEDE O TETO MÁXIMO DO REGIME GERAL DE PREVIDÊNCIA SOCIAL: IMPOSSIBILIDADE. ACÓRDÃO RECORRIDO EM HARMONIA COM A JURISPRUDÊNCIA DO SUPREMO TRIBUNAL FEDERAL. 2. NATUREZA JURÍDICA DA CONTRIBUIÇÃO PREVIDENCIÁRIA. MATÉRIA INFRACONSTITUCIONAL: OFENSA CONSTITUCIONAL INDIRETA. RECURSO AO QUAL SE NEGA SEGUIMENTO.

Relatório

1. Recurso Extraordinário interposto com base no art. 102, inc. III, alínea a, da Constituição da República, contra o seguinte julgado do Tribunal de Justiça de Minas Gerais: ""EMENTA: CONTRIBUIÇÃO PREVIDENCIÁRIA SUSPENSÃO. MILITAR INATIVO. REPETIÇÃO. JUROS DE MORA. A Emenda Constitucional n. 41/03, ao instituir novo regime de previdência aos servidores públicos, também aplicável aos servidores militares, possibilitou o desconto de contribuição previdenciária dos inativos, desde que respeitado o teto de isenção estabelecido no art. 201 da Constituição da República, nos termos da redução imposta pelo Supremo Tribunal Federal, na ADI n. 3.105. Os juros de mora, nas ações previdenciárias, incidem à taxa de 1% (um por cento) ao mês, a partir do trânsito em julgado. Rejeitam-se as preliminares e nega-se provimento às apelações"" (fl. 153).

2. O Recorrente alega que o Tribunal a quo teria contrariado os arts. 14, § 8º, 40, §§ 4º, 5º, 8º, 9º, 12 e 18, 142, §§ 2º e 3º, e 195, § 5º, da Constituição da República.

Sustenta que, ""o acórdão recorrido, a despeito de reconhecer, nos termos do último parágrafo de fl. 209, trata-se no caso militar da reserva, entendeu que os proventos dos militares estaduais, então, se submetem às mesmas regras dos proventos de aposentadoria dos servidores civis estaduais e que o fato da verba destinar-se ao custeio de pensão ou de assistência médica não afasta a norma contida no § 12 do art. 40 da Constituição da República"" (fls. 183-184).

Assevera que ""apesar de reconhecer, por um lado, que a parcela aqui discutida, o 'IPSM MENSALIDADE', destina-se a cobrir despesas com a assistência à saúde dos filiados, deixou de se manifestar sobre o fato de que, assim sendo, faltaria aqui, ainda, a mesma razão que o Supremo Tribunal Federal apresentou para estender a todos os servidores públicos civis inativos a imunidade prevista no parágrafo dezoito do art. 40 da Constituição Federal e no art. 5º da EC/41/03"" (fl. 185).

Apreciada a matéria trazida na espécie, DECIDO.

3. O Tribunal a quo asseverou que: ""Configura-se constitucional a cobrança de contribuição previdenciária, de servidor inativo ou pensionista, como posta pela Emenda constitucional n. 41/03, somente sobre a parcela dos proventos do servidor que ultrapasse o limite máximo estabelecido para os benefícios do regime geral de previdência social de que trata o art. 201 da Constituição Federal, que, atualmente, representam R$ 2.508,72"" (fl. 155).

4. Ao julgar as Ações Diretas de Inconstitucionalidade ns. 3.105 e 3.128, Relator o Ministro Cezar Peluso, o Plenário do Supremo Tribunal reconheceu a inconstitucionalidade da incidência da contribuição previdenciária sobre os proventos de inativos e pensionistas inferiores ao teto do Regime Geral de Previdência Social, nos termos seguintes: ""No ordenamento jurídico vigente, não há norma, expressa nem sistemática, que atribua à condição jurídico-subjetiva da aposentadoria de servidor público o efeito de lhe gerar direito subjetivo como poder de subtrair ad aeternum a percepção dos respectivos proventos e pensões à incidência de lei tributária que, anterior ou ulterior, os submeta à incidência de contribuição previdencial. Noutras palavras, não há, em nosso ordenamento, nenhuma norma jurídica válida que, como efeito específico do fato jurídico da aposentadoria, lhe imunize os proventos e as pensões, de modo absoluto, à tributação de ordem constitucional, qualquer que seja a modalidade do tributo eleito, donde não haver, a respeito, direito adquirido com o aposentamento. (...) Não é inconstitucional o art. 4º, caput, da Emenda Constitucional n. 41, de 19 de dezembro de 2003, que instituiu contribuição previdenciária sobre os proventos de aposentadoria e as pensões dos servidores públicos da União, dos Estados, do Distrito Federal e dos Municípios, incluídas suas autarquias e fundações. (...) São inconstitucionais as expressões 'cinqüenta por cento do' e 'sessenta por cento do', constantes do § único, incisos I e II, do art. 4º da Emenda Constitucional n. 41, de 19 de dezembro de 2003, e tal pronúncia restabelece o caráter geral da regra do art. 40, § 18, da Constituição da República, com a redação dada por essa mesma Emenda"" (DJ 18.2.05).

Dessa orientação jurisprudencial não divergiu o acórdão recorrido.

5. Ademais, o Tribunal de origem concluiu que, ""a prestação previdenciária de 8% compreende, entre outros benefícios, os de assistência à saúde, nos termos do art. 12 da Lei n. 10.366/90 (f. 54-TJ). Não há distinção. Logo, encontra-se inserida na redução imposta pelo Supremo Tribunal Federal, cujos os citados benefícios não podem ser suspensos"" (fl. 156).

Concluir de forma diversa do que foi decidido pelas instâncias originárias demandaria a análise prévia de legislação infraconstitucional aplicável à espécie (Lei estadual n. 10.366/90). Assim, a alegada contrariedade à Constituição da República, se tivesse ocorrido, seria indireta, o que não viabiliza o processamento do recurso extraordinário. Incide, na espécie, a Súmula 280 do Supremo Tribunal Federal.

Nesse sentido: ""A controvérsia quanto à natureza jurídica da Contribuição para o Fundo de Saúde dos Militares dirime-se com base em legislação infraconstitucional e eventual ofensa à Constituição Federal, se houver, será apenas indireta"" (RE 482.857-ED, Rel. Min. Cezar Peluso, Segunda Turma, DJE 22.2.2008).

6. Nada há, pois, a prover quanto às alegações da parte recorrente.

7. Pelo exposto, nego seguimento ao recurso extraordinário, nos termos do art. 557, caput, do Código de Processo Civil e art. 21, § 1º, do Regimento Interno do Supremo Tribunal Federal.

Publique-se.

Brasília, 22 de abril de 2009.

Ministra CÁRMEN LÚCIA",49026,32.88,33.04,0.1599999999999966,0.9997327327728271,369,368,1,
"DECISÃO: Trata-se de habeas corpus, com pedido de liminar, impetrado em favor de FRANKLIN MENEZES DOS SANTOS, no qual se alega: 1) irrazoável excesso de prazo da prisão preventiva, 2) violação ao princípio da presunção de inocência e 3) similitude entre a situação do paciente e a do co-réu a quem foi concedida a ordem pleiteada, demandando a aplicação do art. 580 do CPP. De acordo com o impetrante, o paciente está preso há mais de 3 (três) anos e 8 (oito) meses. O acórdão do STJ aqui combatido tem a seguinte ementa: HABEAS CORPUS. PROCESSUAL PENAL. CRIME DE ROUBO QUALIFICADO. EXCESSO DE PRAZO. FEITO CRIMINAL QUE SE ENCONTRA NA FASO DO ART. 499, CPP. INSTRUÇÃO ENCERRADA. APLICAÇÃO DA SÚMULA 52 DO STJ. PEDIDO DE EXTENSÃO. INEXISTÊNCIA DE SIMILITUDE FÁTICA. IMPOSSIBILIDADE. 1. Encontrando-se a instrução criminal na fase d art. 499, do Código de Processo Penal, resta superada a alegação de constrangimento ilegal por excesso de prazo, a teor do disposto no enunciado da Súmula n° 52 do STJ. 2. A manutenção do paciente em cárcere se faz necessária em razão da indicação judicial de elemento concreto contido nos autos da ação penal, apto a justificar o decreto de prisão preventiva, como garantia da ordem pública. 3. Indemonstrada a similitude de situações, em consonância com as informações prestadas, não há como estender ao paciente o benefício concedido ao outro co-réu nos autos do HC n° 40.989/SE. 4. Ordem denegada. É o relatório. Decido. Quanto ao princípio da presunção de inocência, é sabido que inexiste incompatibilidade entre o mesmo e o instituto da prisão preventiva, podendo esta ser decretada quando presentes os requisitos autorizadores, caracterizada, portanto, sua necessidade (dentre inúmeros outros, HC n° 70.486, Rel. Min. Moreira Alves; HC n° 80. 830, Rel. Min. Maurício Corrêa; HC n° 84.639, de minha relatoria). A par disso, o ato impugnado encontra-se substancialmente fundamentado, retirando às alegações contidas na impetração o necessário fumus boni juris. O primeiro argumento foi ali afastado com base nos precedentes no sentido de que o prazo para a conclusão da instrução criminal não é absoluto, podendo ser dilatado diante das peculiaridades do caso concreto, bem como de que, encerrada a instrução criminal, fica superado o pretenso constrangimento por excesso de prazo. Nada há nos autos que permita concluir-se em contrário. Quanto à pretendida extensão do benefício concedido ao co-réu, o voto condutor do acórdão tem o seguinte teor (fls. 20/21): Observa-se, da leitura do decreto judicial de prisão preventiva, a seguir transcrito, que o juízo processante, ao justificar a necessidade da custódia cautelar do ora paciente, reforçou os frágeis argumentos utilizados em desfavor do co-réu Nildo Macedo da Silva, demonstrando, com elementos concretos, contidos no termo de interrogatório do acusado, a sua periculosidade, sendo, portanto, necessária a sua manutenção em cárcere provisório, como garantia da ordem pública. Confira-se: ""[...] Vale acrescentar, em que pesem as investigações policiais estarem iniciando, que já é possível entrever que os representados fazem parte de bando envolvido em outras ações delituosas, dotado de razoável nível de sofisticação e organização, inclusive o Franklin confessa ter praticado, um dia antes do na residência da vítima João Dias dos Santos, um outro no município de Salgado, também com emprego."" (fls. 40/41) (grifos no original) Diante do exposto, não vislumbro a presença de fumus boni juris nas alegações, requisito necessário para a concessão in limine da tutela. Assim, indefiro a liminar. Presente nos autos a cópia do acórdão impugnado, dispenso as informações. Abra-se vista ao Procurador-Geral da República. Publique-se. Brasília, 30 de março de 2006. Ministro JOAQUIM BARBOSA Relator","DECISÃO: Trata-se de habeas corpus com pedido de liminar, impetrado em favor de Franklin Meneses dos Santos. O pedido alega que há irrazoável excesso de prazo da prisão preventiva, violação ao princípio da presunção de inocência e falta de similaridade entre o paciente e outro co-réu, pedindo a aplicação do artigo 580 do CPP. O paciente está preso há mais de 3 anos e 8 meses. O acórdão do STJ diz que a instrução criminal está na fase do artigo 499 do CPP e que não há similaridade entre os casos, por isso nega o pedido. A prisão preventiva continua necessária porque há elementos concretos que justificam a medida. Não há fundamento para estender o benefício ao paciente. O princípio da presunção de inocência não se opõe à prisão preventiva, desde que hajam os motivos legais. As alegações do impetrante não têm base legal e não mostram fumus boni juris. Assim, nego a liminar. Publique-se. Brasília, 30 de março de 2006. Ministro Joaquim Barbosa.",6705,39.28,51.33,12.049999999999997,0.8859207630157471,297,97,200,
