original_text,paraphrase,flesch_original,flesch_paraphrase,flesch_diff,sim,diversidade_original,diversidade_paraphrase,diversidade_diff,rotulo
"SENTENÇA I. RELATÓRIO Trata-se de ação movida por MARIA DAS DORES ALVES DE PAIVA contra o INSTITUTO NACIONAL DO SEGURO SOCIAL – INSS, objetivando a concessão do benefício de pensão por morte, na condição de dependente (cônjuge) de segurado empregado, e a condenação do requerido ao pagamento das prestações atrasadas, a contar da data do óbito. Relatado no essencial, passo à fundamentação. II. FUNDAMENTAÇÃO Inexistindo preliminares, passo ao exame do mérito. A pensão por morte é o benefício a que fazem jus os dependentes do segurado que vier a falecer, a teor do disposto no art. 18, II, a, da Lei no 8.213/91. Para a concessão desse benefício, não se exige tempo mínimo de contribuição, tampouco o preenchimento de idade mínima, mas apenas que a morte tenha ocorrido antes da perda da qualidade de segurado, salvo se o falecido houvesse implementado os requisitos para obtenção de aposentadoria, ou se por meio de parecer médico-pericial ficasse reconhecida a existência de incapacidade permanente do falecido dentro do período de graça. Ademais, deve estar devidamente comprovado o vínculo de parentesco determinante da dependência ou a dependência econômica propriamente dita, caso não seja presumida. É de bom alvitre salientar que a Lei no 13.135, de 17 de junho de 2015, cuja origem remete à Medida Provisória no 664, de 30/12/2014, introduziu alterações em alguns benefícios previdenciários, especialmente na pensão por morte, cabendo ressaltar, outrossim, que, a teor do artigo 5o da nova lei, os atos praticados sob a vigência da aludida MP, a partir de 1o de março de 2015, serão apreciados consoante as disposições da Lei no 13.135/2015. No caso, o óbito do(a) instituidor(a), Antônio Milton de Paiva, ocorreu em 6/2/2018 (anexo 5, fl. 2), encontrando-se, portanto, a hipótese dos autos sob a égide da nova disciplina legal. Em relação à condição de dependente, dispõe o art. 16 da Lei no 8.213/91, em sua redação vigente na data do óbito: Art. 16. São beneficiários do Regime Geral de Previdência Social, na condição de dependentes do segurado: I - o cônjuge, a companheira, o companheiro e o filho não emancipado, de qualquer condição, menor de 21 (vinte e um) anos ou inválido ou que tenha deficiência intelectual ou mental ou deficiência grave; (Redação dada pela Lei no 13.146, de 2015) (Vigência) (...) § 4o A dependência econômica das pessoas indicadas no inciso I é presumida e a das demais deve ser comprovada. No caso dos autos, a autora alega na exordial que: (a) se manteve casada desde 14/12/1979 até a data do óbito, tendo havido dois filhos em comum (Antônia Aline de Paiva, nascida em 9/4/1981, e Anne Elise de Paiva, nascida em 29/4/1986); (b) quando foi requerer o benefício de pensão por morte, o INSS indeferiu sob o seguinte fundamento: cônjuge não comprovou ajuda financeira do instituidor. Para comprovar suas alegações, coligiu aos autos a seguinte documentação: certidão de casamento (anexo 5, pág. 1); certidão de óbito consta a autora como declarante (anexo 5, pág. 2); comprovante de endereço em comum situado na Rua Mãe João Evangelista da Silva, 348, Vila Franco, São Benedito (anexo 4); ecertidão de nascimento de 2 filhos em comum (anexo 7). Verifica-se, portanto, que há início de prova material quanto à alegada convivência marital. Todavia, a concessão do benefício pleiteado não se revela possível, pois a prova produzida em audiência denota que a sociedade conjugal não perdurou até o óbito do falecido, especialmente porque o depoimento da autora apresentou pouco crível e contraditório. Em consulta PLENUS (Titula, NB 31/621.528.867-9) e CNIS, verifica-se que nos dados cadastrais consta o endereço do falecido na Rua Firmino Gomes do Nascimento, 818, Centro, Graça, com data de atualização em 22/12/2017 (anexo 20), o que diverge do endereço constante na inicial (Rua Mãe João Evangelista da Silva, 348, Vila Franco, São Benedito), trazendo dúvidas quanto ao seu local de domicílio do casal. Consta também na certidão de óbito que o endereço do de cujus era no Município de Graça. Contudo, em audiência, apesar da autora ter afirmado que nunca se separou de fato do de cujus, ela informou que residia na Rua Mãe João Evangelista da Silva, 348, Vila Franco, São Benedito, mostrando-se um depoimento bastante inseguro. Não soube, inclusive, esclarecer porque seu benefício foi indeferido na via administrativa. Ademais, não forneceu detalhes sobre como o falecido descobriu o câncer, bem como apresentou um depoimento bastante confuso sobre o tempo em que o de cujus retornou de Brasília até o óbito, e em que época ele não conseguia mais permanecer indo e voltando entre o Município de Graça (onde sua mãe mora) e São Benedito (onde a autora mora). Enfatizou que o de cujus nunca morou em Graça com sua mãe, e depois disse que permaneceu nesta cidade apenas por 2/3 meses às vésperas do óbito, pois estava muito debilitado e não conseguia mais se locomover entre os citados municípios Apesar de constar como declarante na certidão de óbito, a autora afirmou que quem resolveu toda a papelada foi a irmã do falecido (Ana Gláucia), que estava acompanhando de perto o tratamento do câncer, tendo comparecido ao Cartório apenas para pegar tal certidão. Cabe registrar que, nos autos do processo no 0504219-65.2017.4.05.8103S, ajuizado em 2/5/2017 pelo de cujus perante a 19a Vara Federal desta Subseção Judiciária, objetivando a concessão de auxílio-doença, ele qualificou seu endereço na inicial e na procuração como sendo situado na Rua Firmino Gomesdo Nascimento, no815, bairro Centro, Município de Graça/CE. Consta ainda naqueles autos comprovante de endereço da Cagece, datado em 6/1/2017, confirmando o endereço do pretenso instituidor em Graça, o que diverge do relato autoral. Não bastassem tais inconsistências, a testemunha ouvida em Juízo, apesar de confirmar a existência da convivência no momento anterior ao falecimento, não soube dizer qual era o problema de saúde do falecido, restringindo-se a dizer que ele bebia bastante, bem como declarou que não foi ao velório, pois não gosta de ver gente morta, o que se denota a inexistência de conhecimento acerca de fatos relevantes ao deslinde da causa. Disse, também, que o falecido encontrava-se em tratamento na casa de sua mãe há 2/3 anos, porém nunca conheceu o Município de Graça (“só de passagem”).Tal relato contraria o que foi dito pela autora em audiência, pois ela afirmou que o falecido ficava indo e voltando entre o Município de Graça e São Benedito, e que nunca morou efetivamente na casa de sua mãe, salvo 2/3 meses antes do óbito. Na oportunidade, indefiro o pedido de contradita formulado pelo INSS, tendo em vista que não vislumbro que a testemunha seja amiga intima da autora, fato é que ela não soube afirmar qual doença o falecido estava acometido . Feitas essas considerações, tem-se que as divergências constatadas pelo Juízo são suficientes para rejeição do pleito autoral, uma vez que maculam a credibilidade e o valor probatório das alegações autorais, ensejando dúvidas fundadas quanto à manutenção da relação conjugal e dependência econômica. Não há, com efeito, harmonia no que tange ao efetivo domicílio da autora, tampouco é possível concluir se a sociedade conjugal entre ela e o falecido foi mantida, e se ambos residiam como marido e mulher. Nesse contexto e considerando que as afirmações da autora são contraditórias e inconsistentes, não demonstrando a certeza dos fatos necessários ao julgamento da causa, é medida que se impõe a improcedência do pleito. Deixo de apreciar os demais pressupostos, haja vista o não preenchimento de requisito indispensável à obtenção do benefício (dependência econômica). III. DISPOSITIVO Ante o exposto, JULGO IMPROCEDENTE o pedido, resolvendo o mérito da demanda, nos termos ao art. 487, I do NCPC. Defiro o benefício da justiça gratuita. Sem custas e honorários advocatícios por força do disposto no art. 1o da Lei no 10.259/01 c/c os arts. 54 e 55 da Lei no 9.099/95. Em caso de eventual recurso, intime-se a parte contrária para contrarrazões. Apresentadas ou decorrido o prazo, remetam-se os autos para a Turma Recursal. Do contrário, proceda-se ao seu arquivamento. Publique-se, registre-se e intimem-se, observadas as disposições da Lei no 10.259/2001. Sobral/CE, data supra. EMANUEL JOSÉ MATIAS GUERRAJuiz Federal Substituto da 31a Vara - SJCE","A ação foi movida por Maria das Doreis Alves de Paiva contra o INSS, pedindo a concessão da pensão por morte como esposa do segurado falecido e o pagamento de prestações atrasadas. A pensão por morte é concedida aos dependentes do segurado que morreram, sem exigir tempo mínimo de contribuição ou idade mínima, mas sim que a morte tenha ocorrido antes da perda da qualidade de segurado. Também é necessário comprovar o vínculo de parentesco ou a dependência econômica.

A autora afirma ter estado casada com Antônio Milton de Paiva desde 1979, tendo dois filhos em comum. Ela pediu a pensão por morte, mas o INSS recusou, alegando que ela não comprovou a ajuda financeira do marido. A autora apresentou documentos como certidão de casamento, certidão de óbito e comprovantes de endereço, mas a prova não foi suficiente para comprovar a convivência conjugal até o óbito.

Há inconsistências nos dados de endereço e no depoimento da autora, que demonstram dúvidas sobre a continuidade da relação conjugal. Além disso, o depoimento da testemunha não esclareceu as questões relevantes da causa. Por isso, o pedido foi rejeitado, pois não há evidências suficientes para comprovar a dependência econômica e a manutenção da sociedade conjugal.

A sentença conclui que o pleito é improcedente, resolvendo o mérito da demanda. Não há custas nem honorários advocatícios. Se houver recurso, as partes devem se informar e os autos serão remetidos para a Turma Recursal. Publique-se e intime-se conforme a lei.",21.92,25.28,3.3599999999999994,0.875905454158783,543,145,398,
"SENTENÇA Dispensado o relatório, nos termos do art. 38 da Lei no. 9.099/95. F U N D A M E N T A Ç Ã O O ponto chave para a resolução da lide reside na análise das provas trazidas aos autos pela parte autora, com a finalidade de convencimento deste Juízo, no que diz respeito ao direitoao restabelecimento de auxílio-doença desde a cessação em 20/11/2015, ou concessão de aposentadoria por invalidez, na hipótese de a perícia médica constatar incapacidade total e definitiva, ou, ainda, concessãode auxílio-acidente, sem afastar, no entanto, outros aspectos a serem examinados. A Carta Magna de 1988, estabeleceu, no art. 201, I, a cobertura, pela Previdência Social, dos eventos de doença, invalidez, morte e idade avançada. A concessão de auxílio-doença a trabalhador urbano, nas condições da lide ora posta, é regida pela Lei dos Benefícios da Previdência Social (Lei no. 8.213/91), conforme os artigos 25 e 59 a 62. Do que se infere dos dispositivos supramencionados, conclui-se que, para seu deferimento, o auxílio-doença de trabalhador urbano reclama os seguintes pressupostos, elencados pela aludida LBPS: a qualidade de segurado e o cumprimento da carência, quando for o caso; incapacidade para o trabalho ou atividade habitual por mais de 15 (quinze) dias. O auxílio-doença, com efeito, não exige insusceptibilidade de recuperação. Ao contrário, o prognóstico é de que haja recuperação para a atividade habitual ou reabilitação para outra atividade, tanto que, sendo possível a reabilitação, o benefício a ser concedido é o auxílio-doença, e não a aposentadoria por invalidez. Igualmente à aposentadoria por invalidez, esta prestação não é devida quando a doença ou lesão for precedente à filiação, salvo quando a incapacidade resultar do agravamento ou progressão da lesão. Em face disso, a jurisprudência tem temperado esta regra e, havendo controvérsia neste ponto, imprescindível será a realização da perícia. O auxílio-doença tem caráter transitório, precário, não se prestando para ser mantido perpetuamente, tanto é assim que a lei prevê forma de submissão do segurado a processo de reabilitação. A participação nos programas de reabilitação profissional é obrigatória, sob pena de a administração ficar autorizada a suspender o benefício por incapacidade. Trata-se, aqui, de suspensão do benefício, e não de cancelamento, haja vista que, retornando o segurado para cumprir o tratamento prescrito, ainda incapaz, a prestação previdenciária deverá ser restabelecida. Para a concessão de aposentadoria por invalidez, além dos requisitos básicos do auxílio-doença (qualidade de segurado e cumprimento da carência), deve o segurado comprovar a incapacidade total e permanente para o exercício de atividade laboral que lhe garanta o sustento. Por fim, para a concessão do auxílio-acidente, impõe-se o cumprimento de dois requisitos: a qualidade de segurado e a redução da capacidade para o trabalho que habitualmente o segurado exercia, redução esta ocorrida em razão do acidente. Com relação aos requisitos de carência e qualidade de segurado, considero-os preenchidos (cf. CTPS colacionada). Ademais, como o caso em tela cuida de restabelecimento de benefício, desnecessária qualquer apreciação mais aprofundada da qualidade de segurado do promovente, haja vista que ele, quando da cessação do benefício, era, evidentemente, segurado da Previdência Social. Repita-se: a qualidade de segurado aqui reconhecida reporta-se apenas ao direito aqui pretendido - o restabelecimento do benefício cessado em 2015, não havendo qualquer apreciação acerca da manutenção desta condição para pedidos futuros. No tocante à incapacidade, o laudo pericial atesta que o promoventeem 20/09/2015 (data confirmada pela documentação apresentada) foi vítima de traumatismo no pé direito após tropeço, em percurso sem relação com trabalho, sendo evidenciado fraturas em bases dos metatarsos de 2o, 3o e 4o dedos + fratura do cuneiforme medial. O tratamento foi conservador (engessamento). Segundo o perito, houveincapacidade, a qualteve início 20/09/2015 e término em 20/12/2015. Conforme o laudo, não há mais, atualmente, incapacidade para o exercício de atividades laborativas. Sendo assim, já que, consoante o relatório médico, ainda havia incapacidade na data de cessação do benefício em 20/11/2015, hei por bem determinar o pagamento referente às diferençasde auxílio-doença relativas ao período compreendido entre 20/11/2015 (DCB)e20/12/2015 (término da incapacidade). A correção monetária das parcelas pretéritas, consoante decidido pelo Superior Tribunal de Justiça, no bojo do Recurso Especial de no. 1.495.146/MG (recurso repetitivo), com relatoria do Ministro Mauro Campbell Marques, julgado pela Primeira Seção em 22.02.2018 e publicado no DJe de 02.03.2018,deve ser feita utilizando-se o INPC, no que se refere ao período posterior à vigência da Lei no. 11.430/2006, que incluiu o art. 41-A na Lei no. 8.213/91. Quanto aos juros de mora, incidem segundo a remuneração oficial da caderneta de poupança (art. 1o-F, da Lei no.9.494/97, com redação dada pela Lei no. 11.960/2009). D E C I S U M: ISTO POSTO, e o mais que dos autos consta, mantido o indeferimento da tutela antecipada, JULGO PROCEDENTE EM PARTE O PEDIDO para o fim de determinar o pagamento de diferenças relativas ao benefício de auxílio-doença, compreendidasentre 20/11/2015e20/12/2015. O pagamento das parcelas vencidas, inclusive as referentes à gratificação natalina, deve ser acrescido de juros moratórios, que observam os índices oficiais da poupança, por consubstanciarem dívida de valor de natureza alimentar, estes devidos a partir da citação válida, e correção monetária nos moldes descritos na fundamentação, o que representa, em abril de 2019, o valor de R$ 1.202,57, consoante cálculos anexados aos autos. Sem custas, sem honorários (art. 55, da Lei no. 9.099/95). Expeça-se, ato contínuo, a RPV. Por fim, nada mais sendo requerido, arquivem-se os autos com baixa na distribuição. Publique-se.Registre-se.Intimem-se. Fortaleza, 08 de maiode 2019.","**Decisão**

O Juiz dispensou o relatório, conforme previsto no art. 38 da Lei 9.099/95.

A resolução da causa depende da análise das provas apresentadas pela parte autora, com a finalidade de convencer o juízo sobre o direito ao restabelecimento do auxílio-doença a partir de 2015 ou concessão de aposentadoria por invalidez, caso a perícia médica confirme incapacidade total e definitiva. Também pode ser concedido auxílio-acidente, mas não se descarta outros aspectos.

A Lei de 1988 estabelece que a Previdência Social cobre doenças, invalidez, morte e idade avançada. O auxílio-doença para trabalhadores urbanos é regido pela Lei 8.213/91, artigos 25 a 62.

Para o deferimento do auxílio-doença, são necessários: qualidade de segurado e cumprimento da carência (se aplicável), e incapacidade por mais de 15 dias. O benefício não exige que a pessoa não recupere, mas sim que ela possa voltar ao trabalho ou se reabilitar.

A aposentadoria por invalidez exige incapacidade total e permanente para o trabalho. O auxílio-acidente exige qualidade de segurado e redução da capacidade laboral devido ao acidente.

Os requisitos de carência e qualidade de segurado estão preenchidos (ver CTPS). Como o caso é sobre restabelecimento do benefício, não há necessidade de reavaliar a qualidade de segurado. O segurado era da Previdência Social quando o benefício cessou.

A perícia médica indica que o beneficiário teve traumatismo no pé em 2015, com fraturas e tratamento conservador. Havia incapacidade entre setembro e dezembro de 2015, mas não há mais hoje. Assim, o Juiz determina o pagamento do auxílio-doença entre novembro e dezembro de 2015.

As parcelas anteriores devem ser corrigidas com base no INPC (depois de 2006) e os juros moratórios seguem a remuneração da poupança. O valor total, em abril de 2019, foi R$ 1.202,57.

Decido que o pedido é parcialmente procedente. Não há custas nem honorários. Enviar a RPV e arquivar os autos com baixa na distribuição. Publique-se e registre-se. Fortaleza, 8 de maio de 2019.",23.69,33.99,10.3,0.9314164519309998,397,164,233,
"SENTENÇA TIPO A RELATÓRIO Dispensado relatório exaustivo, nos termos do art. 38 da Lei n.° 9.099/95, aplicado ao caso por força do art. 1° da Lei n.° 10.259/2001. Cuida-se de ação de cunho previdenciário em que o(a) autor(a), devidamente representado por sua genitora, pleiteia a concessão de benefício assistencial ao portador de deficiência, indeferido na esfera administrativa. FUNDAMENTAÇÃO Não havendo necessidade de produção de provas em audiência, julgo antecipadamente a lide, autorizado pelo art. 355, inciso I, do CPC/2015. Ausentes questões preliminares, passo à apreciação do mérito. A Lei n° 8.742/93, conhecida como Lei Orgânica de Assistência Social, com a redação que lhe foi dada pela Lei 12.435, de 6 de julho de 2011, assim dispõe acerca do benefício amparo social: Art. 20.O benefício de prestação continuada é a garantia de um salário-mínimo mensal à pessoa com deficiência e ao idoso com 65 (sessenta e cinco) anos ou mais que comprovem não possuir meios de prover a própria manutenção nem de tê-la provida por sua família. (Redação dada pela Lei no 12.435, de 2011) (...) § 2o Para efeito de concessão do benefício de prestação continuada, considera-se pessoa com deficiência aquela que tem impedimento de longo prazo de natureza física, mental, intelectual ou sensorial, o qual, em interação com uma ou mais barreiras, pode obstruir sua participação plena e efetiva na sociedade em igualdade de condições com as demais pessoas.(Redação dada pela Lei no 13.146, de 2015) II - impedimentos de longo prazo: aqueles que incapacitam a pessoa com deficiência para a vida independente e para o trabalho pelo prazo mínimo de 2 (dois) anos. (Redação dada pela Lei no 12.435, de 2011). § 3oConsidera-se incapaz de prover a manutenção da pessoa com deficiência ou idosa a família cuja renda mensal per capita seja inferior a 1/4 (um quarto) do salário-mínimo (Redação dada pela Lei no 12.435, de 2011) (...) Da simples leitura desse dispositivo, verifica-se que para a obtenção desse benefício, no valor de um salário mínimo, é necessário que o interessado seja pessoa idosa ou portadora de deficiência física ou mental e encontre-se impossibilitada de prover os meios necessários à sua manutenção ou de tê-la provida por sua família. O laudo médico pericial realizado em juízo, sob o pálio do contraditório, revelou que o(a) autor(a) é portador(a) de Outras malformações congênitas do sistema nervoso (CID 10: Q07) / Epilepsia e síndromes epilépticas sintomáticas definidas por sua localização (focal) (parcial) com crises parciais complexas (CID 10: G40.2). Consignou-se ainda, no aludido laudo (Anexo 9), o seguinte: “Diante dos documentos médicos apresentados, em correlação com a história clínica, o exame clínico e orientações presentes nos manuais diagnósticos, é possível afirmar que a parte autora é (ou foi) portadora da(s) seguinte(s) patologia(s): Outras malformações congênitas do sistema nervoso (CID 10: Q07) / Epilepsia e síndromes epilépticas sintomáticas definidas por sua localização (focal) (parcial) com crises parciais complexas (CID 10: G40.2). Caso existam outras patologias alegadas pela parte autora, os elementos relatados e documentados não se configuram de maneira suficiente para sustentar os demais diagnósticos. É possível afirmar com veemência apenas a presença da(s) patologia(s) supracitada(s) no primeiro parágrafo deste tópico. Trata-se de um caso em que o periciado manifesta sintomas de leve intensidade, controláveis ao uso de fármaco, o que descaracteriza esta caso com um estado compatível com impediemntos de longo prazo. O autor consegue exercer as suas atividaes habituais no presente momento. Portanto, conforme apontam os documentos apresentados, assim como as inferências decorrentes da entrevista e do exame pericial, em correlação com o estilo de atividade desempenhada, pode-se depreender que não se trata de um caso de impedimentos de longo prazo. (...) 3. Esse impedimento incapacita-o(a) atualmente para o exercício de atividades próprias de sua idade – tais como frequência à escola, participação em atividades lúdicas, recreativas ou esportivas – ou ao adequado desenvolvimento psicomotor? Qual a data, até mesmo aproximada, do início da incapacidade? (informar em que fatos se baseou para chegar a essa conclusão). Não se constatam impedimentos por longo prazo para o desempenho das atividades habituais da parte autora.” (grifei). O art. 15, § 5o do Decreto n.o 6.214/2007 (com a redação/inclusão dada pelo Decreto n.o 8.805/2016) estabelece que “a avaliação da deficiência deve ser dispensada quando for verificado que a renda familiar mensal per capita não atende aos requisitos de concessão do benefício”. Depreende-se, assim, que a análise administrativa da renda mensal familiar é precedente à avaliação da deficiência do requerente. Logo, para os benefícios requeridos a partir de 05/11/2016 (data de vigência do novo texto do decreto), nas hipóteses em que o indeferimento do benefício se deu especificamente por ausência de deficiência (como é o caso dos autos), a presunção é de que o requisito atinente à renda familiar foi atendido. Portanto, não é necessária a designação de perícia social, uma vez que a conclusão na avaliação social feita pela autarquia foi de que a parte autora atende ao requisito da miserabilidade. Do laudo pericial infere-se, contudo, que não há moléstia que acarrete obstrução da participação plena e efetiva na sociedade em igualdade de condições com as demais pessoas por longo prazo. Cumpre frisar que, se é certo que o impedimento a ensejar a concessão do benefício não pode ser levado a extremos, a ponto de restringir ou mesmo inviabilizar o deferimento do mesmo, não se pode olvidar que o amparo assistencial tem como alvo aquelas pessoas cujas deficiências, examinadas no contexto social em que as mesmas estão inseridas, lhes retira a possibilidade de prover o próprio sustento, ficando a depender de uma família que não tem condições financeiras de fazê-lo. Assim, em face do conjunto fático-probatório constante dos presentes autos, não merece acolhida a pretensão requerida na peça inaugural. DISPOSITIVO Em face do exposto, JULGO IMPROCEDENTE o pedido. Defiro o pedido de gratuidade judiciária. Sem custas e honorários advocatícios, por força do delineado nos artigos 1o, da Lei no 10.259/01, e 55, da Lei no 9.099/95. Caso não sejam interpostos recursos voluntários, encaminhem-se os autos ao arquivo com baixa na distribuição. Publique-se, registre-se e intimem-se. Quixadá (CE), data de inclusão supra.","**Sentença Tipo A Relatório**  
Não foi necessário realizar um relatório detalhado, conforme o art. 38 da Lei 9.099/95, aplicável ao caso devido ao art. 1º da Lei 10.259/2001. Trata-se de uma ação relacionada à previdência social, em que o autor, representado por sua genitora, pede a concessão de um benefício para pessoas com deficiência. A administração recusou o pedido.  

**Fundamentação**  
Como não foi necessário produzir provas em audiência, decidi antecipadamente a causa, conforme o art. 355, inciso I, do CPC/2015. Não havendo questões preliminares, passei à apreciação do mérito.  

A Lei 8.742/93 (Lei Orgânica de Assistência Social), com as modificações feitas pela Lei 12.435/2011, define o benefício amparo social como um salário-mínimo mensal para pessoas com deficiência ou idosas com 65 anos ou mais que não possuem meios para sustentar-se ou são incapazes de fazer isso com a família.  

O laudo médico mostrou que o autor tem uma condição neurológica, como epilepsia e síndromes epilépticas, mas os sintomas são leves e controláveis, sem impedir suas atividades diárias. Portanto, não há deficiência de longo prazo.  

O artigo 15, § 5º do Decreto 6.214/2007 (com modificações do Decreto 8.805/2016) diz que a avaliação da deficiência não é necessária se a renda familiar não atende aos critérios. Assim, a análise da renda vem antes da deficiência.  

Como o benefício foi indeferido por falta de deficiência (como no caso), considera-se que a renda familiar já foi verificada e atendida. Portanto, não é necessário um exame social.  

Com base nos documentos e no laudo, não há evidências de que o autor esteja em situação de miséria ou com deficiência que o impede de viver com igualdade nas sociedade. Assim, a solicitação não pode ser acolhida.  

**Dispositivo**  
Decido que o pedido é improcedente. Reconheço a gratuidade judiciária. Não há custas nem honorários advocatícios, conforme os arts. 1º da Lei 10.259/01 e 55 da Lei 9.099/95. Se não houver recursos, encaminhem os autos ao arquivo com baixa. Publique, registe e notifique.  
Quixadá (CE), data de inclusão supra.",16.94,38.06,21.12,0.9120345115661621,416,172,244,
"SENTENÇA I – RETATÓRIO Trata-se de ação especial cível proposta contra a Caixa Econômica Federal - CAIXA e o Município de Camaragibe/PE, em que a parte autora pretende a declaração da inexistência de débito e a condenação dos réus ao pagamento de indenização por danos morais no valor de R$ 10.000,00. Alega a autora, em apertada síntese, que realizou um contrato de empréstimo consignado perante a CEF, cujas parcelas foram pontualmente descontadas de seu salário. Acrescenta que, não obstante o pagamento de todas as prestações, foi inscrita nos cadastros de restrição ao crédito em relação a uma suposta parcela não quitada (vencimento em 01/06/2015), não obstante a citada cobrança se refira à data posterior ao término do contrato (março/2012 a 04/2015). A CEF, em contestação (anexo 21), suscitou as preliminares de ilegitimidade passiva e de litisconsórcio passivo necessário com a convenente (Município de Camaragibe/PE). No mérito, afirmou que o contrato objeto da ação não foi liquidado na data alegada pela demandante em razão da devolução pela citada ré da primeira parcela descontada da remuneração da autora, mediante débito na conta poupança aberta para recebimento do valor emprestado. Por isso, sustenta que não houve qualquer abuso em relação à inclusão do nome da demandante nos cadastros de restrição ao crédito, pois a parcela permanece pendente de quitação. Citado, o Município de Camaragibe/PE também suscitou sua ilegitimidade passiva, pugnando pela sua exclusão do processo. É o relatório, no essencial. Fundamento e decido. II – FUNDAMENTAÇÃO - DA ILEGITIMIDADE PASSIVA 'AD CAUSAM' ARGUIDA PELOS RÉUS E DA AUSÊNCIA DE LITISCONSORCIO PASSIVO NECESSÁRIO Em defesa, os réus aduziram a preliminar de ilegitimidade passiva ad causam na presente lide, destacando a CAIXA necessidade de litisconsórcio passivo necessário com a convenente. Contudo, apenas a preliminar de ilegitimidade passiva suscitada pelo Município de Camaragibe merece prosperar. Isso porque, conforme se depreende da inicial, a negativação do nome da autora se deu por suposta ação ilegal imputada exclusivamente à empresa pública (cobrança indevida). Diante disso, não há como se reconhecer a legitimidade passiva do Município deCamaragibe/PE. Acrescento que a questão atinente à responsabilidade ou não da Caixa Econômica Federal é matéria de mérito, sendo descabido o acolhimento da preliminar em tela. MÉRITO Em face da natureza consumerista da relação entre as partes, é o caso de responsabilidade civil objetiva do fornecedor (art. 14 da Lei no 8.078/90). A caracterização da responsabilidade civil objetiva nas relações de consumo subordina-se à presença simultânea dos seguintes requisitos: (a) defeito do serviço prestado ou informações insuficientes/inadequadas sobre sua fruição e riscos; (b) dano patrimonial ou moral; (c) nexo de causalidade entre o dano causado e o serviço prestado. In casu, a autora alega que, a despeito da quitação do empréstimo consignado tomado junto à CAIXA desde 04/2015, foi incluída nos órgãos de proteção de crédito quanto a uma suposta parcela em aberto relativa à prestação com vencimento em 01/06/2015, ou seja, posterior ao término do contrato. Busca a declaração da inexistência de débito e o recebimento de indenização por danos morais Pois bem. No caso dos autos, consoante restou demonstrado no curso do feito, a liquidação do contrato objeto da presente ação, inicialmente prevista para 04/2015, foi postergada para 01/06/2015 devido à devolução, pela CEF, do valor referente a primeira parcela, sob a alegação de que o referido desconto se deu antes do prazo estabelecido. Ocorre que a devolução da primeira parcela se deu mediante simples débito do valor da prestação na conta poupança da demandante, aberta para o recebimento do valor tomado emprestado na contratação em tela. A CAIXA não comprovou o envio de notificação à autora ou à convenente informando-os sobre o estorno da primeira parcela e do adiamento do término do contrato, mostrando-se abusiva, portanto, a inclusão do nome da autora nos cadastros de restrição ao crédito. No que se refere ao pedido de nulidade do débito, tendo em vista a ausência de quitação de uma das parcelas referentes ao contrato citado, e sob pena de enriquecimento ilícito pela parte autora há de ser julgado parcialmente procedente o pedido, sendo ilegal a cobranca de juros, multas e outros encargos, que não a mera correção monetária do montante, pela CEF, em virtude de sua própria negligência ao informar ao consumidor acerca da pendência administrativa. Assim sendo, em relação à liquidação do contrato, deve a CEF oportunizar o pagamento, pela autora, da última parcela pendente, sem o acréscimo de quaisquer encargos, que não a mera correção monetária do valor, no prazo de 10 dias, após o que poderá promover, caso não quitado o débito, as medidas administrativas e judiciais que entender pertinentes. Diante dessas considerações, reconheço que o dano experimentado na situação dos autos decorreu de conduta da ré, evidenciando-se, além do ilícito praticado pela CAIXA, o dano amargado pela parte autora e o nexo de causalidade. Quanto ao dano moral, convém destacar que o dano moral, in casu, é presumível, porque é o resultado de lesão à personalidade e à honra da pessoa. Portanto, a configuração do dano moral prescinde de prova do abalo concreto suportado. Para a fixação do quantum devido a título de indenização pelo dano moral, este deve ser capaz de efetivamente reparar o abatimento psicológico causado, sem, no entanto, possibilitar o enriquecimento indevido da vítima. Enfim, o montante deve proporcionar uma compensação pelo desgosto e angustia sofridos, ao mesmo tempo em que representa uma sanção ao infrator, além do desestímulo à prática de outras ilicitudes. Para seu arbitramento, portanto, devem ser observadas as condições sociais e econômicas das partes envolvidas, sopesando-se, com bom senso, as circunstâncias no tocante à extensão do dano, reprovabilidade da conduta da ré. Sob esse prisma, fixo a indenização devida à autora em R$ 3.000,00 (três mil reais). DISPOSITIVO Este o quadro: 1. julgo extingo o processo sem resolução do mérito em relação ao Município de Camaragibe, ante a sua ilegitimidade passiva, nos termos do art. 485, VI, do CPC; e 2. julgo parcialmente procedente o pedidos para, condenar a ré a, depois do trânsito em julgado desta sentença, pagar à autora, a título de danos morais, o valor de R$ 3.000,00 (três mil reais). No prazo de 10 (dez) dias, independentemente da apresentação de recurso (art. 43 da Lei 9.099/95), a CAIXA deverá promover o cancelamento da anotação restritiva em nome da autora, assim como notificar a autora do valor do débito atualizado, sem a incidência de encargos, como acima exposto, para a consequente liquidação do contrato. Correção monetária e juros de mora a serem calculados de acordo com as diretrizes constantes do manual de cálculos da Justiça Federal. Sem custas e honorários advocatícios, por serem incabíveis nesta primeira instância, em face do disposto no art. 55 da Lei n.o 9.099/95. Intimem-se, na forma da Lei n. 10.259/2001 e dos normativos deste juízo.","SENTENÇA I – RETATÓRIO  
A autora ajuizou uma ação contra a Caixa Econômica Federal (CEF) e o Município de Camaragibe/PE, pedindo que a inexistência de dívida seja declarada e que os réus paguem indenização por danos morais no valor de R$ 10.000,00. Alega que fez um empréstimo consignado com a CEF, cujas prestações foram descontadas do salário. Apesar de ter quitado todas as parcelas, foi incluída em cadastros de restrição ao crédito por uma suposta parcela não paga (vencimento 01/06/2015), mesmo sendo essa data após o término do contrato (março/2012 a abril/2015). A CEF contestou, argumentando que a autora não tem legitimidade passiva e que há litisconsórcio necessário. O Município também pediu sua exclusão do processo.  

II – FUNDAMENTAÇÃO  
A CEF alega que a autora não tem legitimidade passiva porque a negativação foi feita por uma ação ilegal da empresa. O Município não tem legitimidade, mas a responsabilidade pela CEF é matéria de mérito.  

MÉRITO  
A CEF deve ser responsabilizada por danos morais e materiais. A autora pede que o débito seja cancelado e indenização paga. A CEF devolveu uma parcela, adiando o término do contrato. Não notificou a autora sobre isso, o que foi abusivo. A CEF deve pagar a última parcela pendente sem encargos extras.  

DANO MORAL  
O dano moral é presumível, pois resulta de lesão à honra e personalidade. A indenização será de R$ 3.000,00.  

DISPOSITIVO  
O Município não tem legitimidade. A CEF deve pagar R$ 3.000,00 por danos morais. Em 10 dias, a CEF deve cancelar a restrição e notificar o débito atualizado sem encargos. A correção monetária será feita conforme as diretrizes do Judiciário Federal. Não há custas ou honorários advocatícios.",14.84,38.58,23.74,0.8332235813140869,443,142,301,
"SENTENÇA I. Relatório Trata-se de ação proposta por ALCIR SANTOS em face do INSS, visando à concessão de amparo assistencial ao idoso, sob a alegação de que preenche os requisitos legalmente exigidos. O requerimento administrativo foi apresentado em 03/04/2014. O indeferimento se deu em razão da renda per capita familiar ser superior a 1⁄4 do salário mínimo como também pelo não cumprimento de exigências. Em sede de contestação, o INSS requereu a improcedência do pedido, alegando, em síntese, o não preenchimento dos requisitos necessários para a concessão do benefício. É o relatório. Decido. II. Fundamentação O ponto controvertido consiste em saber se a parte autora, idosa, preenche os requisitos para a concessão do benefício assistencial previstos no artigo 203, V, da Constituição Federal, ou seja, se é incapaz de manter a sua subsistência ou de tê-la mantida pela família. Ao regulamentar o dispositivo constitucional, a Lei n. 8.742/1993 considera incapaz de prover a manutenção da pessoa com deficiência ou idosa a família cuja renda mensal per capita seja inferior a 1/4 (um quarto) do salário mínimo. À míngua dessa previsão, a Turma de Uniformização Nacional dos Juizados Especiais Federais já manifestou o entendimento de que a renda superior a 1/4 do salário mínimo não impede a concessão do benefício assistencial previsto no art. 20, § 3o, da Lei no 8.742/93, desde que comprovada, por outros meios, a miserabilidade da postulante (súmula n. 11). Além disso, o Supremo Tribunal Federal, declarou inconstitucional o § 3o do art. 20 da LOAS, por entender que o critério de 1/4 do salário mínimo não se revela mais suficiente para caracterizar o estado de miserabilidade, devendo tal situação ser averiguada por outros elementos que atestem o real estado de vulnerabilidade econômico e social em que a requerente se insere. Também a jurisprudência não permite o cômputo na renda familiar de valores decorrentes de benefícios assistenciais recebidos por outro membro da família, seja idoso ou deficiente físico, ou de benefício previdenciário no valor de um salário mínimo. Igualmente, os valores recebidos por meio do Programa Bolsa Família não devem ser computados. Considerando que, no Brasil, é muito grande a quantidade de empregados que trabalham de forma clandestina (sem anotações na CTPS) e de pessoas aptas a se filiarem como contribuintes individuais que não o fazem, é relevante a realização de verificação das condições sociais e de moradia da parte autora, para analisar se demanda a participação do Estado em sua manutenção. Após a análise das provas dos autos, apurou-se o seguinte. A parte autora possuía 75 anos de idade na data do requerimento administrativo (anexo 09– RG). Reputo preenchido, portanto, o aludido requisito. Passo a apreciar a miserabilidade. A perícia social apontou que o requerente mora sozinho em um quarto cedido pelo seu irmão. Não há nenhuma notícia acerca da renda mensal. Ademais, todas as refeições do demandante são feitas na mercearia localizada no térreo, as quais são fornecidas pelo seu irmão. Além disso, de acordo com as fotos colacionadas aos autos, observa-se que o local no qual a parte autora reside possui apenas dois cômodos e é guarnecido apenas com móveis básicos. Destarte, foi relatado pela vizinha do autor que ele depende completamente do seu irmão para sobreviver, o que restou comprovado mediante os demais elementos probatórios. Desse modo, por todo conjunto probatório, reputo preenchido o requisito da miserabilidade. Considerando que houve mudança de domicílio entre a DER e a propositura da ação, está claro que houve mudança na situação de fato do autor, não havendo elementos que comprovem que a miserabilidade ora identificada estava presente desde àquela data. Sendo assim, fixo a DIB na data em que o INSS tomou conhecimento da diligência sócio-econômica realizada. III. Dispositivo Em face do exposto: a) resolvo o mérito (art. 487, I, do CPC), para julgar PROCEDENTE o pedido formulado na exordial, condenando o INSS a implantar o benefício assistencial ao deficiente em favor do autor, com DIB em 17/03/2017 e DIP no primeiro dia deste mês de validação da sentença. b) antecipo os efeitos da tutela, determinando que o INSS implante, no prazo de 10 dias, o benefício de amparo assistencial, haja vista o direito já estar certificado e a espera pelo provimento definitivo pode gerar dano irreparável à parte demandante. Ainda, condeno ao pagamento das diferenças devidas, com juros e correção monetária nos termos do disposto no art. 1o-F da Lei no 9.494/97, com a redação dada pela Lei no 11.960/2009. Defiro os benefícios da Justiça Gratuita. Sem custas e honorários advocatícios, neste grau de jurisdição, em razão do disposto no art. 55, da Lei no 9.099/1995. Intimações de acordo com o disposto na Lei no 10.259/2001. Caruaru, data da validação. MARCOS ANTONIO MACIEL SARAIVA Juiz Federal da 31a Vara/PE TIPO DE BENEFÍCIO BPC ESPÉCIE AMPAROASSISTENCIAL AO IDOSO NB 7008507764 BENEFICIÁRIO ALCIR SANTOS VALORMENSAL DO BENEFÍCIO Umsalário mínimo DIB 17/03/2017 DIP Primeirodia do mês da validação da sentença","Texto simplificado: A ação foi proposta por ALCIR SANTOS contra o INSS, pedindo que ele conceda um benefício assistencial ao idoso, porque ele cumpre os requisitos legais. O pedido foi feito em 03/04/2014, mas o INSS recusou, dizendo que a renda familiar é maior que 1/4 do salário mínimo e que outros critérios não foram cumpridos. O INSS alegou que ALCIR não preenche os requisitos para receber o benefício.

A parte autora tem 75 anos e mora sozinho em um quarto pequeno, com apenas dois cômodos e móveis básicos. Ele pega as refeições na mercearia fornecida pelo irmão e não tem nenhum dinheiro. A vizinha disse que ele depende totalmente do irmão para sobreviver.

A renda mensal não foi informada, mas a análise das provas mostrou que a parte autora está em condições de miserabilidade. Por isso, o juiz decidiu que o INSS deve conceder o benefício assistencial. O benefício será concedido a partir de 17/03/2017 e terá validade a partir do primeiro dia do mês da sentença. O INSS deve implantar o benefício dentro de 10 dias, pois o direito já está comprovado. Além disso, o juiz condenou o INSS a pagar as diferenças devidas, com juros e correção monetária. Também autorizou os benefícios da Justiça Gratuita. Não haverão custas nem honorários advocatícios neste grau de jurisdição. As intimações serão feitas conforme a lei.",24.85,41.26,16.409999999999997,0.87383633852005,386,136,250,
"PODER JUDICIÁRIO JUSTIÇA FEDERAL – SEÇÃO JUDICIÁRIA DO CEARÁ JUIZADO ESPECIAL FEDERAL – 14a VARA TERMO DE CONCILIAÇÃO Processo no 0523091-45.2014.4.05.8100 Autor(a): MARINETE DA SILVA MARTINS Advogado(a) do(a) autor(a): Manuel Bezerra da Silva Réu: INSS - Instituto Nacional do Seguro Social -(FORTALEZA) Procurador do INSS: Thiago Luis de Oliveira Albuquerque No dia15/01/2015 na cidade de Fortaleza, no Estado do Ceará, na sala deaudiências da 14a Vara Federal da Seção Judiciária do Ceará, fizeram-sepresentes para audiência de conciliação o(a) Conciliador(a), Sr(a) ANAMARIA CHAVES GUIDEM, o(a) autor(a), acompanhada de seu esposo, apreposta do procurador (Sra. Maria de Lourdes Almeida dos Santos) e o(a)procurador(a) do INSS. Aberta a audiência, as partes transigiram e foi celebrado acordo nos seguintes termos: 1o. O INSS se obriga a CONCEDER à parte autora o BENEFÍCIO ASSISTENCIAL pleiteado na inicial, NB 7007418326, com D.I.P. em 1o/1/2015 e D.I.B. em 3/2/2014, data do requerimento administrativo. 2o. Fica, ainda, o INSS obrigado a pagar, mediante RPV (requisição de pequeno valor), o valor correspondente aos atrasados, no percentual de 60% (sessenta por cento), o que perfaz o montante constante em planilha elaborada pela Contadoria deste Juízo que segue anexa aos autos. 3o. A parte autora renuncia às parcelas excedentes ao valor acordado, as quais foram pleiteadas na inicial. 4o. O INSS compromete-se a implantar o benefício no prazo de 20 (vinte) dias, a partir desta data 5o. Fica, ainda, o INSS obrigado a reembolsar aos cofres do TRF da 5a Região os honorários médico-periciais, nos termos do art. 12 §1o. da Lei 10.259/2001, da Resolução 281/2002 do CJF e do Enunciado do 3o FONAJEF no 52. 6o. As partes renunciam expressamente ao prazo recursal.  A seguir, o MM. Juiz Federal prolatou a seguinte sentença homologatória: SENTENÇA Vistos etc. Cuida-se de pedido de concessão de benefício, cumulado com pedido de pagamento de parcelas retroativas, sobre cujo objeto as partes transigiram nos termos acima expostos.","Justiça Federal – Seção Judiciária do Ceará, 14a Vara. Termo de Conciliação. Processo n.º 0523091-45.2014.4.05.8100. Autora: Marineté da Silva Martins. Advogada: Manuel Bezerra da Silva. Réu: INSS – Instituto Nacional do Seguro Social (Fortaleza). Procurador do INSS: Thiago Luis de Oliveira Albuquerque. No dia 15/01/2015, na cidade de Fortaleza, no Estado do Ceará, na sala de audiências da 14a Vara Federal, compareceram as partes para a audiência de conciliação: o conciliador, a autora acompanhada de seu marido, a procuradora (Sra. Maria de Lourdes Almeida dos Santos) e o procurador do INSS. As partes acordaram nos seguintes termos: 1o. O INSS deve conceder ao autor o benefício assistencial solicitado, com data de início em 1º/1/2015 e data de requerimento em 3/2/2014. 2o. O INSS deve pagar, mediante RPV, 60% dos atrasados, conforme valor na planilha anexa. 3o. A autora renuncia às parcelas acima do valor acordado. 4o. O INSS deve implantar o benefício em 20 dias. 5o. O INSS deve reembolsar os honorários médico-periciais aos cofres do TRF da 5a Região. 6o. As partes renunciam ao prazo recursal. O juiz homologou o acordo.",42.86,59.79,16.93,0.8822338581085205,174,103,71,
"SENTENÇA Por força do disposto no art. 38 da Lei 9.099/95, combinado com o art. 1o da Lei no 10.259/01, dispenso a feitura do relatório. Passo, pois, à fundamentação. 1. FUNDAMENTAÇÃO Cuida-se de ação de rito especial ajuizada por ROSELIA DE OLIVEIRA MENEZES em face do INSTITUTO NACIONAL DE SEGURIDADE SOCIAL - INSS, por meio da qual pretende a condenação do réu na obrigação de conceder-lhe o benefício de aposentadoria por idade, bem como na obrigação de pagar as prestações vencidas e vincendas, a contar da data do requerimento administrativo, em 20/6/2014. Tendo em vista que a matéria é unicamente de direito, permite-se o julgamento antecipado da lide, a teor da norma insculpida no inciso I do art. 330 do Diploma Processual Civil. O benefício de aposentadoria por idade, nos termos do art. 48 da Lei no 8213/91, será concedida ao segurado urbano que comprovar: a) o implemento da idade de 65 (sessenta e cinco anos), se homem, e da idade de 60 (sessenta) anos, se mulher; b) o cumprimento do período de carência, consistente em 180 (cento e oitenta) contribuições, a teor do disposto no art. 25, II, da Lei no 8.213/91, observada, no entanto, a regra de transição disposta no art. 142 do mencionado Diploma Legal, para os segurados que já eram filiados ao sistema previdenciário até 24/ 7/1991. Ressalte-se que, para fins de aplicação da regra de transição constante do art. 142, da Lei de Benefícios, não se exige a manutenção da qualidade de segurado na data do advento dessa lei, mas apenas que o filiado tenha se filiado ao RGPS (inscrito na literalidade da lei) até 24 de julho de 1991, pelo que se depreende da leitura do citado art. 142, da Lei 87213/1991. Ora, não é dado ao intérprete restringir quando a lei assim não o fez, principalmente em se tratando de norma que garante direitos sociais, de cunho previdenciário. Nesse sentido, julgado do STJ, verbis: PREVIDENCIÁRIO. RECURSO ESPECIAL. APOSENTADORIA POR IDADE URBANA. PREENCHIMENTO SIMULTÂNEO DOS REQUISITOS. DESNECESSIDADE. REGRA DE TRANSIÇÃO DO ART. 142 DA LEI DE BENEFÍCIOS. PRECEDENTES. RECURSO ESPECIAL CONHECIDO E PROVIDO. 1. Tendo a parte recorrente sido filiada ao sistema antes da edição da Lei 8.213/1991, a ela deve ser aplicada, para fins de cômputo de carência necessária à concessão da aposentadoria por idade, a regra de transição disposta no art. 142 da Lei de Benefícios. 2. Deve beneficiar-se da regra de transição o segurado que estava vinculado ao Regime Geral da Previdência Social, mas que, por ocasião da nova Lei não mantivesse a qualidade de segurado, desde que retorne ao sistema. 3. A implementação dos requisitos para a aposentadoria por idade urbana pode dar-se em momentos diversos, sem simultaneidade. Mas, uma vez que o segurado atinja o limite de idade fixado, o prazo de carência está consolidado, não podendo mais ser alterado. A interpretação a ser dada ao art. 142 da referida Lei deve ser finalística, em conformidade com os seus objetivos, que estão voltados à proteção do segurado que se encontre no período de transição ali especificado, considerando o aumento da carência de 60 contribuições para 180 e que atinjam a idade nele fixada. 4. Com o advento da Lei 10.666/2003, que passou a disciplinar especificamente a questão da dissociação dos requisitos para obtenção do benefício, a nova sistemática não faz distinção entre o tempo anterior e o posterior à perda da qualidade de segurado. 5. O acórdão recorrido deve ser reformado, porque está em dissonância com a jurisprudência do STJ que admite a aplicação do art. 142 combinado com o § 1o do art. 3o da Lei 10.666/2003. Observância do incidente de uniformização de jurisprudência, Pet 7.476/PR. 6. O segurado que não implementa a carência legalmente exigida quando atingido o requisito etário, pode cumprí-la posteriormente pelo mesmo número de contribuições previstas para essa data. Não haverá nesta hipótese um novo enquadramento na tabela contida no art. 142 da Lei 8.213/1991, como entendeu o Tribunal a quo. 7. Recurso especial conhecido e provido, determinando-se ao INSS que refaça a contagem da carência com base na data em que a segurada atingiu a idade mínima. Inversão do ônus da sucumbência. Honorários advocatícios fixados em 10% sobre o valor da condenação. (REsp 1412566/RS, Rel. Ministro MAURO CAMPBELL MARQUES, SEGUNDA TURMA, julgado em 27/03/2014, DJe 02/04/2014) (grifos acrescidos) Cumpre ressaltar que não se faz necessária a presença simultânea dos citados requisitos, de modo que a perda posterior da qualidade de segurado não prejudicará o direito ao benefício de aposentadoria por idade. Nesses termos, é a redação do art. 102, §1o, da Lei no 8.213/91, a seguir transcrita: Art. 102. A perda da qualidade de segurado importa em caducidade dos direitos inerentes a esta qualidade. §1o A perda da qualidade de segurado não prejudica o direito á aposentadoria para cuja concessão tenham sido preenchidos todos os requisitos, segundo a legislação em vigor à época em que os requisitos foram atendidos. (...). Alie-se que a Lei no 10.741/2003 (Estatuto do Idoso), em seu art. 30, também prevê a possibilidade daquele que perdeu a condição de segurado da Previdência Social se aposentar por idade, desde que comprove a carência exigida para tal fim. Confira-se: Art. 30. A perda da condição de segurado não será considerada para a concessão da aposentadoria por idade, desde que a pessoa conte com, no mínimo, o tempo de contribuição correspondente ao exigido para efeito de carência na data do requerimento do benefício."" No caso vertente, consoante a documentação acostada aos autos, verifica-se que a autora nasceu em 23/7/1945 (anexo 3), tendo completando 60 anos de idade no ano de 2005, de modo que resta atendido o requisito etário para fins de concessão do benefício. Com relação à carência necessária para a concessão do benefício postulado, à luz do entendimento acima explanado, é de se observar a tabela de transição constante do art. 142 da Lei 8.213/91, abaixo transcrito, eis que a parte autora já era filiada ao sistema do RGPS antes de 24 de julho de 1991, conforme comprova a certidão constante do anexo 8. Art. 142. Para o segurado inscrito na Previdência Social Urbana até 24 de julho de 1991, bem como para o trabalhador e o empregador rural cobertos pela Previdência Social Rural, a carência das aposentadorias por idade, por tempo de serviço e especial obedecerá à seguinte tabela, levando-se em conta o ano em que o segurado implementou todas as condições necessárias à obtenção do benefício:"" Ano deImplementação das condições Meses decontribuição exigidos 1991 60 meses 1992 60 meses 1993 66 meses 1994 72 meses 1995 78 meses 1996 90 meses 1997 96 meses 1998 102 meses (...) (...) 2004 138 meses 2005 144 meses (...) (...) 2011 180 meses   Ressalte-se que é firme o entendimento jurisprudencial no sentido de que, no âmbito do benefício de aposentadoria por idade urbana, não há necessidade de que os requisitos sejam implementados simultaneamente, de modo que, atendido o requisito etário primeiro, firma-se o prazo de carência do benefício pleiteado, com base na tabela constante do art. 142 da Lei 8.213/91, nada obstando que a mesma seja satisfeita posteriormente. Assim, tendo em vista que a autora atingiu a idade de 60(sessenta) anos em 2005, deve cumprir o prazo de carência de 144 (cento e quarenta e quatro) meses. Para averiguação do cumprimento da carência determinada na lei, foi feito o somatório do tempo de serviço certificado na certidão do anexo 8, de 01/03/1968 a 08/03/1976 e 01/07/1976 a 02/03/1979, do tempo de serviço celetista, de 05/03/1979 a 24/07/1990,informado na declaração da Secretaria do Planejamento e Gestão do Governo do Estado do Ceará, constante do processo administrativo, corroborado pela anotação na CTPS do anexo 5, bem como do tempo de contribuição da autora na qualidade de contribuinte individual, de 30/07/2003 a 30/06/2005 (anexos 10/21), conforme tabela a seguir colacionada: No COMUM DataInicial DataFinal TotalDias Anos Meses Dias 1 01/03/1968 08/03/1976 2.888 8 - 8 2 01/07/1976 02/03/1979 962 2 8 2 3 05/03/1979 24/07/1990 4.100 11 4 20 4 30/07/2003 30/06/2005 691 1 11 1 5 - - - - 6 - - - - 7 - - - - Total 8641 24 0 1 TotalGeral (Comum + Especial) 8641 24 0 1 Constata-se, assim, que a parte autora implementou o período de carência exigido, pois, no somatório, apurou-se, na data do pedido administrativo, o total de apenas 24 anos, que representam 288 meses de contribuição, ou seja, a parte autora, ao final, acabou cumprindo mais de 180(cento e oitenta) contribuições na data do requerimento administrativo, em 02/06/2014(anexo 9). Assim, uma vez atendido os requisitos necessários para a concessão do benefício, previstos no art. 48 c/c o art. 25, II, ambos da Lei no 8.213/91, merece acolhida a pretensão constante na inicial, desde a data do requerimento administrativo. 2. DISPOSITIVO Em sendo assim e por conta das razões expostas, JULGO PROCEDENTE o pedido, para determinar que o INSS conceda o benefício de aposentadoria por idade à parte autora, com DIB em 2.6.2014 (DER) e DIP em 1o.9.2015. Ficam desde logo antecipados os efeitos da tutela, apenas para fins de cumprimento da obrigação de fazer concernente implantação do benefício previdenciário, a qual deverá ser perfectibilizada no prazo de 15 (quinze) dias. Condeno, ainda, o INSS no pagamento das parcelas em atraso, desde a data do requerimento administrativo, devidamente corrigidas pelo INPC, acrescidas de juros de mora equivalentes aos aplicados à caderneta de poupança, incidentes desde a citação, na forma do art. 1o-F da Lei n. 9.494/97 (com a redação dada pelo art. 5o da Lei n. 11.960/2009), o que totaliza o montante descrito na planilha em anexo. Afasto parcialmente a aplicação do art. 5o da Lei n. 11.960/2009, somente no tocante à utilização da TR como índice de correção monetária, declarada inconstitucional pelo STF no julgamento da ADI 4357, devendo ser mantido o INPC como indexador, o qual vigorava anteriormente à modificação legislativa (art. 31 da Lei n. 10.741/2003 c/c art. 41-A da Lei n. 8.213/91, introduzido pela Lei n. 11.430/2006). Sem condenação em honorários advocatícios e em custas processuais, por força do delineado nos arts. 1o, da Lei no 10.259/01, e 55, da Lei no 9.099/95.","SENTENÇA: Por força do art. 38 da Lei 9.099/95, combinado com o art. 1º da Lei 10.259/01, dispenso a elaboração de relatório. Passo, portanto, à fundamentação.

FUNDAMENTAÇÃO: Trata-se de uma ação especial em que Roselina Oliveira Meneses pede ao INSS a concessão do benefício de aposentadoria por idade e o pagamento das prestações vencidas e pendentes, desde 20/6/2014. Como a questão é de direito, permite-se julgar antecipadamente.

A aposentadoria por idade urbana exige que o segurado comprove: a) a idade mínima (65 anos para homens, 60 para mulheres); b) 180 contribuições, conforme art. 25, II, da Lei 8.213/91. Para os filiados antes de 24/7/1991, aplica-se a regra de transição do art. 142 da mesma lei.

Não é permitido restringir a lei, especialmente quando trata de direitos sociais. O STJ entende que a regra de transição aplica-se a segurados que já estavam no sistema antes da Lei 8.213/91.

A idade e a carência podem ser atendidas em diferentes momentos, mas uma vez que a idade é atendida, a carência está consolidada. A regra de transição do art. 142 da Lei 8.213/91 aplica-se aos segurados filiados antes de 24/7/1991.

A Lei 10.666/2003 não distingue entre o tempo anterior e posterior à perda da qualidade de segurado. O acórdão deve ser reformado, pois contradiz a jurisprudência do STJ.

O segurado pode cumprir a carência depois de atingir a idade. A perda posterior da qualidade de segurado não prejudica o direito à aposentadoria.

A Lei 8.213/91 e a Lei 10.741/2003 confirmam que a perda da qualidade de segurado não impede a concessão do benefício, desde que os requisitos sejam atendidos.

Roselina nasceu em 23/7/1945 e completou 60 anos em 2005, atendendo o requisito etário. Para a carência, aplica-se a tabela do art. 142 da Lei 8.213/91. Como ela estava filiada antes de 24/7/1991, aplica-se a regra de transição.

A soma das contribuições mostrou que Roselina cumpriria mais de 180 meses de carência até 2014. Assim, o INSS deve conceder o benefício de aposentadoria por idade e pagar as prestações vencidas, com correção pelo INPC e juros de mora.

Condeno o INSS no pagamento das parcelas em atraso, com correção monetária. Afasto parcialmente a aplicação da TR como índice de correção, mantendo o INPC. Não haverá condenação em honorários advocatícios e custas processuais.",45.48,59.77,14.290000000000006,0.8878607749938965,538,157,381,
"SENTENÇA – tipo A Vistos, etc. I - Relatório. Trata-se de ação cível especial previdenciária proposta em face do Instituto Nacional do Seguro Social onde a parte autora postula a concessão do benefício de pensão por morte. Conciliação frustrada. O INSS contestou alegando que a pretensão autoral não encontra respaldo legal. É o resumo dos fatos. Passo a decidir. II - Fundamentação. Sem preliminares. Sobre o tema sub judice, bem leciona Daniel Machado da Rocha [1]que “materializando-se o risco social, três são os pressupostos para que o dependente faça jus às prestações previdenciárias: a) manutenção da qualidade de segurado por parte de quem era responsável pela subsistência do dependente; b) integrar o beneficiário a classe prioritária, ou inexistência de outros dependentes mais privilegiados; c) comprovação da dependência econômica (para primeira classe de dependentes a lei erigiu uma presunção que poderá dispensar a sua demonstração)”. Vê-se que a parte autora não preenche todos os requisitos citados pelo ilustre doutrinador. Recorde-se que o benefício de pensão por morte independe de carência (art. 26, I, da Lei n.o 8.213, de 1991). Da qualidade de segurado. Os documentos apresentados pela parte autora, a meu sentir, não são suficientes para comprovar a qualidade de segurado do de cujus, quando de seu óbito. Para comprovação do seu direito, consta certidão de óbito (doc. 2), certidão de nascimento de filhos (doc. 3), dentre outros documentos de menor importância. Analisando-se o acervo probatório, verifica-se que o único documento que qualifica o falecido como agricultor é a certidão de óbito, a qual, por óbvio, foi expedida após a data do passamento, logo, não pode servir como início de prova material do exercício da atividade rural pelo fenecido. Acerca do valor probatório dos documentos emitidos após o óbito do segurado, já se pronunciou o Tribunal Regional Federal da 5a Região: “PREVIDENCIÁRIO. SENTENÇA CITRA PETITA. NÃO CONFIGURAÇÃO. PENSÃO POR MORTE DE RURÍCOLA. NÃO COMPROVAÇÃO DA DEPENDÊNCIA E DO EXERCÍCIO DE ATIVIDADE RURAL. APELAÇÃO IMPROVIDA. 1. Há que se reconhecer como válida e eficaz a sentença recorrida, uma vez que ela foi prolatada nos estritos limites do pedido, qual seja, a concessão de pensão por morte. Se sequer a qualidade de segurado especial foi comprovada, não há que se investigar acerca da alegada dependência econômica, posto que um dos pressupostos da concessão do benefício, a mencionada qualidade, não restou atendido. 2. A pensão por morte encontra amparo no art. 201, V da Carta Magna, bem como nos arts. 74 e 16, I da Lei no 8.213/91. Sua fruição tem como pressuposto a implementação de requisitos como a comprovação da ocorrência do óbito e a qualidade de segurado do de cujus, perante o Regime Geral da Previdência Social. Será devida a pensão ao conjunto dos dependentes do segurado. 3. Não se comprovou a condição de trabalhador rural do falecido e a qualidade de dependente da autora. As provas carreadas aos autos não são robustas o suficiente para demonstrar sua condição de rurícola. Constam dos autos os seguintes documentos: declaração de exercício de atividade rural emitida pelo Sindicato dos Trabalhadores Rurais de São João do Rio do Peixe/PB; certidão de óbito; carteira de trabalho; Escritura Particular de Compra e Venda; Cadastramento Único Para Programas Sociais; entrevista rural; Cadastro da Família, onde não consta o nome da autora; sendo em sua maioria, posteriores ao óbito. 4. Impossibilidade de concessão do benefício pleiteado, com base exclusivamente em prova testemunhal. 5. Assistência judiciária reconhecida no primeiro grau, com a suspensão do pagamento da condenação em custas e honorários advocatícios. 6. Apelação da autora improvida.” (TRF5, AC 200905990019943, Primeira Turma, Desembargador Federal Rogério Fialho Moreira, 10/9/2009, g.n.). Não bastasse a precariedade do acervo probatório, a certidão de nascimento do menor o Gilvan Fernandes da Silva Filho qualifica o falecido como pedreiro, o que é corroborado pela informação do CNIS (doc. 6) noticiando vínculos em empresas construção e eletrificação. Importante salientar que na data do óbito o falecido também já havia perdido a qualidade de segurado do RGPS, na condição de trabalhador urbano, uma vez que entre o término do vínculo empregatício e a data do óbito transcorreu lapso temporal superior a 36 (trinta e seis) meses. Destarte, entendo que a qualidade de segurado especial do de cujus não restou comprovada. No que pertine aos outros requisitos necessários para a concessão do benefício ora perseguido, a saber, o óbito e a qualidade de dependente, entendo não haver necessidade de se adentrar ao assunto, já que a primeira condição, consoante foi plenamente elucidado acima, não foi implementada, impedindo o acolhimento do pleito, posto serem as exigências legais cumulativas e não alternativas. III - Dispositivo. Com base nestes esteios, tendo em vista a não comprovação dos requisitos para a concessão de pensão por morte, julgo improcedente o pedido, ficando o feito extinto com resolução de mérito, nos termos do art. 269, I, do CPC. Sem custas. Sem honorários. Sem reexame necessário. P. R. I. Intime-se o MPF. Com o trânsito em julgado, arquivem-se os autos. Quixadá/CE, 17 de março de 2011. MARCOS MAIRTON DA SILVA","SENTENÇA – tipo A Vistos, etc. I - Relatório. Trata-se de uma ação cível especial previdenciária contra o INSS, em que a parte autora pede a concessão da pensão por morte. A conciliação foi frustrada. O INSS contestou, alegando que a solicitação não tem base legal. II - Fundamentação. Sem preliminares. Segundo Daniel Machado da Rocha, para que um dependente receba prestações previdenciárias, são necessários três requisitos: manutenção da qualidade de segurado do responsável pelo dependente, inclusão no grupo prioritário ou ausência de outros dependentes mais privilegiados, e comprovação da dependência econômica. A parte autora não apresentou todos os documentos necessários para comprovar a qualidade de segurado do falecido. O único documento que o qualifica como agricultor é a certidão de óbito, mas ela foi emitida após o óbito e, portanto, não pode ser usada como prova. Além disso, os outros documentos apresentados são posteriores ao óbito ou insuficientes para comprovar a atividade rural do falecido. Também não houve comprovação de que ele era trabalhador rural e dependente da autora. O falecido também perdeu a qualidade de segurado do RGPS, pois estava trabalhando como urbano há mais de 36 meses antes do óbito. Por isso, a qualidade de segurado especial não foi comprovada. Como os requisitos legais são cumulativos, a falta de um dos elementos impede a concessão do benefício. III - Dispositivo. Com base nos fatos acima, o pedido é improcedente. O processo é considerado resolvido com mérito, conforme o artigo 269, I, do CPC. Sem custas, sem honorários e sem necessidade de reexame. P. R. I. Intime-se o MPF. Com o trânsito em julgado, arquivem-se os autos. Quixadá/CE, 17 de março de 2011. Marcos Mairton da Silva",29.95,30.68,0.7300000000000004,0.9349080920219421,374,162,212,
"SENTENÇA I. Relatório Dispensado o relatório, nos termos do art. 38 da Lei 9.099/95. II. Fundamentação Trata-se de ação especial, em que a parte autora requer a concessão do benefício de amparo social ao portador de deficiência, e os valores vencidos desde o requerimento administrativo. Sendo dispensável a produção de provas em audiência, entendo ser o caso de julgamento antecipado da lide, conforme previsto no art. 330, inciso I, do CPC. São requisitos para o deferimento do benefício assistencial pleiteado, nos termos do art. 203, V da CF/88, ser o requerente pessoa portadora de deficiência física ou idosa e não possuir meios de prover a própria subsistência ou de tê-la provido por própria família. Com o objetivo de regulamentar o texto fundamental, o benefício de prestação continuada restou detalhado nos artigos 20 e 21 da Lei 8.742/93, dispondo o primeiro deles o seguinte (redação anterior à Lei 12.435/2011, posto que o indeferimento administrativo é anterior a 6 de julho de 2011, data de sua publicação): Art. 20. O benefício de prestação continuada é a garantia de 1 (um) salário mínimo mensal à pessoa portadora de deficiência e ao idoso com 70 (setenta) anos ou mais e que comprovem não possuir meios de prover a própria manutenção e nem de tê-la provida por sua família. § 1o Para os efeitos do disposto no caput, entende-se por família a unidade mononuclear, vivendo sob o mesmo teto, cuja economia é mantida pela contribuição de seus integrantes. § 1oPara os efeitos do disposto no caput, entende-se como família o conjunto de pessoas elencadas no art. 16 da Lei no 8.213, de 24 de julho de 1991, desde que vivam sob o mesmo teto. (Redação dada pela Lei no 9.720, de 30.11.1998) § 2o Para efeito de concessão deste benefício, a pessoa portadora de deficiência é aquela incapacitada para a vida independente e para o trabalho. § 3o Considera-se incapaz de prover a manutenção da pessoa portadora de deficiência ou idosa a família cuja renda mensal per capita seja inferior a 1/4 (um quarto) do salário mínimo. § 4o O benefício de que trata este artigo não pode ser acumulado pelo beneficiário com qualquer outro no âmbito da seguridade social ou de outro regime, salvo o da assistência médica. § 5o A situação de internado não prejudica o direito do idoso ou do portador de deficiência ao benefício. § 6o A deficiência será comprovada através de avaliação e laudo expedido por serviço que conte com equipe multiprofissional do Sistema Único de Saúde (SUS) ou do Instituto Nacional do Seguro Social (INSS), credenciados para esse fim pelo Conselho Municipal de Assistência Social. § 7o Na hipótese de não existirem serviços credenciados no Município de residência do beneficiário, fica assegurado o seu encaminhamento ao Município mais próximo que contar com tal estrutura. § 6oA concessão do benefício ficará sujeita a exame médico pericial e laudo realizados pelos serviços de perícia médica do Instituto Nacional do Seguro Social - INSS. (Redação dada pela Lei no 9.720, de 30.11.1998) (Vide Lei no 9.720, de 30.11.1998)Logo, dentre as exigências legais, cumpre ao requerente comprovar ser portador de deficiência. Quanto ao requisito da incapacidade para a vida independente, cabe frisar que sua configuração demanda análise sob uma perspectiva financeira, sendo suficiente para o atendimento da previsão legal que o indivíduo esteja impossibilitado para o reingresso no mercado de trabalho, e não apenas no caso em que se encontre impossibilitado de desenvolver os atos básicos da vida, como higiene e locomoção próprias. A Turma Nacional de Uniformização de Jurisprudência dos Juizados Especiais Federais, sensível a esse aspecto, sedimentou entendimento através de sua Súmula 29, que assim dispõe: “Súm. 29 - Para os efeitos do art. 20, § 2o, da Lei n. 8.742, de 1993, incapacidade para a vida independente não é só aquela que impede as atividades mais elementares da pessoa, mas também a impossibilita de prover ao próprio sustento.” Ressalte-se, ainda, por oportuno, que o Decreto n.o 6.214, de 28.09.2007, que regulamenta o benefício de prestação continuada da assistência social devido à pessoa com deficiência e ao idoso, expressamente fez prever que a incapacidade apta a gerar a concessão do benefício há de ser avaliada sob um aspecto multidimensional, abrangendo não apenas a limitação da capacidade para o trabalho, mas também a condição social da pessoa incapacitada. Nessa perspectiva, não se pode analisar o grau de incapacidade do requerente sem relacionar sua condição física à formação pessoal e às oportunidades de emprego que lhe podem ser dadas, sob pena de inviabilizar-se o acesso ao benefício assegurado constitucionalmente, com ofensa, inclusive, ao princípio da dignidade da pessoa humana. Frise-se, ainda, que, tratando-se de criança e adolescente até dezesseis anos de idade, a incapacidade para o trabalho se presume, devendo ser averiguada a existência de deficiência e seu impacto negativo no desenvolvimento e interação do menor no meio social em que vive. É o que estabelece o at. 4o, § 2o, do Decreto no 6.214/2007: “Art. 4o. (...) § 2o Para fins de reconhecimento do direito ao Benefício de Prestação Continuada de crianças e adolescentes até dezesseis anos de idade, deve ser avaliada a existência da deficiência e o seu impacto na limitação do desempenho de atividade e restrição da participação social, compatível com a idade, sendo dispensável proceder à avaliação da incapacidade para o trabalho.” Segundo o laudo pericial anexado aos autos (anexo no 15), a parte autora é portadora de cegueira (H 544) no olho direito e catarata incipiente pré-senil no olho esquerdo, entretanto, afirma o perito que o comprometimento de sua capacidade laborativa é temporário. Desse modo, o médico perito, ao realizar o exame físico e mental, evidenciou no demandante obstrução total e temporária de sua participação plena e efetiva na sociedade em igualdade de condições com as demais pessoas que pudesse acarretar impedimento para o exercício do trabalho habitual. Ao final, chegou o expert à seguinte conclusão: O periciado, no momento, encontra-se incapaz para as atividades laborativas. Entretanto, esta incapacidade é temporária, desde que se submeta a cirurgia de catarata, com implante de lente intraocular Segundo o perito, o periciado é portador de visão monocular, apresentando catarata incipiente de caráter progressivo com indicação cirúrgica com possibilidade de recuperação total da visão do olho esquerdo. Adiante, ao tratar do início da incapacidade, afirma não ser possível indicar a data do seu início. Assim, por constar na tela HISMED (anexo no 18), que a atual demanda trata da mesma enfermidade diagnosticada quando da realização da perícia junto ao INSS, deve ser considerada a data do indeferimento administrativo como a data provável do início da incapacidade laborativa do autor. Logo, diante das condições verificadas, conclui-se que a incapacidade para os fins legais encontra-se atendida, pois, além de não poder mais desempenhar as antigas funções, conforme apurado pela perícia judicial, mostra-se quase impossível ao autor exercer outra atividade profissional que lhe permita garantir o próprio sustento, face sua condição pessoal. Na análise da incapacidade, devem ser consideradas as circunstâncias pessoais e sociais do caso concreto, analisando fatores como idade, grau de instrução da parte e meio social em que está inserida, bem como as possibilidades de retorno ao mercado de trabalho. Assim, considerando o laudo pericial que concluiu que o autor está incapacitado para o trabalho, somado às diversas barreiras sociais existentes, incontestável a incapacidade do autor. Sendo assim, presente o requisito da incapacidade para a vida independente e para o trabalho, passo à análise do requisito da renda per capita familiar, assim previsto artigo 20, § 3o, da Lei n. 8.742/93, conforme a redação vigente à época do requerimento administrativo: “§ 3o Considera-se incapaz de prover a manutenção da pessoa portadora de deficiência ou idosa a família cuja renda mensal per capita seja inferior a 1/4 (um quarto) do salário mínimo.” No caso em exame, observo que o autor juntou a declaração de composição familiar, tal como prevista no art. 13 do Decreto no 6.214/2007, para fins de comprovação da renda per capita familiar: “Art. 13. A comprovação da renda familiar mensal per capita será feita mediante Declaração da Composição e Renda Familiar, em formulário instituído para este fim, assinada pelo requerente ou seu representante legal, confrontada com os documentos pertinentes, ficando o declarante sujeito às penas previstas em lei no caso de omissão de informação ou declaração falsa. (...) § 2oO membro da família sem atividade remunerada ou que esteja impossibilitado de comprovar sua renda terá sua situação de rendimento informada na Declaração da Composição e Renda Familiar. § 3o O INSS verificará, mediante consulta a cadastro específico, a existência de registro de benefício previdenciário, de emprego e renda do requerente ou beneficiário e dos integrantes da família.” Da referida declaração (anexo no 03), infere-se que o núcleo familiar do autor é composto apenas por ele e sua companheira. Por outro lado, o INSS, devidamente intimado deixou de apresentar qualquer informação ou pesquisa sócio econômica comprovando que a autora ou algum membro familiar receba remuneração em valor que, rateado entre os demais integrantes da família, resulte em uma renda per capita igual ou superior a 1⁄4 do salário mínimo, do que se presume a condição de necessitado do beneficiário. Resta, portanto satisfeito o requisito da hipossuficiência econômica (Renda per capita do grupo familiar inferior a 1⁄4 do salário-mínimo). Assim, presentes os requisitos legalmente enumerados, é garantido o pagamento do amparo assistencial ao portador de deficiência à parte autora. Desse modo, analisando o laudo pericial anexado aos autos, verifica-se que a incapacidde estava presente na data do requerimento administrativo, motivo pelo qual a data de início do benefício em 30/06/2011. Por fim, uma vez presente a prova inequívoca dos fatos e a verossimilhança do direito, nos termos da fundamentação acima, bem como o receio de dano irreparável, em razão do caráter alimentar do benefício, pertinente a antecipação dos efeitos da tutela postulada na inicial. III. Dispositivo Ante o exposto, julgo procedente o pedido, para condenar o INSS a: a) conceder à autora o benefício de amparo social à pessoa portadora de deficiência, no valor de um salário mínimo, com termo inicial (DIB) em 30/06/2011, e DIP em 01/12/2013, no prazo de 20 (vinte) dias, a contar da intimação desta sentença, em razão da antecipação dos efeitos da tutela ora concedida; b) pagar à parte autora as parcelas vencidas entre a DIB e DIP, devidamente corrigidas de acordo com o INPC, e juros de mora de 0,5% ao mês, a contar da citação. Considerando que a presente sentença já contém todos os parâmetros necessários à liquidação do julgado, determino que, após o advento do trânsito em julgado, se expeça a Requisição de Pequeno Valor – RPV - em favor da parte demandante, observando-se o teto de 60 (sessenta) salários mínimos atualizados. Ultrapassado o referido valor e não havendo renúncia ao excedente, expeça-se precatório. Interposto o recurso, tempestivamente, intime-se a parte contrária para oferecer resposta escrita, remetendo-se em seguida os autos à Turma Recursal. Sem custas e honorários advocatícios, em face do disposto no art. 55 da Lei 9.099/95. Quanto aos honorários do perito, devem ser suportados pelo INSS, parte sucumbente na demanda, mediante reembolso aos cofres do TRF da 5a Região os nos termos do art. 12, § 1o, da Lei n.o 10.259/2001, da Resolução 281/2002 do CJF e do Enunciado do 3o FONAJEF n.o 52. Expeça-se ofício à secretaria administrativa, por meio do AJG5, a fim de que sejam pagos os honorários periciais. Tauá, 16 de dezembro de 2013.","I. Relatório: O relatório foi dispensado, conforme previsto no art. 38 da Lei 9.099/95.

II. Fundamentação: Trata-se de uma ação especial em que a parte autora pede o benefício de amparo social para uma pessoa com deficiência ou idosa e os valores vencidos desde o requerimento. Como não é necessário apresentar provas, entendo que pode ser julgado antecipadamente, conforme previsto no art. 330, inciso I, do CPC.

Para conceder o benefício, a pessoa precisa ser portadora de deficiência ou idosa, não ter meios para viver sozinha ou com sua família. O benefício é detalhado na Lei 8.742/93 e regula que a pessoa precisa estar impossibilitada de viver independentemente e de trabalhar.

O laudo pericial indica que a parte autora tem deficiência visual, mas afirma que a incapacidade laboral é temporária. O médico concluiu que ela está incapacitada para o trabalho, mas com possibilidade de recuperação com cirurgia. A renda familiar é verificada e comprova que a família não tem meios suficientes para viver.

Portanto, os requisitos foram atendidos, e o benefício deve ser concedido. O pagamento começa em 30/06/2011, com valores corrigidos de acordo com o INPC e juros de mora. Após a sentença, será feita a Requisição de Pequeno Valor, se necessário.

III. Dispositivo: Condeno o INSS a conceder o benefício e pagar as parcelas vencidas. Os honorários do perito são suportados pelo INSS. O trânsito em julgado determina a liquidação do julgado.",11.81,34.16,22.349999999999994,0.9218146204948425,658,129,529,
"SENTENÇA I – RELATÓRIO Dispensado, a teor do art. 38, caput, da Lei 9.099/95.  II – FUNDAMENTAÇÃO O objeto da lide consiste em saber se a parte autora preenche os requisitos para a concessão do benefício assistencial previsto no artigo 203, V, da Constituição Federal. Tal benefício será devido na base de um salário mínimo à pessoa portadora de deficiência e ao idoso que comprovem não possuir meios de prover à própria manutenção ou de tê-la provida pela família. Para fins de concessão do benefício, a Lei n.o 8.742/93, editada para regulamentar o dispositivo constitucional, no art. 20, §§ 2.°, 3.° e 10, descreve como portador de deficiência a pessoa com impedimento de longo prazo por no mínimo 2 (dois) anos e, como família incapaz de prover a manutenção, aquela cuja renda “per capita” não supere1/4 do salário mínimo. Confira-se: Art. 20 (...). § 2oPara efeito de concessão deste benefício, considera-se pessoa com deficiência aquela que tem impedimentos de longo prazo de natureza física, mental, intelectual ou sensorial, os quais, em interação com diversas barreiras, podem obstruir sua participação plena e efetiva na sociedade em igualdade de condições com as demais pessoas. (...) § 10.Considera-se impedimento de longo prazo, para os fins do § 2o deste artigo, aquele que produza efeitos pelo prazo mínimo de 2 (dois) anos.  No caso sob luzes, foi realizada prova pericial, concluindo o perito do juízo, de forma clara e fundamentada, que a demandante é portadora Transtorno Esquizoafetivo tipo misto há 5 anos, sendo incapaz total e permanentemente (anexo 19). Configurada a incapacidade, mister se faz analisar a implementação do segundo requisito exigido pela LOAS, qual seja, a renda familiar inferior a 1/4 do salário mínimo por pessoa, conforme § 3° do art. 20. Quanto ao aspecto da miserabilidade do núcleo familiar, por seu turno, a parte autora declarou na inicial (anexo 11) que reside com dois filhos menores e não aufere nenhuma renda. No entanto, após cumprimento de mandado de verificação (anexo 31), verificou-se que a autora reside também com companheiro e que percebe benefício do “bolsa-família” no valor de R$ 134,00 mensais. Ademais, restou comprovado, pela análise da tela do sistema Cnis (anexo 35), que seu companheiro possui vínculo empregatício e aufere mensalmente R$ 752,50. Logo, o grupo familiar é composto por quatro pessoas (autora, companheiro e os dois filhos) e, quando a renda mensal familiar é dividida entre os quatro integrantes, obtém-se valor superior a 1⁄4 do salário mínimo por pessoa. Outrossim, as informações e fotografias constantes do mandado de verificação (anexos 31 e 32)comprovam que a requerente não se encontra em situação de vulnerabilidade econômica. A residência e a quantidade e qualidade dos móveis que guarnecem a casa (ex: TV, geladeira, forno de microondas, máquina-de-lavar, aparelho leitor de DVD, chuveiro elétrico, entre outros) estão a demonstrar que a demandante desfruta de uma vida provida de um mínimo de conforto, que em muito difere da realidade dos grupos familiares miseráveis. Portanto, a parte autora não faz jus à concessão da prestação, já que a renda de sua família, dividida entre todos os seus integrantes, não é inferior ao limite acima referido.  III – DISPOSITIVO Posto isso, julgo IMPROCEDENTE o pedido autoral, extinguindo-se o processo com exame do mérito (art. 269, I, do CPC). Defiro o pedido de justiça gratuita. Sem custas e honorários advocatícios, em face do disposto no art. 55 da Lei n. 9.099/95. Intimem-se. Recife/PE, data da movimentação. João Pereira de Andrade Filho Juiz Federal Substituto","I – Relatório: O processo é dispensado, conforme previsto no art. 38 da Lei 9.099/95.

II – Fundamentação: A lide trata se a parte autora tem direito ao benefício assistencial descrito na Constituição. Esse benefício é dado a pessoas com deficiência ou idosas que não têm meios para custear sua vida. Para ser considerada portadora de deficiência, a pessoa deve ter um impedimento de longo prazo, pelo menos por dois anos. E para ser considerada família incapaz, a renda média da família não pode superar 1/4 do salário mínimo.

No caso, foi feita uma perícia que comprovou que a demandante tem Transtorno Esquizoafetivo há 5 anos e é portadora de deficiência. Porém, apesar disso, a renda da família, quando dividida entre todos os membros, não é inferior ao limite exigido. A parte autora mora com dois filhos menores e não tem renda, mas também vive com um companheiro que recebe benefício do ""bolsa-família"" e tem outra fonte de renda. Além disso, a casa tem itens básicos como TV, geladeira, forno, etc., indicando que a família não está em situação de pobreza.

III – Dispositivo: Por isso, o pedido da parte autora é improcedente. O processo será extinto com exame do mérito. A justiça gratuita é concedida. Sem custas e honorários advocatícios, conforme a Lei 9.099/95. Intimem-se.",29.88,41.38,11.500000000000004,0.8936216831207275,289,131,158,
"SENTENÇA Relatório dispensado, consoante permissivo encartado no art. 38 da Lei no 9.099/95, aplicável subsidiariamente aos Juizados Especiais Federais por força da norma de extensão hospedada no art. 1o da Lei no 10.259/2001. Formulou a parte autora pedido alternativo de auxílio-doença ou aposentadoria por invalidez. Insurge-se o INSS contra a concessão do benefício, argumentando que a doença que acomete a autora é anterior à sua nova filiação ao Regime Geral da Previdência, incidindo, no caso, a vedação constante dos arts. 42, §2o e 59, parágrafo único, ambos da Lei no 8.213/91. No caso vertente, observo que a autora contribuiu para a Previdência Social até 31 de maio de 1976 e, depois desse período, teria voltado a contribuir em outubro de 2008, mantendo-se as contribuições até fevereiro de 2009(v. anexo 2). Outrossim, nos termos do laudo pericial, a demandante sofre de poliartrose, bem como apresenta seqüelas de infarto cerebral. Nesse contexto, conclui a perita que a autora apresenta incapacidade total e temporária desde 22 de janeiro de 2009(v. laudo pericial - anexo 10). Ora, não há como aplicar a vedação dos arts. 42, §2o e 59, parágrafo único, ambos da Lei no 8.213/91. Isso porque a autora passou a contribuir novamente para a previdência social antes da incapacidade apresentada(boa-fé), e cumpriu a carência mínima necessária (4 meses) ao deferimento do benefício (10/2008 a 02/2009). Dessa forma, considerando o número de contribuições vertidas pela parta autora, e caracterizada a incapacidade total e temporária, impõe-se a concessão do benefício de auxílio-doença. Isso posto, julgo procedente o pedido, condenando o INSS a conceder o benefício de auxílio-doençada parte demandante, com DIB em 09/03/2009 (data do requerimento administrativo), bem como a pagar as prestações atrasadas, corrigidas monetariamente com base no Manual de Cálculos da Justiça Federal, e com aplicação de juros de mora de 1% ao mês, a contar da citação. Sem custas e honorários advocatícios, em face do disposto no art. 55 da Lei no 9.099/95. Intimem-se, conforme as disposições da Lei n. 10.259/2001. Recife, 05 de agosto de 2009.","A sentença diz que o relatório não precisa ser feito, conforme permite o artigo 38 da Lei 9.099/95, que também aplica-se aos Juizados Especiais. A parte que pede ajuda por doença ou invalidez argumenta que a doença é antes de sua nova participação no Regime Geral da Previdência, o que proíbe a concessão do benefício. No entanto, a autora contribuiu para a previdência até 31 de maio de 1976 e voltou a contribuir em outubro de 2008, mantendo as contribuições até fevereiro de 2009. O laudo pericial mostra que ela tem poliartrose e sequelas de infarto cerebral, o que leva à conclusão de incapacidade total e temporária desde 22 de janeiro de 2009. Por isso, a vedação não se aplica porque a autora contribuiu novamente antes da incapacidade e cumpriu a carência mínima. Portanto, deve ser concedido o benefício de auxílio-doença. A sentença diz que o INSS deve conceder o benefício com data de início em 9 de março de 2009, pagar as prestações atrasadas com correção e juros de 1% ao mês. Não há custas nem honorários advocatícios. Recomenda-se seguir as leis aplicáveis. Data: 5 de agosto de 2009.",43.06,43.79,0.7299999999999969,0.8664278388023376,172,107,65,
"“SENTENÇA: Vistos etc. Relatório dispensado. Cuida-se de pedido de aposentadoria por idade, sob a alegação da qualidade de segurada especial. NO caso, segundo declaração do INCRA, a autora é assentada desde 2002, sendo início de prova material. Embora não atinja todo o período, não é razoável supor que tenha sido assentada pessoa que nunca trabalhou na agricultura. Em audiência, o depoimento da parte autora e de sua testemunha foi bastante convincente, de que sempre trabalhou na agricultura. O INSS alegou que seu marido teria vínculos urbanos. Ocorre que, em audiência, convincentemente, a autora e sua testemunha afirmaram que a autora é separada de fato, e mora com outra pessoa, que inclusive é assentado na mesma área, vivendo todo o grupo familiar do que ganha há agricultura. Sendo assim, julgo procedente o pedido postulado pela parte autora, pelo que determino a concessão do benefício de aposentadoria rural com DIB = DER e DIP na data do trânsito em julgado. Condeno a parte ré ao pagamento de prestações vencidas até então, que será liquidada na fase de execução.  Sem custas e honorários advocatícios, em face do disposto no artigo 55, da Lei no 9.099/95. No caso de interposição de recurso inominado pela parte autora/ré, deverão ser acolhidas como contrarrazões a manifestação contida na petição inicial/contestação já apresentada pela parte, remetendo-se os autos imediatamente à Turma Recursal. As partes saem intimadas. Dispensa de registro físico. Recife-PE, 23 de novembro de 2009.","""SENTENÇA: O caso envolve um pedido de aposentadoria por idade, com base na qualificação de segurada especial. A autora foi assentada desde 2002, o que marca o início da prova material. Embora não se aplique a todo o período, não é razoável supor que alguém nunca tenha trabalhado na agricultura e esteja assentada. Durante a audiência, o depoimento da autora e de sua testemunha foi convincente, indicando que ela sempre trabalhou na agricultura. O INSS alegou que seu marido tinha vínculos urbanos, mas durante a audiência, a autora e sua testemunha demonstraram que ela está separada e mora com outra pessoa, que também é assentada na mesma área, vivendo como um grupo familiar que ganha da agricultura. Por isso, o pedido da autora é acatado, e será concedido o benefício de aposentadoria rural com DIB = DER e DIP na data do trânsito em julgado. A parte ré deve pagar as prestações vencidas até então, que serão pagas na fase de execução. Não há custas nem honorários advocatícios, conforme previsto no artigo 55 da Lei 9.099/95. Se a autora interpor recurso inominado, os argumentos já apresentados serão considerados contrarrazões e os autos serão remetidos imediatamente à Turma Recursal. As partes saem intimadas. Dispensa de registro físico. Recife-PE, 23 de novembro de 2009.""",25.54,30.7,5.16,0.9584547281265259,150,134,16,
"SENTENÇA I – Relatório Dispensado, nos termos do art. 38 da Lei n.° 9.099/95, aplicado ao caso por força do art. 1° da Lei n° 10.259/2001. II – Fundamentação Mérito Cuida-se de ação especial de natureza previdenciária proposta em face do INSTITUTO NACIONAL DO SEGURO SOCIAL - INSS, na qual a parte autora objetiva provimento jurisdicional que lhe assegure a concessão do benefício de pensão por morte com o pagamento das parcelas retroativas desde a data do requerimento administrativo/óbito do ex-segurado instituidor. Inicialmente, insta mencionar que se aplicará ao caso, por força do princípio tempus regit actum, a legislação previdenciária vigente à época do fato gerador do benefício ora almejado. Assim, tendo o óbito do instituidor da pensão ocorrido em 03/04/2016 (anexo no. 7), serão adotadas as disposições da Lei no. 8.213/1991, com as alterações trazidas pelas Leis no. 13.135/2015 e no. 13.183/2015. A teor do disposto no art. 74 da Lei 8.213/91, a pensão por morte é o benefício a que fazem jus os dependentes do segurado que vier a falecer. Em princípio, no que concerne à especificação de dependentes, o art. 16, caput, incisos I a II, e § § 3o e 4o, da Lei 8.213/91, elenca o seguinte rol de beneficiários: “Art. 16 São beneficiários do Regime Geral de Previdência Social, na Condição de dependentes do segurado: I - o cônjuge, a companheira, o companheiro e o filho não emancipado, de qualquer condição, menor de 21 (vinte e um) anos ou inválido ou que tenha deficiência intelectual ou mental ou deficiência grave;(Redação dada pela Lei no 13.146, de 2015) II - os pais; III - o irmão não emancipado, de qualquer condição, menor de 21 (vinte e um) anos ou inválido ou que tenha deficiência intelectual ou mental ou deficiência grave; (Redação dada pela Lei no 13.146, de 2015) § 3o Considera-se companheira ou companheiro a pessoa que, sem ser casada, mantém união estável com o segurado ou com a segurada, de acordo com o § 3o do art. 226 da Constituição Federal. § 4o A dependência econômica das pessoas indicadas no inciso I é presumida e a das demais deve ser comprovada.” (Grifos Acrescidos). Para a concessão desse benefício não se exige tempo mínimo de contribuição, tampouco o preenchimento de idade mínima. Faz-se necessário, para tanto, que o evento morte tenha ocorrido antes da perda da qualidade de segurado, salvo se o falecido houvesse implementado os requisitos para obtenção de aposentadoria, ou se por meio de parecer médico-pericial ficasse reconhecida a existência de incapacidade permanente do falecido dentro do “período de graça”. Entretanto, em relação os cônjuges e companheiros, para que o período de percepção do benefício seja maior do que 4 (quatro) meses, é necessário que o segurado instituidor tenha vertido pelo menos 18 (dezoito) contribuições mensais e que o casamento/união estável tenha duração mínima de 2 (dois) anos, ressalvados os casos de invalidez ou deficiência, nos termos do inciso V do art. 77, verbis: Art. 77. A pensão por morte, havendo mais de um pensionista, será rateada entre todos em parte iguais. (...) § 2oO direito à percepção de cada cota individual cessará:(Redação dada pela Lei no 13.135, de 2015) (...) V - para cônjuge ou companheiro:(Incluído pela Lei no 13.135, de 2015) (...) b) em 4 (quatro) meses, se o óbito ocorrer sem que o segurado tenha vertido 18 (dezoito) contribuições mensais ou se o casamento ou a união estável tiverem sido iniciados em menos de 2 (dois) anos antes do óbito do segurado; c) transcorridos os seguintes períodos, estabelecidos de acordo com a idade do beneficiário na data de óbito do segurado, se o óbito ocorrer depois de vertidas 18 (dezoito) contribuições mensais e pelo menos 2 (dois) anos após o início do casamento ou da união estável: 1) 3 (três) anos, com menos de 21 (vinte e um) anos de idade; 2) 6 (seis) anos, entre 21 (vinte e um) e 26 (vinte e seis) anos de idade; 3) 10 (dez) anos, entre 27 (vinte e sete) e 29 (vinte e nove) anos de idade; 4) 15 (quinze) anos, entre 30 (trinta) e 40 (quarenta) anos de idade; 5) 20 (vinte) anos, entre 41 (quarenta e um) e 43 (quarenta e três) anos de idade; 6) vitalícia, com 44 (quarenta e quatro) ou mais anos de idade. (Grifos acrescidos). Assim, o prazo de duração da pensão por morte devida ao cônjuge, companheiro ou companheira, será calculado de acordo com os seguintes parâmetros: a) se o óbito ocorrer sem que o segurado tenha vertido 18 (dezoito) contribuições mensais ou se o casamento ou a união estável tiverem sido iniciados em menos de 2 (dois) anos antes do óbito do segurado, o benefício será mantido por 4 (quatro) meses; b) se o óbito ocorrer depois de vertidas 18 (dezoito) contribuições mensais e pelo menos 2 (dois) anos após o início do casamento ou da união estável, o benefício será mantido de acordo com a idade do beneficiário na data de óbito do segurado, conforme disposto na tabela abaixo: Idade do Cônjuge ou Companheiro na Data doÓbito do instituidor Duração do Benefício 44 anos ou mais vitalício 41a 43 anos 20 anos 30a 40 anos 15 anos 27a 29 anos 10 anos 21a 26 anos 6 anos 21 anos ou menos 3 anos Tecidas tais considerações, passo a analisar os requisitos relativos à concessão do benefício de pensão por morte no caso concreto. Do óbito O óbito do Sr. José Ronaldo de Souza, ocorrido em 03/04/2016, está certificado no anexo no. 2, fl. 5. Da qualidade de segurado A questão não é objeto de controvérsia nos autos, tendo em vista que o INSS reconheceua qualidade de segurado urbano do fenecido (anexo no.12, fl.34) Da qualidade de dependente No que concerne à especificação de dependentes, o art. 16, caput, inciso I, da Lei n.o 8.213/91 enuncia que se constituem como dependentes do segurado as seguintes pessoas: o cônjuge, a companheira, o companheiro e o filho não emancipado, de qualquer condição, menor de 21 (vinte e um) anos ou inválido ou que tenha deficiência intelectual ou mental ou deficiência grave. Nesse tocante, o § 4.o do mesmo artigo reza que: a dependência econômica das pessoas indicadas no inciso I é presumida e a das demais deve ser comprovada. Pois bem, no caso em apreço, as provas trazidas aos autos comprovam a existência da união estável havida entre o Sr. José Ronaldo de Souza e a Sra. Antônia Alves do Santos. Com efeito, como início de prova material, consta nos autos: 1) Declaração emitida pela Industria Técnica de Borrachas LTDA, comprovando que a autora e o de cujus trabalharam contemporaneamente na empresa (2010 a 2014), e que residiam à Rua Assumpta Sabatini Rossi, no 1170, Bairro Batistini, São Bernardo do Campo/SP; 2) diversos comprovantes de endereço comum na Estr. Assumpta Sabatini Rossi, no 1170, Bairro Batistini, São Bernardo do Campo/SP; 3) comprovantes de endereço comum na Rua Francisco Clovis Macedo, no 185, Bairro Tiradentes, Juazeiro do Norte/CE; 4)Declaração emitida pelo Sr. Mateus Miranda dos Santos, ex-esposo da autora, declarando já estar separado de fato desta há 12 anos. Em seu depoimento pessoal, a autora informou que viveu com o falecido durante 6(seis) anos, mas que não tiveram filhos.Afirmou que se conheceram no estado de São Paulo e lá trabalhavam na mesma empresa. Esclareceu que residiram em São Bernardo do Campo/SP durante 4(quatro) anos e após esse período mudaram para Juazeiro do Norte/CE, onde viveram juntos até a data do óbito do de cujus. O depoimento da testemunha mostrou-se seguro e em perfeita sintonia com o conjunto fático-probatório encontradiço nos autos, concluindo que a convivência marital entre a autora e o falecido perdurou até a ocorrência do óbito. Do Prazo de Duração do Benefício Tendo sido comprovado que o óbito do instituidor ocorreu depois de vertidas mais de 18 (dezoito) contribuições mensais (CTPS - anexo n.o 3 e CNIS - anexo n.o 15) e mais de 2 (dois) anos de união estável, a pensão por morte devida à promovente terá duração de 15 (quinze) anos, vez que esta possuía 40 (quarenta) anos de idade na data do fato gerador do benefício (DN: 29/06/1975 - anexo n.o 2). Dos Valores Atrasados A pensão por morte é devida a partir da data do óbito (D.Ó.: 03/04/2016), em consonância com o art. 74, I, da Lei n.o 8.213/91, com redação dada pela Lei no 13.183/2015, pois o pedido fora apresentado na via administrativa antes de noventa dias do falecimento do instituidor (DER: 28/04/2016 – anexo n.o 2). Da Tutela Antecipada Quanto à antecipação dos efeitos da tutela saliento que, por força do art. 4o da Lei n.o 10.259/01, o juiz poderá, de ofício ou a requerimento das partes, deferir medidas cautelares no curso do processo, para evitar danos de difícil reparação. Forçoso atentar para o sentido teleológico do dispositivo, vez que, evidentemente, abrange as medidas liminares e as antecipações de tutela. Sendo assim, independentemente de eventual pedido de tutela antecipatória, creio que o risco de dano irrecuperável mostra-se evidente, pois impor o ônus à parte autora da espera do trânsito em julgado da sentença, para só então vir a usufruir do benefício de pensão por morte, implica ameaça de prejuízo concreto e real à sua mantença, sem falar que se trata de verba de natureza alimentar. III – Dispositivo À luz do exposto, JULGO PROCEDENTE o pedido, nos termos do art. 487, I, do CPC/2015, para condenar o Instituto Nacional do Seguro Social – INSS a: a) conceder o benefício de pensão por morte à parte autora, pelo prazo de 15(quinze) anos, com Renda Mensal Inicial – RMI no valor de R$2.385,91 (Dois mil, trezentos e oitenta e cinco reais e noventa e um centavos)e DIB em 03/04/2016 (data do óbito – anexo n.o 2), devendo ser implantado a partir deste mês (DIP: 01/12/2016), no prazo de 15 (quinze) dias, contados da intimação deste decisum, dada a antecipação da tutela ora concedida, sob pena de cominação de multa diária; e b) pagar as parcelas em atraso, a partir da data do óbito, incidindo juros de mora desde a citação e correção monetária na forma prevista no Manual de Cálculos da Justiça Federal. Defiro o pedido de Justiça Gratuita formulado na inicial. Sem custas e honorários advocatícios por força do disposto no art. 1o da Lei n.o 10.259/01 c/c os arts. 54 e 55 da Lei n.o 9.099/95. Publique-se, registre-se e intimem-se, observando as disposições da Lei no. 10.259/2001. Interposto recurso voluntário, movimentem-se os autos para a Turma Recursal de Fortaleza. Do contrário, arquivem-se com baixa na distribuição. Juazeiro do Norte/CE, data supra. DÉBORA AGUIAR DA SILVA SANTOS","**I – Relatório Dispensado:** De acordo com a Lei 9.099/95, o relatório não será feito, pois o caso segue a Lei 10.259/2001.

**II – Fundamentação:** A ação busca conceder pensão por morte para a autora, contra o INSS. O benefício é para dependentes do segurado falecido. O óbito ocorreu em 3/4/2016. A lei vigente na época do fato será aplicada.

A pensão por morte é para dependentes como cônjuge, companheiro, ou filhos menores. Para o cônjuge ou companheiro, a duração da pensão depende de quantas contribuições foram pagas e quanto tempo durou a união estável. Se houver mais de 18 contribuições e pelo menos 2 anos de união, a pensão dura conforme a idade do beneficiário.

No caso concreto, o óbito ocorreu após 18 contribuições e 2 anos de união estável. A autora tem 40 anos, então a pensão durará 15 anos.

A pensão começa a partir da data do óbito (3/4/2016). O pagamento das parcelas em atraso será feito com juros e correção monetária.

**III – Decisão:** Condeno o INSS a conceder a pensão por morte pela duração de 15 anos, com valor inicial de R$2.385,91. As parcelas em atraso devem ser pagas com juros e correção monetária. Não há custas nem honorários advocatícios.

Publique-se, registe-se e intimem-se os autos. Se houver recurso, movam para a Turma Recursal de Fortaleza. Caso contrário, arquive-se.",32.29,58.44,26.15,0.8041982650756836,547,112,435,
"TERMO DE AUDIÊNCIA Ação Especial Cível Processo no:0522945-38.2013.4.05.8100 Autor (a): José Ferreira Vieira Advogado (a): Eliezer Guilherme de Oliveira Junior(CE008575), Sandra Regina Paz Lima (CE009139) Réu: INSTITUTO NACIONAL DO SEGURO SOCIAL – INSS Procurador (a) do INSS: Erica Paes Cavalcante Audiência realizada no dia: 11/03/2014 às 11:30 Presentes o MM. Juiz Federal Substituto em auxílio a 14a Vara Federal, da Seção Judiciária do Ceará, MARCOS ANTÔNIO MENDES DE ARAÚJO FILHO, assim como as partes acima nominadas, foi aberta a presente AUDIÊNCIA DE CONCILIAÇÃO, INSTRUÇÃO e JULGAMENTO. Iniciados os trabalhos, foram ouvidas a parte autora e testemunha, Sra. Maria Iolanda Rebouças e Silva, portadora do RG n. 2001002123702 SSP-CE, consoante arquivos, gravados integralmente em MP3. A seguir, o INSS reconheceu o direito da parte autora ao benefício de Aposentadoria por Idade. Desta forma, propôs a sua implantação a partir da data do ajuizamento da ação, com DIB em 25/11/2013 e com DIP em 01/03/2014 e pagamento de 70% (setenta por cento) do valor correspondente aos atrasados, por meio de RPV, conforme planilha elaborada pela Contadoria deste Juízo que segue anexa aos autos. O INSS compromete-se a implantar o benefício no prazo de 20 (vinte) dias, a partir desta data. A parte autora aceitou os termos do acordo, renunciando a quaisquer outras parcelas oriundas do objeto desta ação. As partes, por fim, renunciaram expressamente ao prazo recursal. Por fim, o MM. Juiz proferiu a seguinte sentença (TIPO B) em mesa: Considerando a transação efetivada pelas partes, homologo por sentença o presente acordo para que produza seus efeitos legais, nos termos do art. 22, parágrafo único, da Lei n.o 9099/95, c/c o art. 1o da Lei n.o 10.259/2001. Expeça-se a competente RPV. Sem custas e honorários advocatícios. Dê-se baixa na distribuição e arquive-se. Publicada a sentença em mesa. Nada mais havendo a tratar, foi dada por encerrada a presente audiência. MARCOS ANTÔNIO MENDES DE ARAÚJO FILHO Juiz Federal Substituto","AUDIÊNCIA DE CONCILIAÇÃO, INSTRUÇÃO E JULGAMENTO – Processo n. 0522945-38.2013.4.05.8100. Autor: José Ferreira Vieira. Advogados: Eliezer Guilherme de Oliveira Junior e Sandra Regina Paz Lima. Réu: INSS. Audiência realizada em 11/03/2014 às 11:30. Presentes o juiz Marcos Antônio Mendes de Araújo Filho, os advogados e as partes. Foi aberta a audiência. A parte autora foi ouvida, assim como a testemunha Maria Iolanda Rebouças e Silva. O INSS reconheceu o direito da parte autora ao benefício de aposentadoria por idade. Propôs implantar o benefício a partir do momento em que a ação foi apresentada, com data inicial de 25/11/2013 e data de início de pagamento de 01/03/2014. O INSS compromete-se a implantar o benefício nos próximos 20 dias. A parte autora aceitou os termos do acordo, renunciando a outras parcelas. As partes renunciam ao prazo recursal. O juiz homologou o acordo e emitiu a sentença. A sentença exige que se expenda a RPV, sem custas e honorários advocatícios. Dê-se baixa na distribuição e arquive-se. A sentença foi publicada. Nada mais havia a tratar. A audiência foi encerrada. Juiz: Marcos Antônio Mendes de Araújo Filho.",44.88,49.88,5.0,0.8900368213653564,186,104,82,
"SENTENÇA HOMOLOGO, para que produza seus jurídicos e legais efeitos, a avença proposta no anexo 25 e aceita no anexo 29, que consiste na concessão do benefício de amparo social à pessoa com deficiência (Espécie 87), com DIB=DER=21.06.2017 (NB: 703.174.537-4) e DIP=01.03.2019; pagamento de 70% (setenta por cento) do valor dos atrasados com correção nos termos da lei no 11.960/2009, mediante requisição de pequeno valor (RPV As parcelas devidas à parte promovente, nos termos do acordo aceito e proposto, totalizaram R$ 13.966,51, consoante planilha apresentada pela Contadoria deste Juízo (vide anexo 30). ISTO POSTO, julgo o processo, com resolução do mérito, nos termos do art. 487, III, b, do CPC. Sem custas, sem honorários (art. 55, da Lei no. 9.099/95). Intimem-se as partes desta decisão. Após o trânsito em julgado, expeça-se a respectiva RPV e, nada mais sendo requerido, arquivem-se os autos, com baixa na distribuição. Publique-se. Registre-se. Intimem-se.","A sentença homologa a conciliação proposta nos anexos 25 e 29, que concede o benefício de amparo social a uma pessoa com deficiência (Espécie 87), com DIB=DER=21.06.2017 (NB: 703.174.537-4) e DIP=01.03.2019. O pagamento será de 70% do valor dos atrasados, corrigido conforme a Lei 11.960/2009, mediante requisição de pequeno valor (RPV). As parcelas devidas à parte promovente totalizaram R$ 13.966,51, conforme a planilha da Contadoria (anexo 30). Considerando isso, o processo é resolvido com fundamento no art. 487, III, b, do CPC. Sem custas e sem honorários (art. 55, Lei 9.099/95). As partes devem ser intimadas. Após o trânsito em julgado, será expedida a RPV e os autos serão arquivados com baixa na distribuição. Publique-se e registe-se. Intimem-se.",70.24,81.47,11.230000000000004,0.8612837195396423,102,81,21,
"Analisando detidamente os autos, observa-se que a parte requerida informou a existência de transação acerca do objeto da presente ação. Os documentos de anexos 9 e 10 comprovam tal circunstância.","Ao analisar os autos, nota-se que a parte requerida informou sobre uma transação relacionada ao objeto da ação. Os documentos anexos 9 e 10 confirmam essa informação.",25.7,26.15,0.4499999999999993,0.9692612290382385,26,24,2,
"SENTENÇA Vistos etc. Trata-se de ação especial proposta por ANA PAULA DA SILVA contra a CAIXA ECONÔMICA FEDERAL (CEF) e TECNOLOGIA BANCÁRIA S.A, objetivando a indenização por danos morais em virtude de falha em operação realizada por meio de caixa eletrônico. Sustenta na inicial, em suma, que no dia 05 de outubro de 2012, consignou no sistema da CAIXA, por meio de caixa eletrônico administrado pela segunda ré, a opção de saque do valor de R$900,00 (novecentos reais). Ocorre que a quantia não foi liberada pelo equipamento, fato que teria causado à demandante prejuízo de ordem moral, haja vista que o problema apenas foi solucionado após 21 (vinte e um) dias pela empresa privada ré, depois do vencimento de diversas contas que intentaria quitar com o valor referido. Em razão disso, requer a condenação das rés ao pagamento de indenização pelos danos morais suportados. A CEF, na contestação, suscita preliminar de ilegitimidade ad causam e, no mérito, afirma não ter cometido qualquer ilegalidade, nem concorrido para o suposto prejuízo do autor, motivo pelo qual devem os pedidos da prefacial ser julgados improcedentes. Citada, a TECNOLOGIA BANCÁRIA S.A. contestou a ação, aduzindo a ilegitimidade para figurar no polo passivo da demanda e, no mérito, a total improcedência do pedido em virtude de já haver sido o problema solucionado. Eis o relatório. Passo a decidir. I – Preliminarmente É cediço que a legitimidade passiva consiste na possibilidade, in abstracto, de aos réus ser imposto dever jurídico correlato à pretensão veiculada na peça vestibular. Da narrativa da exordial, é possível concluir que, abstratamente, os fatos aduzidos concernem à responsabilidade por danos causados ao autor que, possivelmente, teriam sido causados por atos praticados pelas rés. A análise das condições da ação não condiz com a verificação da procedência do alegado na incial, mas tão-somente com a possibilidade lógico-jurídica da decisão sobre tal mérito, de modo que entendo perfeitamente possível seu julgamento. Sendo assim, não assiste razão à CEF e à TECNOLOGIA BANCÁRIA S.A. Passo à análise do mérito. II – Mérito O cerne da questão cinge-se à constatação de prejuízo em virtude da falha na prestação de serviço relacionado à atividade bancária. Ora, são requisitos da responsabilização civil: a) ato ilícito (causa); b) dano (conseqüência); c) nexo causal entre o ato/fato e a lesão; d) culpa ou dolo (dispensados no caso de responsabilidade objetiva). No presente caso, entendo que restou cabalmente demonstrado o prejuízo moral indenizável suportado pela demandante. Isso porque, em que pese reconhecida administrativamente a falha técnica no equipamento de caixa eletrônico administrado pela empresa privada ré, o imbróglio restou resolvido tão-somente 21 (vinte e um) dias após o evento danoso. Ora, demonstra a demandante, por meio dos anexos 6 e seguintes, diversas contas com vencimentos datados entre o dia do saque malogrado, 05/10/2012 e dadata do ressarcimento por parte da CEF, no dia 26/10/2012. Cumpre consignar, outrossim, que os extratos (anexo 17) demonstram que a autora continha em sua conta apenas o saldo de R$3,32 (três reais e trinta e dois centavos) antes de recebido um TEV de R$900,00 (novecentos reais), valor este objeto do saque frustrado, corroborando a narrativa de que a quantia era de suma importância para a quitação de seus débitos. Diante desses fatos, imperioso reconhecer que a não realização do saque, apesar de efetivamente descontado o valor em sua conta corrente, em data antes do vencimento de diversas despesas, têm o condão de gerar prejuízo emocional que exorbita o mero dissabor, caracterizando de forma cabal o instituto do dano moral indenizável. Incabível a alegação da segunda ré, em sede contestatória, no sentido de que, pelo fato de ter operado de boa-fé, resolvendo o imbróglio, não seria possível a sua responsabilização, muito embora o reconhecimento do problema e a diligência junto à CEF no intuito de promover o ressarcimento possa ser considerado para fins de fixação do quantum indenizatório. Tratando-se de responsabilidade pelo fato do serviço (CDC), não se faz necessária a demonstração de dolo ou culpa , mas tão somente a comprovação da falha técnica de equipamento administrado pela ré, do dano e do nexo causal entre ambos. Sendo assim, entendo que restaram plenamente demonstrados todos os requisitos necessários à configuração da retromencionada responsabilidade em relação à ré TECNOLOGIA BANCÁRIA S.A. Ésabido que a indenização por danos morais cumpre as seguintesfinalidades: 1. compensatória: visando a amenizar o constrangimentosofrido pelo indivíduo; 2. punitiva: objetivando sancionar o autor dodano pela conduta ilícita praticada. Diantedessas finalidades, o valor da indenização não deve ser tão alto quevenha a importar numa forma de enriquecimento ilícito para a vítima, nemtão baixo que não se mostre capaz de punir o autor do dano. No caso em análise, deve ser considerado o constrangimento suportado pelo autor emvirtude da expectativa frustrada de sacar valores de sua conta correntee do fato de o vencimento de diversos de seus débitos ter seconfigurado em data posterior à falha técnica e anterior aoressarcimento. Deve ser considerado, outrossim, a boa-fé da ré, que,apesar da demora de 21(vinte e um) dias, solucionou o imbróglio, bem como o decurso de largo lapso temporal desde a ocorrência do evento. Diante desse contexto, fixo, equitativamente, o valor da indenização em R$ 1.000,00 (mil reais). III – Dispositivo Diante do exposto, julgo procedente o pedido constante na inicial, para condenar a parte ré a pagar à demandante o montante de R$ 1.000,00 (mil reais) referente à indenização pelos danos morais suportados. Aosvalores de indenização por dano moral deve ser acrescido correçãomonetária, desde a data desta sentença, pelo Manual de Cálculos da JF, e juros de mora de 1% (um por cento) ao mês desde a data doevento danoso (05/10/2012), nos termos da Súmula 54 do STJ[1]. Sem custas, nem honorários advocatícios, nos termos do art. 55 da Lei no 9.099/95. Intimações na forma da Lei no 10.259/2001. Liz Corrêa de Azevedo","A ação é proposta por Ana Paulinha Silva contra a Caixa Econômica Federal (CEF) e uma empresa chamada Tecnologia Bancária S.A., pedindo indenização por danos morais devido a um problema em uma operação no caixa eletrônico. No dia 05 de outubro de 2012, ela tentou sacar R$900,00, mas o dinheiro não foi liberado pelo equipamento. O problema só foi resolvido depois de 21 dias, e nesse período ela teve dificuldade em pagar contas. Por isso, pede que as empresas paguem por esse dano moral.

A CEF disse que não tem culpa e que o problema não foi causado por elas. A Tecnologia Bancária também alegou que não pode ser responsabilizada. Mas o juiz achou que as empresas podem ser responsabilizadas pelo dano causado.

O juiz concluiu que houve prejuízo moral, pois a falha no caixa eletrônico deixou a cliente com problemas financeiros e emocionais. A indenização por danos morais foi fixada em R$1.000,00, considerando o tempo de espera e a boa-fé da empresa. O valor deve ser ajustado para a data da sentença e cobrados juros de 1% ao mês desde o dia do problema. Não há custas nem honorários advocatícios.",19.95,47.27,27.320000000000004,0.8466653823852539,436,113,323,
"SENTENÇA:   PREVIDENCIÁRIO.REVISÃO DE PENSÃO POR MORTE.CONCESSÃO ENTRE 1977 E 1988.ART. 37, I a III E § 1o DO DECRETO N° 83.080/1979.TRANSFORMAÇÃO NO ART. 21, I, II E § 1o DO DECRETO 89.312/84.SALÁRIO-DE-CONTRIBUIÇÃO.EXCLUSÃO LEGAL DA CORREÇÃO MONETÁRIA.ORTN.DESCABIMENTO.BENEFÍCIO CONCEDIDO ANTES DE 28/04/1995 E COM COEFICIENTE DE CÁLCULO INFERIOR A 100% DO SALÁRIO-DE-BENEFÍCIO. LEI 9.032/95. MAJORAÇÃO DO COEFICIENTE DE CÁLCULO PARA 100% DO SALÁRIO-DE-BENEFÍCIO. CABIMENTO.  Vistos etc. I RELATÓRIO: Dispensado o relatório, ante o disposto no art. 38 da Lei 9.099/95, aplicável subsidiariamente à hipótese em face do contido no art. 1o da Lei 10.259/01. II FUNDAMENTAÇÃO: Trata-se de ação especial cível proposta em desfavor do INSS com a finalidade de revisar a RMI da parte autora, com o conseqüente pagamento das diferenças atrasadas e não prescritas. Postula-se, ainda, a majoração do coeficiente de cálculo para 100% (cem por cento) do salário de benefício, segundo os termos da Lei n° 9.032/1995. Inicialmente, mister se faz rejeitar a preliminar de falta de interesse processual, uma vez que o seu exame confunde-se com o do meritum causae, no qual adentro desde já, à míngua de outras preliminares, antes, contudo, passo a analisar de ofício a prescrição qüinqüenal. 1. Da prescrição: Rejeito a prejudicial de prescrição das parcelas anteriores a 5 (cinco) anos da propositura da ação, uma vez que elas não foram abrangidas pelo pedido autoral. 2. Da ORTN/OTN: A apuração da RMI deve basear-se na legislação vigente ao tempo da concessão do respectivo benefício.No presente caso, tal concessão se deu entre 1977 e 1988, parecendo, a uma vista desatenta, que ao caso se aplicaria o art. 1o da Lei 6.423/77, que determinava a aplicação da ORTN como índice de correção da expressão monetária de obrigação pecuniária, a incidir sobre os salários-de-contribuição utilizados como base de cálculo. Acontece, contudo, que os documentos anexados aos autos indicam que o benefício da parte autora, concedido em 1.12.1983, é a aposentadoria por invalidez, sendo, portanto, calculada na forma prevista no art. 37 do Decreto n° 83.080, de 29 de janeiro de 1979, cujo teor passo a reproduzir: Art. 37. O salário de benefício corresponde: I para o auxílio-doença, a aposentadoria por invalidez, a pensão e o auxílio-reclusão, a 1/12 (um doze avos) da soma dos salários de contribuição imediatamente anteriores ao mês do afastamento da atividade, até o máximo de 12 (doze), apurados em período não superior a 18 (dezoito) meses; II para as demais espécies de aposentadoria, 1/36 (um trinta e seis avos) da soma dos salários de contribuição imediatamente anteriores ao mês de afastamento da atividade, até o máximo de 36 (trinta e seis), apurados em períodos não superior a 48 (quarenta e oito) meses; (REDAÇÃO ORIGINAL, alterada apenas em 8.7.1982 com a edição do Decreto n° 87.374)  III para o abono de permanência em serviço a 1/36 (um trinta e seis avos) da soma dos salários-de-contribuição imediatamente anteriores ao mês da entrada do requerimento até o máximo de 36 (trinta e seis), apurados em período não superior a 48 (quarenta e oito) meses. Por outro lado, o § 1o do mesmo dispositivo legal dispunha que: § 1o Nos casos dos itens II e III, os salários de contribuição anteriores aos 12 (doze) últimos meses são previamente corrigidos, de acordo com coeficientes de reajustamento periodicamente indicados pelo órgão próprio do MPAS.  Ora, a leitura de tal previsão normativa leva à conclusão de que somente deveria se aplicar correção monetária aos benefícios contidos nos incisos II e III.Por sua vez, sua interpretação a contrario sensu demonstra que aqueles elencados no inciso I, dentre os quais o concedido à parte demandante, não teriam os salários-de-contribuição reajustados.Apesar do absurdo, sob o ponto de vista ideológico, essa era a disposição legal.E se havia impedimento à aplicação da correção monetária, irrelevante é a regra a respeito do respectivo índice a ser utilizado. Note-se, de outra parte, que o critério de cálculo da RMI do benefício em questão continuou a ser mantido pela CLPS/84, tal como previsto no seu art. 21, I, II e § 1o, verbis: Art. 21. O benefício de prestação continuada, inclusive o regido por normas especiais, tem seu valor calculado com base no salário-de-benefício, assim entendido: I - para o auxílio-doença, a aposentadoria por invalidez, a pensão e o auxílio reclusão, 1/12 (um doze avos) da soma dos salários-de-contribuição dos meses imediatamente anteriores ao do afastamento da atividade, até o máximo de 12 (doze), apurados em período não superior a 18 (dezoito) meses; II - para as demais espécies de aposentadoria e para o abono de permanência em serviço, 1/36 (um trinta e seis avos) da soma dos salários-de-contribuição dos meses imediatamente anteriores ao do afastamento da atividade ou da entrada do requerimento, até o máximo de 36 (trinta e seis), apurados em período não superior a 48 (quarenta e oito) meses. § 1o Nos casos do item II, os salários-de-contribuição anteriores aos 12 (doze) últimos meses são previamente corrigidos de acordo com índices estabelecidos pelo MPAS. No sentido do descabimento da revisão, em situações que tais, pacíficos são os nossos precedentes jurisprudenciais, conforme podemos observar a partir da leitura da seguinte decisão, oriunda do Egrégio STJ, assim ementada: PREVIDENCIÁRIO SALÁRIO-DE-CONTRIBUIÇÃO PENSÃO POR MORTE CORREÇÃO ORTN APLICAÇÃO IMPOSSIBILIDADE. - Para a aposentadoria por invalidez, pensão e auxílio reclusão (art. 37, I, do Decreto no 83.080/79), de benefícios concedidos antes da Constituição Federal de 1988, não há correção, pela variação da ORTN/OTN, dos 24 salários de contribuição, anteriores aos últimos 12, ante expressa vedação legal (art. 21, I, do Decreto no 89.312/84). Precedentes. - Recurso especial conhecido e provido. (in Resp 523907/SP, Quinta Turma, DJ 24/11/2003, pg. 367, Rel. Min. Jorge Scartezzini). Por fim, insta acentuar que irrelevante seria qualquer correção dos 24 salários de contribuição anteriores aos 12 últimos, uma vez que, em consonância com a legislação supra transcrita, somente estes eram levados em consideração para o cálculo da RMI.Em conseqüência, prejudicado resta o pedido de pagamento de diferenças atrasadas. 3. Da majoração do coeficiente de cálculo para 100% do salário-de-benefício: Pois bem. Em se tratando de benefício de prestações sucessivas, o deferimento do pleito não implica alterar a forma de cálculo inicial, revendo-se o ato de concessão, já que, embora esta tenha sido um ato único, seus efeitos perduram no tempo.Tal colocação, outrossim, não gera eficácia retroativa da Lei n. 9.032/95, mas apenas sua aplicação imediata, de modo a incidir sobre as prestações a serem pagas após sua vigência, ainda que a relação jurídica base lhe seja anterior. Por outro lado, além de preservar a essência do sistema previdenciário, qual seja, proteger o hipossuficiente, em favor do qual se deverá inclinar a interpretação em casos de dúvida, a linha ora adotada também protege o tratamento igualitário de todos os segurados, evitando a percepção de valores diferentes entre eles apenas em função da data do evento.Sem falar que a finalidade de Lei 9.032/95 foi de regular de modo geral as prestações da seguridade, não objetivando normatizar apenas os benefícios concedidos após a sua vigência. Note-se ainda que é descabida a alegação referente a majoração de benefício sem fonte de custeio, já que este foi previsto para a edição da Lei, tanto que o INSS nunca se utilizou do argumento para questionar as prestações concedidas administrativamente após a sua vigência. Insta acentuar que esta decisão não comete violação alguma ao art. 5o, XXXVI da Carta Magna.Primeiro porque tal dispositivo está contido no capítulo que trata dos direitos e deveres individuais e coletivos, caracterizando-se como garantia obtida historicamente pelos indivíduos para proteção contra o Estado ou, ao menos, como imposição para que particulares respeitem os direitos dos próximos.Daí o porquê de não poder ele ser utilizado pelos entes públicos em detrimento dos indivíduos. Segundo, porque, ao garantir o ato jurídico perfeito, nossa Constituição quis trazer segurança aos negócios jurídicos, tais como descritos no Título I, do Livro III da Parte Geral do Código Civil de 2002, apenas se utilizando da palavra ato, por ser ela a então conhecida e prevista na legislação (Código Civil de 1916), não tendo a garantia nenhuma relação com a concessão de benefícios, que certamente não configura uma negociação. A nível jurisprudencial, a matéria é tão pacífica que a Turma Nacional de Uniformização de Jurisprudência baixou a Súmula 15, segundo a qualO valor mensal da pensão por morte concedida antes da Lei no 9.032, de 28 de abril de 1995, deve ser revisado de acordo com a nova redação dada ao art. 75 da Lei 8.213/91. Mesma solução que devem receber os casos de aposentadoria por invalidez e especial. Finalizando, a motivação já exposta é mais que suficiente para decidir sobre todos os pedidos formulados pela parte, não havendo a menor necessidade de manifestação expressa sobre cada um dos argumentos jurídicos exarados.Neste passo, atente-se para o teor da jurisprudência pátria: 1. Inexiste obrigação de o julgador discorrer sobre todos os regramentos legais existentes e de responder a todos os questionamentos da parte se já encontrou motivo suficiente para fundamentar a decisão tomada, não havendo que se falar em ausência de fundamentação ou existência de omissão nessa hipótese. 2.(...).(in STJ, RESP 463047/SP, Primeira Turma, Rel. Min. José Delgado, DJ 12/05/2003, pg. 219) Por tais considerações, cabível a pretensão da parte demandante em majorar o coeficiente de cálculo do seu benefício. III DISPOSITIVO: Ante o exposto e por tudo o mais que dos autos consta, julgo PARCIALMENTE PROCEDENTE a pretensão, considerando devida apenas a majoração do coeficiente de cálculo para 100% do salário-de-benefício, de acordo com a planilha emanada do Setor de Cálculos deste Juizado, efetuando ainda o pagamento das diferenças atrasadas não prescritas. Sem custas e honorários advocatícios (art. 55 da Lei 9.099/95). P.R.I. NB: 40.180.105-5 RMI: 80.560,98 DIB: 1.12.1983DIP: 1.9.2006VALOR ATUAL DO BENEFÍCIO: R$ 350,00 (trezentos e cinqüenta reais) DIFERENÇAS ATRASADAS RPV: R$ 2.143,39 (dois mil, cento e quarenta e três reais e trinta e nove centavos)  Jorge André de Carvalho Mendonça  Juiz Federal Substituto","**Sentença:**

A sentença diz que a revisão da pensão por morte da parte autora não deve ser concedida. O benefício foi concedido antes de 28/04/1995 e com um coeficiente de cálculo inferior a 100% do salário-de-benefício. De acordo com a Lei 9.032/95, o coeficiente deve ser majorado para 100%. No entanto, a lei que regulava o benefício na época não permitia a correção monetária. A revisão só é possível se houver diferenças atrasadas e não prescritas.

**Relatório:**

A ação especial cível foi recebida porque a prescrição não ocorreu. O pedido visa revisar a pensão por morte e aumentar o coeficiente de cálculo para 100% do salário-de-benefício, conforme a Lei 9.032/95.

**Fundamentação:**

A pensão por morte foi concedida entre 1977 e 1988. Na época, a correção monetária não era aplicada. A lei vigente naquela época (Decreto 83.080/79) calculava o benefício com base em salários-de-contribuição anteriores, sem correção. O Decreto 89.312/84 mantém essa regra.

A Lei 9.032/95 alterou a forma de cálculo do coeficiente para 100% do salário-de-benefício, mas isso não se aplica aos benefícios concedidos antes de 28/04/1995. Portanto, a revisão só pode ser feita para diferenças atrasadas e não prescritas.

**Dispositivo:**

A majoração do coeficiente de cálculo para 100% do salário-de-benefício é parcialmente procedente. O valor atual do benefício é R$ 350,00, e as diferenças atrasadas não prescritas devem ser pagas. Não há custas nem honorários advocatícios.",26.4,49.21,22.810000000000002,0.8631516695022583,588,104,484,
"SENTENÇA Dispensado o relatório, nos termos do art. 38 da Lei no. 9.099/95. F U N D A M E N T A Ç Ã O: A matéria perseguida na peça proemial, para a consecução do objetivo ali delineado é, única e exclusivamente, de direito e de fato, sem haver necessidade de dilação probatória em instrução, haja vista que a prova pericial acostada aos autos já resolve a vexata questio. Fica, desde já, esclarecido que o entendimento adotado por este Juízo não viola qualquer dos dispositivos constitucionais e/ou infraconstitucionais invocados pelas partes. Assim sendo, tenho por suficientemente pré-questionada a matéria, pela fundamentação contida nesta sentença. A Lei no. 8.742, de 07 de dezembro de 1993, ao dispor sobre a organização da Assistência Social, disciplinou o benefício de prestação continuada à pessoa portadora de deficiência e ao idoso.Como assentado no artigo 20, os requisitos indispensáveis ao benefício de prestação continuada abrange dois tipos distintos: ser a pessoa portadora de deficiência e ser idoso com 70 (setenta) anos ou mais (67 anos a partir de 01/01/1998, por força do art. 38 da mesma lei e 65 anos a partir de 03/01/2004, em face do art. 34, caput, da Lei no. 10.741/2003) e que, cumulativamente, comprove não possuir meios de prover a própria manutenção e nem de tê-la provida por sua família. Como se depreende do Decreto no. 6.214, de 26 de setembro de 2007, em seu artigo 9o, “para fazer jus ao Benefício de Prestação Continuada, a pessoa com deficiência deverá comprovar: I - ser incapaz para a vida independente e para o trabalho, observado o disposto no § 2o do art. 4o; II - renda mensal bruta familiar do requerente, dividida pelo número de seus integrantes, inferior a um quarto do salário mínimo”. No tocante à incapacidade, o Decreto assim estabelece: Art. 4o.Para os fins do reconhecimento do direito ao benefício, considera-se: (...). II - pessoa com deficiência: aquela cuja deficiência a incapacita para a vida independente e para o trabalho; III - incapacidade: fenômeno multidimensional que abrange limitação do desempenho de atividade e restrição da participação, com redução efetiva e acentuada da capacidade de inclusão social, em correspondência à interação entre a pessoa com deficiência e seu ambiente físico e social; (...). No caso sob comento, restou devidamente comprovado, mediante perícia judicial, que a promovente é portadora de Insuficiência Coronariana, que o incapacita de forma total e multiprofissional. Essa incapacidade, segundo o perito judicial, impossibilita a autora de exercer atividade laborativa, ressaltando, inclusive, que sua reabilitação não é possível tendo em vista que, no momento, a promovente aguarda programação para angioplastia coronariana. No tocante à comprovação da renda familiar, observados os termos do art. 4o e seus incisos, todos do Decreto no. 6.214/2007, verifica-se do anexo 4, avaliação sócio-econômica assinada por assistente social (Dra. Perla de Albuquerque de Oliveira), afirmando a condição de miserabilidade da promovente, porquanto a autora mora sozinha e vive da ajuda de sua filha; não resta qualquer dúvida, portanto, quanto à sua situação precária. Com relação à data de início do benefício, a prova pericial atestou que a incapacidade da promovente vem desde o ano de 2006. Depreende-se, assim, que a incapacidade é pré-existente ao requerimento administrativo, motivo por que a concessão terá efeitos retroativos a esta data, com fulcro na Súmula no. 22 da Turma Nacional de Uniformização dos Juizados Especiais Federais, verbis: Se a prova pericial realizada em juízo dá conta de que a incapacidade já existia na data do requerimento administrativo, esta é o termo inicial do benefício assistencial. O Ministério Público Federal, em seu parecer, é pela procedência do pedido autoral. Destarte, cumpridos ambos os requisitos legais- a incapacidade e o valor inferior a 1⁄4 do salário mínimo per capita, impõe-se a procedência da súplica inicial. DISPOSITIVO: ISTO POSTO, e o mais que dos autos consta, JULGO PROCEDENTE o pedido, para conceder à autora, nos termos do art. 203, V, da CF/88 e do art. 20 da Lei no. 8.742/93, o benefício de prestação continuada à pessoa portadora de deficiência, no valor de um salário mínimo (§ 2o do art. 201 da CF), sendo o marco inicial do benefício a data do requerimento administrativo (06.08.2008). O pagamento das parcelas vencidas deve ser acrescido de juros moratórios simples de 1% ao mês, por consubstanciarem dívida de valor de natureza alimentar, estes devidos a partir da citação válida, e correção monetária plena, também pelo caráter eminentemente alimentar, incidindo a partir do vencimento de cada parcela, nos moldes da Lei no. 6.899/81, o que representa o valor de R$ 6.587,47, consoante cálculos acostados aos autos. Após o trânsito em julgado da sentença e, decorridos (45) quarenta e cinco dias deste, caso o INSS não tenha cumprido a determinação supra, comino-lhe a multa diária de R$ 100,00 (cem reais). Sem custas, sem honorários (art. 55, da Lei no. 9.099/95). Expeça-se, ato contínuo, a RPV. Por fim, arquivem-se os autos com baixa na distribuição. Publique-se.Registre-se.Intimem-se. Fortaleza (CE), 14 de outubro de 2009.","**Sentença:** Dispensado o relatório, conforme previsto no art. 38 da Lei 9.099/95. **Fundamento:** A questão abordada na petição é de direito e fatos, sem necessidade de instrução probatória, pois a prova pericial já resolve a disputa. O entendimento adotado não viola as leis citadas. Portanto, a matéria está suficientemente fundamentada. **Lei 8.742/93** estabelece o benefício de prestação continuada para pessoas com deficiência e idosas acima de 70 anos (ou 65 após 2004). Para ser beneficiária, a pessoa precisa comprovar incapacidade total e renda familiar inferior a um quarto do salário mínimo. **Decree 6.214/2007** detalha os critérios: a pessoa deve estar incapacitada para trabalhar e viver em condições precárias. A promovente é portadora de insuficiência coronariana, o que a impossibilita de trabalhar e não tem meios para sobreviver. Sua renda é muito baixa, e ela mora sozinha. A incapacidade data de 2006, antes do requerimento, então o benefício será concedido a partir dessa data. O Ministério Público também apoia o pedido. **Dispositivo:** JULGO PROCEDENTE o pedido, concedendo o benefício de prestação continuada à promovente, no valor de um salário mínimo. As parcelas vencidas devem ser pagas com juros moratórios de 1% ao mês e correção monetária, totalizando R$ 6.587,47. Se o INSS não pagar, será multado diariamente R$ 100. Sem custas e honorários. **Expedir a RPV, arquivar os autos com baixa, publicar e registrar.** Fortaleza (CE), 14 de outubro de 2009.",32.17,38.41,6.239999999999995,0.8944153785705566,376,143,233,
"SENTENÇA Dispenso a feitura do relatório do caso examinado, por força do disposto no art. 1o da Lei no 10.259/2001, combinado com o caput do art. 38 da Lei no 9.099/95. Passo, pois, à fundamentação. 1. FUNDAMENTAÇÃO Cuida-se de ação especial previdenciária promovida por TEREZA MARTINS DOS ANJOS contra o INSTITUTO NACIONAL DO SEGURO SOCIAL – INSS, buscando a obtenção de provimento jurisdicional que lhe garanta o direito à concessão do benefício assistencial, previsto no art. 20 da Lei no 8.742/93. Pugna, outrossim, pelo pagamento das prestações vencidas e vincendas, a contar da data do requerimento administrativo (ocorrido em 29/10/2013), acrescido de atualização monetária e juros moratórios. O benefício assistencial requestado encontra-se previsto na Lei Maior, em seu art. 203, inciso V; no art. 20 da Lei no 8.742/1993 e no art. 34 da Lei no 10.741/2003. Para a sua concessão, faz-se mister que o interessado seja pessoa idosa, maior de 65 anos, e encontre-se impossibilitado de prover os meios necessários a sua manutenção ou tê-la provida por sua família. No que tange ao requisito etário, entendo que restou atendido, uma vez que a parte autora já conta com 66 (sessenta e seis) anos de idade, conforme anexo 3. Quanto ao requisito referente à miserabilidade, observo que o INSS indeferiu o pedido da autora por entender que a renda per capita da família é superior a 1⁄4 (um quarto) do salário mínimo (anexo 9). Na Declaração de Composição de Composição e Renda Familiar (anexo 13), a parte autora informou residir sozinha, sem indicar qualquer renda. Em consulta ao CNIS e ao PLENUS, verificou-se inexistir qualquer vínculo empregatício em nome da autora, bem como qualquer benefício assistencial ou previdenciário (anexos 16/17). Em sede de contestação, o INSS alegou que a autora não trouxe prova robusta ou suficiente da hipossuficiência ou da real renda de seu conjunto familiar. Ocorre que o Decreto 6.214/2007 dispõe que a comprovação da renda per capita será feita da seguinte forma: Art. 13.A comprovação da renda familiar mensal per capita será feita mediante Declaração da Composição e Renda Familiar, em formulário instituído para este fim, assinada pelo requerente ou seu representante legal, confrontada com os documentos pertinentes, ficando o declarante sujeito às penas previstas em lei no caso de omissão de informação ou declaração falsa. § 1oOs rendimentos dos componentes da família do requerente deverão ser comprovados mediante a apresentação de um dos seguintes documentos: I -carteira de trabalho e previdência social com as devidas atualizações; II - contracheque de pagamento ou documento expedido pelo empregador; III - guia da Previdência Social - GPS, no caso de Contribuinte Individual; ou IV - extrato de pagamento de benefício ou declaração fornecida por outro regime de previdência social público ou previdência social privada. § 2oO membro da família sem atividade remunerada ou que esteja impossibilitado de comprovar sua renda terá sua situação de rendimento informada na Declaração da Composição e Renda Familiar. § 3oO INSS verificará, mediante consulta a cadastro específico, a existência de registro de benefício previdenciário, de emprego e renda do requerente ou beneficiário e dos integrantes da família. § 4oCompete ao INSS e aos órgãos autorizados pelo Ministério do Desenvolvimento Social e Combate à Fome, quando necessário, verificar junto a outras instituições, inclusive de previdência, a existência de benefício ou de renda em nome do requerente ou beneficiário e dos integrantes da família. § 5oHavendo dúvida fundada quanto à veracidade das informações prestadas, o INSS ou órgãos responsáveis pelo recebimento do requerimento do benefício deverão elucidá-la, adotando as providências pertinentes. § 6oQuando o requerente for pessoa em situação de rua deve ser adotado, como referência, o endereço do serviço da rede sócioassistencial pelo qual esteja sendo acompanhado, ou, na falta deste, de pessoas com as quais mantém relação de proximidade. § 7oSerá considerado família do requerente em situação de rua as pessoas elencadas no inciso V do art. 4o, desde que convivam com o requerente na mesma situação, devendo, neste caso, serrelacionadas na Declaração da Composição e Renda Familiar. § 8oEntende-se por relação de proximidade, para fins do disposto no § 6o, aquela que se estabelece entre o requerente em situação de rua e as pessoas indicadas pelo próprio requerente como pertencentes ao seu ciclo de convívio que podem facilmente localizá-lo. (Incluído pelo Decreto no 6.564, de 2008). Como se pode observar, a legislação exige apenas que o requerente apresente a declaração, juntamente com os documentos pertinentes, cabendo ao INSS e demais órgãos responsáveis aferir e investigar a veracidade das afirmações contidas na declaração. Apesar disso, não trouxe aos autos o PA referente ao requerimento da autora, ou qualquer outro documento que pudesse infirmar as alegações da demandante. Verifico, de outra feita, que a autora acostou aos autos conta de água no valor de apenas R$ 16,20 (anexo 5), que indica a baixa renda da demandante, bem como comprovação de averbação da condição de divorciada. Assim, levando-se em conta que o grupo familiar apontado pela autora é composta apenas por si, sem que haja a auferição de renda, verifica-se que a renda per capita mensal da família é inferior a 1⁄4 do salário mínimo, satisfazendo, pois, o critério da miserabilidade. Desse modo, em face do conjunto fático-probatório encontradiço nos presentes autos desta demanda, e cumpridos os requisitos do art. 20 da Lei n.o 8.742/93 c/c art. 203, V, da Constituição Federal, entendo que o benefício assistencial deve ser CONCEDIDO à parte autora, desde a data do requerimento administrativo (29/10/2013) 2. DISPOSITIVO Diante do exposto, JULGO PROCEDENTE o pedido formulado na peça inaugural, pelo que condeno o INSS a: I)implantar em favor da autora o benefício assistencial ao deficiente com as seguintes características: NB 700.603.583-0 DER 29/10/2013 DIB 29/10/2013 DIP 1o/02/2015 II)pagar as parcelas vencidas a contar da DIB acima (requerimento administrativo), respeitado o prazo prescricional, devidamente corrigidas pelo INPC, acrescidas de juros de mora à razão de 1% ao mês, incidentes desde a citação, até a edição da Lei 11.960/2009, de 29 de junho de 2009 (publicada em 30.06.2009), a partir de quando, para fins de remuneração do capital e compensação da mora, haverá a incidência, até o efetivo pagamento, dos juros aplicados à caderneta de poupança, na forma do art. 1o F da Lei 9494/1997 (com a redação dada pela Lei 11.960/2009), o que totaliza o montante descrito na planilha em anexo.Afasto parcialmente a aplicação do art. 5o da Lei 11.960/2009, somente no tocante à correção monetária pela TR, declarada inconstitucional pelo STF no julgamento da ADI 4357, devendo ser mantido o INPC como indexador, o qual vigorava anteriormente à modificação legislativa. Sem custas e honorários advocatícios, em face do disposto no art. 54, parágrafo único, da Lei 9.099/95 c/c art. 3o da Lei 1.060/50, cujos benefícios da gratuidade defiro à parte autora. Em sede de tutela antecipada, determino que seja concedido e implantado, na forma do item (I), o benefício assistencial em favor da parte autora, no prazo improrrogável de 20 (vinte) dias. Após o trânsito em julgado, proceda-se, em relação ao item (II), na forma do art. 17 da Lei 10.259/01, a fim de que seja efetuado o pagamento dos atrasados, observada a renúncia do crédito excedente a 60 salários mínimos. REGISTRE-SE. PUBLIQUE-SE. INTIMEM-SE. Cumpridas as determinações contidas nos itens acima, dê-se baixa e arquivem-se.","SENTENÇA: Disponho de não elaborar o relatório do caso, conforme previsto no art. 1º da Lei 10.259/2001 e combinado com o caput do art. 38 da Lei 9.099/95. Passo, portanto, à fundamentação.

FUNDAMENTAÇÃO: Trata-se de uma ação especial previdenciária em que TEREZA MARTINS DOS ANJOS pede ao INSS a concessão do benefício assistencial previsto no art. 20 da Lei 8.742/93, além do pagamento das prestações vencidas e pendentes desde 29/10/2013, com correção monetária e juros moratórios.

O benefício assistencial está previsto na Lei Maior (art. 203, V), na Lei 8.742/93 (art. 20) e na Lei 10.741/2003 (art. 34). Para sua concessão, é necessário que o interessado seja idoso (mais de 65 anos) e que não possa fornecer os meios necessários para a manutenção ou que isso seja feito por sua família.

A parte autora tem 66 anos, atendendo ao requisito etário. Em relação à miserabilidade, o INSS indeferiu o pedido porque a renda per capita da família é superior a um quarto do salário mínimo. No entanto, na Declaração de Composição e Renda Familiar (anexo 13), a autora informou viver sozinha sem indicar renda. Consultas ao CNIS e ao PLENUS revelaram que ela não tem vínculos empregatícios ou benefício assistencial.

O INSS alegou que a autora não comprovou sua hipossuficiência ou renda real. Segundo o Decreto 6.214/2007, a renda per capita é comprovada pela Declaração de Composição e Renda Familiar, acompanhada de documentos. A autora não apresentou o PA necessário, mas teve contas de água em valor baixo e comprovação de divórcio.

A renda per capita da família é inferior a um quarto do salário mínimo, atendendo ao critério da miserabilidade. Portanto, o benefício assistencial deve ser concedido desde 29/10/2013.

DISPOSITIVO: Diante disso, JULGO PROCEDENTE o pedido. Condeno o INSS a:

I) conceder o benefício assistencial com as características especificadas;

II) pagar as prestações vencidas desde 29/10/2013, corrigidas pelo INPC e com juros de mora à taxa de 1% ao mês, até a edição da Lei 11.960/2009, após o qual aplicar-se-ão os juros da caderneta de poupança.

Afasto parcialmente a correção pela TR, mantendo o INPC como indexador. Não há custas e honorários advocatícios.

Em sede de tutela antecipada, determine que o benefício seja concedido em 20 dias. Após o trânsito em julgado, pague as prestações pendentes, respeitando a renúncia do crédito excedente a 60 salários mínimos.

REGISTRE-SE. PUBLIQUE-SE. INTIMEM-SE. Cumpridas as determinações, dê-se baixa e arquivem-se.",18.66,46.73,28.069999999999997,0.9276044368743896,482,193,289,
"Processo no 0500323-51.2012.4.05.8309 SENTENÇA Relatório dispensado, nos termos do art. 38 da Lei n. 9.099/95. FUNDAMENTAÇÃO Pretende a parte autora, albergada nos artigos 59 e 42 da Lei n.o 8.213/91 (Plano de Benefícios da Previdência Social), o reestabelecimento do benefício de auxílio doença c/c conversão em aposentadoria por invalidez, desde a data da cessação do benefício anterior. Art. 59. O auxílio-doença será devido ao segurado que, havendo cumprido, quando for o caso, o período de carência exigido nesta Lei, ficar incapacitado para o seu trabalho ou para a sua atividade habitual por mais de 15 (quinze) dias consecutivos. Nos termos dos dispositivos supra, apresentam-se como requisitos primordiais ao pleito, constantes na Lei n.o 8.213/91: i)a qualidade de segurado; ii)o cumprimento da carência; iii)a incapacidade para o trabalho por mais de 15 (quinze) dias consecutivos. No caso em comento, considerando ter a parte autora recebido benefício de no 5481940287 até 09/09/2011 (com DCB em 31/08/2011, pág. 04 do doc. 10) e que o pedido administrativo de prorrogação do benefício foi indeferido tão somente por motivo de não ter sido constatada, em exame realizado pela perícia médica do INSS, incapacidade para o trabalho, em elementar consequência, configurada está a manutenção da qualidade de segurada especial, vez que o requerimento administrativo de prorrogação do benefício indeferido, objeto da presente ação, data de 29/09/2011 (pág. 05 do doc. 10). A perícia médica (Anexo 14) constatou ser a autora portadora do diagnóstico de transtorno de Humor Bipolar CID 10 (F31), caracterizado por episódios de depressão e mania psicótica intercalados por períodos assintomáticos (quesito 5). Esclareceu que nos períodos de graves crises maníacas ou depressivas houve incapacidade laborativa da autora (quesito 8). Questionado quanto à data do começo da incapacidade, expôs não haver elementos para caracterizá-la de modo mais preciso, sugerindo considerar a data de início do processo (quesito 14). Concluiu pela incapacidade total e temporária da autora para o trabalho, sugerindo o expert o prazo de doze meses como data limite para reavaliação do benefício (quesito 15). Por certo, diante da prova pericial produzida em juízo, considerando já ter o autor recebido o benefício ora perseguido devido a mesma enfermidade, a cessação do auxílio-doença pelo INSS foi incorreta, razão pela qual se faz necessário o restabelecimento do auxílio-doença a partir da cessação do último benefício (DCB). Desta forma, entendo razoável deferir o benefício por um prazo de 12 (doze) meses, para possibilitar a recuperação satisfatória mediante tratamento terapêutico intensivo. DISPOSITIVO POSTO ISSO, julgo procedente o pedido, para determinar ao INSS que restabeleça em favor da parte autora o benefício de auxílio-doença, por um período de 12 (doze) meses, com DIB em 31.08.2011 e DIP em 01.05.2012, após o qual poderá ser avaliado por perícia médica do INSS no âmbito administrativo. Fixo o prazo de 10 (dez) dias, independente do trânsito em julgado, para cumprimento da obrigação de fazer acima imposta, sob pena de multa diária de R$ 50,00 (cinquenta reais), tendo em vista o caráter alimentar do benefício. Em caso de interposição de recurso tempestivo, desde já recebo em seu efeito meramente devolutiv (art. 43 da Lei n.o 9.099/95), devendo ser intimado o recorrido para, no prazo legal, apresentar suas contra-razões. Após, remessa dos autos à Turma Recursal dos Juizados Especiais Federais da Seção Judiciária de Pernambuco. Defiro o benefício da assistência judiciária gratuita. Sem condenação no pagamento das custas processuais e dos honorários advocatícios, verbas incabíveis na primeira instância dos Juizados Especiais (art. 55 da Lei no. 9.099/95). Intimações da forma da Lei 10.259/2001. Ouricuri/PE, 02 de maio de 2012.","Processo n.º 0500323-51.2012.4.05.8309. A sentença diz que o relatório não é necessário, conforme a Lei 9.099/95. A parte autora quer reestabelecer o benefício de auxílio-doença convertido em aposentadoria por invalidez, a partir da data em que o benefício anterior terminou. De acordo com a Lei 8.213/91, para isso é necessário ser segurada, cumprir a carência e estar incapacitada por mais de 15 dias consecutivos para trabalhar. A autora tinha benefício até 09/09/2011, mas o pedido de prorrogação foi negado porque não houve comprovação de incapacidade. A perícia médica concluiu que a autora tem transtorno de humor bipolar e estava incapacitada por períodos. Por isso, a cessação do benefício foi incorreta. Decidi reestabelecer o auxílio-doença por 12 meses, a partir de 31/08/2011, com DIB nessa data e DIP em 01/05/2012. O prazo para cumprimento é de 10 dias, com multa diária de R$ 50,00. A assistência judiciária gratuita é concedida. Não há condenação por custas ou honorários advocatícios. Intimações conforme a Lei 10.259/2001. Ouricuri/PE, 02 de maio de 2012.",28.21,59.9,31.689999999999998,0.865959882736206,282,92,190,
"SENTENÇA RELATÓRIO Trata-se de ação especial previdenciária proposta por GENIVALDO JOSÉ DE ALMEIDA, em face do INSTITUTO NACIONAL DO SEGURO NACIONAL, visando RECONHECIMENTO DE TEMPO DE ATIVIDADE ESPECIAL e APOSENTADORIA POR TEMPO DE CONTRIBUIÇÃO, alegando preencher os requisitos exigidos por lei. Autor teria requerido concessão de aposentadoria por tempo de contribuição ao INSS, negada sob justificativa de que as atividades exercidas no período de 16/05/1986 a 08/02/2006 não seriam consideradas especiais, prejudiciais à saúde ou à integridade física. INSS Também teria deixado de computar vínculo empregatício no período de 01/09/1975 a 15/11/1975. Em contestação, o INSS nega o preenchimento das exigências necessárias, pugnando pela improcedência do mérito. Requer-se justiça gratuita. Breve o relatório. Passo a decidir. FUNDAMENTAÇÃO A aposentadoria por tempo de contribuição está prevista no art. 201, §7o, I, da Constituição da República, abaixo transcrito: § 7o - É assegurada aposentadoria no regime geral de previdência social, nos termos da lei, obedecidas as seguintes condições: I - trinta e cinco anos de contribuição, se homem, e trinta anos de contribuição, se mulher; Já o art. 9o, §1o da Emenda constitucional no20/1998 trouxe regra de transição que trata da aposentadoria por tempo de contribuição proporcional, uma vez que a então nova regra trazida pelo art. 201 acima transcrito adotou critério mais rígido para concessão do benefício. Assim dispõe o art. 9o: Art. 9o - Observado o disposto no art. 4o desta Emenda e ressalvado o direito de opção a aposentadoria pelas normas por ela estabelecidas para o regime geral de previdência social, é assegurado o direito à aposentadoria ao segurado que se tenha filiado ao regime geral de previdência social, até a data de publicação desta Emenda, quando, cumulativamente, atender aos seguintes requisitos: I - contar com cinquenta e três anos de idade, se homem, e quarenta e oito anos de idade, se mulher; e II - contar tempo de contribuição igual, no mínimo, à soma de: a) trinta e cinco anos, se homem, e trinta anos, se mulher; e b) um período adicional de contribuição equivalente a vinte por cento do tempo que, na data da publicação desta Emenda, faltaria para atingir o limite de tempo constante da alínea anterior. § 1o - O segurado de que trata este artigo, desde que atendido o disposto no inciso I do ""caput"", e observado o disposto no art. 4o desta Emenda, pode aposentar-se com valores proporcionais ao tempo de contribuição, quando atendidas as seguintes condições: I - contar tempo de contribuição igual, no mínimo, à soma de: a) trinta anos, se homem, e vinte e cinco anos, se mulher; e b) um período adicional de contribuição equivalente a quarenta por cento do tempo que, na data da publicação desta Emenda, faltaria para atingir o limite de tempo constante da alínea anterior; II - o valor da aposentadoria proporcional será equivalente a setenta por cento do valor da aposentadoria a que se refere o ""caput"", acrescido de cinco por cento por ano de contribuição que supere a soma a que se refere o inciso anterior, até o limite de cem por cento. Da conversão do tempo especial em comum. Quanto à consideração dos períodos como especiais, para fins de contagem diferenciada para a concessão do benefício, importante fazer algumas considerações preliminares. O Decreto no 4.827, de 3/09/2003, dispõe em seu art. 1o, § 1o, que a caracterização e a comprovação do tempo de atividade sob condições especiais obedecerá ao disposto na legislação em vigor na época da prestação do serviço. Por oportuno, reproduzo o referido artigo: Art. 1o O art. 70 do Regulamento da Previdência Social, aprovado pelo Decreto no 3.048, de 6 de maio de 1999, passa a vigorar com a seguinte redação: Art. 70. A conversão de tempo de atividade sob condições especiais em tempo de atividade comum dar-se-á de acordo com a seguinte tabela: TEMPO A CONVERTER MULTIPLICADORES MULHER(PARA 30) HOMEM(PARA 35) DE15 ANOS 2,00 2,33 DE20 ANOS 1,50 1,75 DE25 ANOS 1,20 1,40 § 1o A caracterização e a comprovação do tempo de atividade sob condições especiais obedecerá ao disposto na legislação em vigor na época da prestação do serviço. § 2o As regras de conversão de tempo de atividade sob condições especiais em tempo de atividade comum constantes deste artigo aplicam-se ao trabalho prestado em qualquer período. Tornou-se pacífico na jurisprudência que, para o reconhecimento da atividade especial, ""(...) a legislação aplicável para sua caracterização é a vigente no período em que a atividade a ser avaliada foi efetivamente exercida, devendo, portanto, no caso em tela, ser levada em consideração a disciplina estabelecida pelos Decretos nos 53.831 /64 e 83.080 /79, até 05.03.1997 e, após, pelo Decreto no 2.172 /97. 3. Apesar de o agravante alegar contagem em dobro, não demonstrou qualquer erro na tabela de fl. 186. 4. Agravo improvido"" (TRF-3 - REEXAME NECESSÁRIO CÍVEL REO 7555 SP, publicado em 24/02/2014. Grifei). Existem, portanto, 03 períodos a serem considerados na avaliação de eventual desempenho de atividade especial, em observância ao princípio do tempus regit actum: (i) até 28/04/95, é suficiente a comprovação do exercício de função previstas nos Decretos nos 53.831/64 e 83.080/79 como especiais (presunção legal); (ii) de 29/04/95 a 05/03/97, entre o período de vigência da Lei no 9.032/95 e a Lei no 9.528/97, a prova do tempo especial deve ser feita por meio dos formulários de informações sobre atividades com exposição a agentes nocivos (SB-40 ou DSS-8030), ou por outros meios; (iii) a partir de 06/03/97, com a Lei no 9.528/97, passou-se a exigir o laudo técnico pericial elaborado pela empresa, subscrito por Engenheiro de Segurança do Trabalho. Assim, a prova quanto ao trabalho especial há de ser analisada da seguinte forma: a) para o período anterior à edição da Lei no 9.032/95, mediante o enquadramento por categoria profissional; b) a partir da citada lei, mediante os formulários SB-40 e DSS-8030, emitidos pela empresa empregadora ou qualquer outro meio de prova; c) a partir de 05/03/97, data de edição do Decreto 2.172/97, mediante os formulários SB-40 e DSS-8030 com base em laudo técnico. Do caso concreto Sustenta o autor preencher os requisitos para concessão do benefício de aposentadoria por tempo de contribuição, alegando fazer jus à conversão de períodos laborados em condições especiais. Análise da CTPS de extrato de CNIS demonstra os seguintes vínculos empregatícios: EscolaDom Bosco 01/09/1975 15/11/1975 Indústria de Plástico Kondor Ltda 01/11/1978 26/12/1978 Lojas Seta As 15/10/1980 18/03/1982 Sul América Philips 08/11/1982 19/09/1983 Montreal Engenharia 26/09/1984 15/07/1985 CELPE 16/05/1986 08/02/2006 Construtora Norberto Odebrecht 03/12/2008 30/05/2010 Contribuinte Individual 01/10/2014 30/05/2017 As anotações da CTPS gozam de presunção juris tantum (Enunciado no 12 do Egrégio TST) e, não sendo ofertada pelo INSS contraprova capaz de elidi-la, não se lhes pode negar o valor probatório. Comprovados todos os vínculos acima indicados, resta analisar se os períodos indicados como laborados sob condições especiais podem, de fato, assim ser considerados para fins de conversão do tempo em especial. Fica reconhecido, assim, o vínculo empregatício da Escola Dom Bosco, de 01/09/1975 a 15/11/1975, cabendo respectiva averbação, não havendo demais períodos de contribuição controvertidos. O autor indicou como laborados em condições especiais o período referente ao empregador CELPE. A legislação vigente determinava que a especialidade da atividade exercida até 28/04/1995 dar-se-ia por mero enquadramento legal. Assim, se a atividade estivesse inserta nos róis dos Decretos 53.831/64 e 83.080/79 – que não são taxativos – seria ela considerada especial, sem maiores necessidades de comprovação por parte do trabalhador da efetiva atividade laborada. Autor junta: CTPS (anexo 2, fls 12); LTCAT (anexo 4); CNIS (anexo 11); e PPP (anexo 3).Noticia o PPP que o autor estava exposto a risco de contato com eletricidade de 250V de forma habitual e permanente, registrando, entretanto, a eficácia do EPC e EPI. Embora o Superior Tribunal de Justiça, em sede de Recurso Repetitivo de Controvérsia (CPC, art. 543-C), reconheceu a especialidade da exposição à eletricidade mesmo após a vigência do Decreto 2.172/97, se devidamente demonstradas as condições nocivas à saúde do trabalhador,segundo o STF, no julgamento do ARE 664335-SC, pela sistemática do art. 543-B do CPC, se o Equipamento de Proteção Individual (EPI) for realmente capaz de neutralizar a nocividade, não haverá respaldo constitucional à aposentadoria especial, salvo se o agente nocivo for ruído. Sendo assim, o período posterior a 05/03/1997, não poderá ser considerado para fins de aposentadoria especial. Nesse sentido, entendimento do TRF-5: PREVIDENCIÁRIO. APOSENTADORIA ESPECIAL. EXPOSIÇÃO À ELETRICIDADE. USO DE EPI EFICAZ. DENEGAÇÃO DO BENEFÍCIO. 1. Caso em que a autora pretende o reconhecimento de tempo de serviço supostamente prestado sob condições especiais, bem assim a concessão de aposentadoria especial, sob a alegação de que esteve exposto ao agente eletricidade, no período de 11.08.1986 a 08.05.2013, na função de assistente operacional, tendo o julgador reconhecido como exercido sob condições especiais o aludido período e deferido o pedido de concessão de aposentadoria especial. 2. Segundo o STF, no julgamento do ARE 664335-SC, pela sistemática do art. 543-B do CPC, se o Equipamento de Proteção Individual (EPI) for realmente capaz de neutralizar a nocividade, não haverá respaldo constitucional à aposentadoria especial, salvo se o agente nocivo for ruído. 3. Constatando-se, através de PPP e de laudo técnico, que o EPI utilizado no período de 11.08.1986 a 08.05.2013, no qual a autora esteve submetida ao agente eletricidade, fora eficaz, não há como reconhecer o aludido tempo como exercido sob condições especiais e, consequentemente, a própria concessão da aposentadoria especial. 4. Apelação e remessa oficial providas.UNÂNIME (APELREEX - Apelação / Reexame Necessário - 0806053-26.2014.4.05.8300, Desembargador Federal Paulo Roberto de Oliveira Lima, TRF5 - Segunda Turma.) Deve ser considerado como especial, portanto, apenas o período entre 16/05/1986 e 05/03/1997, registrando o PPP a exposição decorrente da atividade durante referido período. Afastada, assim, a especialidade do período de 06/03/1997 a 08/02/2006, sendo considerado tempo de contribuição comum. Considerando que a única hipótese ressalvada pela jurisprudência pátria se trata do agente ruído, há de se concluir pelo afastamento de eventual nocividade mediante a utilização do equipamento de proteção. Conforme ressaltado pelo INSS em contestação: “a eletricidade deixou de constar no rol de agentes nocivos após o advento do Decreto 2.172, de 06.03.1997, assim permanecendo na posterior regulamentação pelo Decreto 3.048/99.Deste modo, impossível exigir o reconhecimento do tempo de serviço especial pela exposição à eletricidade para período posterior a 05 de março de 1997, haja vista a falta de previsão legal e regulamentar para tanto a partir do advento do Decreto n° 2.172/97 (idem no Decreto 3.048/99).” Observados os parâmetros delineados, vislumbra-se que o requerente, na data do requerimento administrativo (26/05/2017), contava com 31 anos e 8 meses de tempo de contribuição, conforme a planilha abaixo. APURAÇÃO DE TEMPO DE SERVIÇO/CONTRIBUIÇÃO No Vínculos Fator Datas Tempo em Dias Inicial Final Comum Convertido Escola DomBosco 1,0 01/09/1975 15/11/1975 76 76 Indústriade Plástico Kondor Ltda 1,0 01/11/1978 26/12/1978 56 56 Lojas SetaAs 1,0 15/10/1980 18/03/1982 520 520 SulAmérica Philips 1,0 08/11/1982 19/09/1983 316 316 MontrealEngenharia 1,0 26/09/1984 15/07/1985 293 293 CELPE 1,4 16/05/1986 28/04/1995 3270 CELPE 1,4 29/04/1995 05/03/1997 677 CELPE 1,0 06/03/1997 16/12/1998 651 651  0   Tempo computado em dias até 16/12/1998 5859 7438   CELPE 1,0 17/12/1998 08/02/2006 2611 2611 ConstrutoraNorberto Odebrecht 1,0 03/12/2008 30/05/2010 544 544 ContribuinteIndividual 1,0 01/10/2014 30/05/2017 973 973   Tempo computado em dias após 16/12/1998 4128 4128 Totaldetempo em dias até o últimovínculo 9987 11566 Total de tempo em anos, meses e dias 31 ano(s), 8 mês(es) e 0 dia(s) Verifica-se, no presente caso, ausência dos requisitos para aposentadoria proporcional (cerca de 33 anos, 10 meses e 7 dias), e integral (35 anos). Registre-se que eventuais períodos em duplicidade não foram computados, tendo em vista a impossibilidade de se considerar vínculos simultâneos para fins de cômputo do tempo de contribuição. Tendo em vista o expresso pedido pela averbação de períodos, ainda que não deferida a aposentadoria, resta cabível a averbação do CNIS do período 01/09/1975 a 15/11/1975, junto a escola Dom Bosco, como tempo de contribuição e o período entre 16/05/1986 e 05/03/1997, trabalhado junto à CELPE, como tempo de contribuição especial. DISPOSITIVO Ante o exposto, resolvo o mérito, nos termos do art. 487, I, NCPC, julgando PARCIALMENTE PROCEDENTE o pedido do autor, para determinar a averbação do CNIS do período 01/09/1975 a 15/11/1975, junto a escola Dom Bosco, como tempo de contribuição; e reconhecimento como tempo de contribuição especial o período entre 16/05/1986 e 05/03/1997, trabalhado junto à CELPE. Julgo improcedente pedido para determinar ao INSS a implantação de aposentaria por tempo de contribuição, ausentes os requisitos legais. Defiro a gratuidade judiciária. Sem custas. Sem honorários (art. 55 da Lei 9.099/95). Intimações na forma da Lei 10.259/01.","O autor apresenta uma ação para reconhecer tempo de atividade especial e aposentadoria por tempo de contribuição, alegando que preenche os requisitos legais. Ele solicitou a concessão da aposentadoria, mas o INSS negou, afirmando que as atividades exercidas entre 16/05/1986 e 08/02/2006 não são consideradas especiais. Além disso, o INSS também negou o período de 01/09/1975 a 15/11/1975 como contribuição.

O relatório explica que a aposentadoria por tempo de contribuição está prevista na Constituição e em leis complementares. A regra de transição da Emenda Constitucional nº 20/1998 estabelece critérios para o cálculo proporcional do benefício.

A atividade especial é reconhecida com base na legislação vigente no período em que foi exercida. Até 28/04/1995, basta comprovar a função no rol de Decretos anteriores. Após essa data, foram exigidos formulários e laudos técnicos.

O autor comprovou vínculos empregatícios, mas o período trabalhado na CELPE entre 16/05/1986 e 05/03/1997 foi considerado especial. No entanto, após 05/03/1997, a exposição à eletricidade não é reconhecida como agente nocivo.

Portanto, o período entre 16/05/1986 e 05/03/1997 será considerado tempo de contribuição especial. O restante do tempo será calculado comum. A aposentadoria por tempo de contribuição não pode ser concedida, pois os requisitos legais não foram atendidos.

A decisão é parcialmente favorável: o CNIS será atualizado com o período em 1975 e o período especial em 1986-1997. A aposentadoria por tempo de contribuição não será concedida, mas a averbação dos períodos foi feita.",37.52,37.58,0.05999999999999517,0.8522394299507141,618,116,502,
"SENTENÇA I – RELATÓRIO Dispensado. (Leis 9.099/95 e 10.259/01). II – FUNDAMENTAÇÃO A parte autora pretende implementar aposentadoria por idade rural e condenar o INSS ao pagamento dos proventos atrasados, a contar do pedido administrativo. Em contestação, o INSS pugna pela improcedência do pedido. O benefício de aposentadoria por idade de trabalhador rural pressupõe: a) implemento da idade de 55 anos, se mulher, e 60 anos, se homem; e b) comprovação do exercício da atividade rural, ainda que descontínua, no período imediatamente anterior ao requerimento do benefício, em número de meses idêntico à carência do referido benefício (arts. 48, § 1.o, c/c 143, caput, da Lei 8.213/91). No caso em tela o autor completou 55 (cinquenta e cinco) anos em 11/08/2010, como faz prova a documentação pessoal juntada aos autos, satisfazendo a primeira exigência. Antes de perquirir nos documentos trazidos para a demonstração do exercício da atividade rural, mister se faz identificar qual o lapso temporal exigido para se reconhecer o benefício em tela. No presente caso, deve comprovar 174 meses, ou 14 anos e meio, de atividade rural, ainda que de forma descontínua. Como indício material da atividade rural, apresentou: 1) título de eleitor com domicílio de 18/9/1986, com profissão outros, 2) declaração de STR de 18/9/1986 a 16/8/2010, atestando o trabalho rural para o Sr. João Gomes da Silva. Vivia em companheirismo com o Sr. José Ciriaco dos Santos, passando a receber pensão por morte após 23/8/1996. Em seu depoimento, a autora não firmou convicção de sua atividade rural. Primeiro, porque como recebe pensão de seu marido desde 1996, de fato, não precisaria trabalhar. Em sua casa, moram ela, uma irmã adotiva e 2 filhas, estas que já se encontram com suas próprias famílias, de modo que seria suficiente para ela e a irmã os rendimentos da aposentadoria.Segundo, suas mãos são macias e finas. Há calos na região abaixo dos dedos, na mão esquerda, o que não é perceptível na mão direita. No entanto, os calos não são secos e resistentes, aparentando serem recentes, pois ainda estão despelando. Terceiro, a autora disse plantar em 1hectaro, que são, segundo ela, formados por 4 quadros, o que é um equívoco enorme de dimensão. Não que uma trabalhadora rural precise saber de contas matemáticas, mas é de lhe ser cobrado apenas indicar qual é o tamanho da terra em que planta, fato que não soube. Quarto, disse ter colhido 8 sacos de milho. O milho que informou plantar era o batité, mas não o soube identificar no recipiente que lhe foi apresentado. Quinto, o proprietário da terra falou na entrevista com o INSS que a autora ia para a roça 2 vezes na semana, na época das chuvas, fato que igualmente não caracteriza alguém que tenha o qualificativo de trabalhador rural. Por fim, sobre a praga da batata, afirmou se tratar de rachaduras. Nesse cenário, considero que não está provada a condição de trabalhadora rural em regime de economia familiar da autora. III – DISPOSITIVO Em face do que se expôs, JULGO IMPROCEDENTE O PEDIDO. Sem custas e honorários advocatícios em face do art. 55 da Lei 9.099/95. Partes intimadas em audiência. Nada mais havendo, foi encerrada a audiência Arcoverde, 27 de setembro de 2011.","I – RELATÓRIO: Dispensado. (Leis 9.099/95 e 10.259/01). II – FUNDAMENTAÇÃO: A parte autora quer se aposentar por idade rural e pedir o pagamento de verbas atrasadas, a partir do momento em que ela solicitou. O INSS diz que não deve ser assim. Para ter direito à aposentadoria por idade rural, é preciso: a) ter 55 anos (se mulher) ou 60 anos (se homem); e b) comprovar que trabalhou na agricultura, mesmo que de forma interrompida, nos meses antes de pedir o benefício. No caso da autora, ela completou 55 anos em 11/08/2010, o que está provado pelos documentos. Antes de verificarem se ela trabalhou na agricultura, é preciso saber quantos meses ela precisa comprovar. Nesse caso, são 174 meses (14 anos e meio) de trabalho rural, mesmo que interrompido. Ela apresentou alguns indícios: um título de eleitor com data de nascimento em 1986, e uma declaração de STR datada de 1986 a 2010, indicando trabalho rural para alguém chamado João Gomes da Silva. Antes disso, ela vivia com outro homem, que morreu, e ela recebeu pensão por morte desde 1996. Na entrevista, a autora não confirmou que trabalhava na agricultura. Primeiro, porque já recebia pensão de seu marido desde 1996, então não precisaria trabalhar. Segundo, ela mora com sua irmã adotiva e suas filhas, que já estão casadas, então seria suficiente com os rendimentos da aposentadoria. Terceiro, suas mãos são suaves, e têm calos na mão esquerda, mas não são resistentes, o que sugere que são recentes. Quarto, ela disse plantar 1 hectare, mas não sabia dizer o tamanho exato. Quinto, o proprietário da terra disse que a autora ia à roça duas vezes por semana, mas isso não basta para comprovar que é trabalhadora rural. Por fim, ela disse que a praga era rachaduras, o que também não é correto. Considerando tudo, não há provas suficientes de que ela seja trabalhadora rural. III – DISPOSITIVO: Por isso, julgo o pedido improprio. Não há custas e honorários advocatícios, conforme artigo 55 da Lei 9.099/95. As partes foram notificadas na audiência. A audiência terminou em 27 de setembro de 2011.",44.15,51.34,7.190000000000005,0.9188366532325745,273,185,88,
"SENTENÇA TIPO A 1.Relatório Dispensado o relatório, nos termos do art. 38 da Lei no 9.099/99, aplicada subsidiariamente aos Juizados Especiais Federais, em consonância com o art. 1o da Lei no 10.257/2001. 2. Fundamentação a) Previsão legal O ponto controvertido consiste em saber se a parte autora preenche os requisitos para a concessão do benefício assistencial previsto no artigo 203, V, da Constituição Federal, ou seja, se é idosa ou portadora de deficiência e se é incapaz de manter a sua subsistência ou de tê-la mantida pela família. Ao regulamentar o dispositivo constitucional, a Lei 8.742/93, em seu art. 20, §§ 2o, 3o e 10, com as alterações promovidas pela Lei no 12.435/11, definiu como portador de deficiência, para fins da concessão do benefício, aquela que “tem impedimentos de longo prazo de natureza física, intelectual ou sensorial, os quais, em interação com diversas barreiras, podem obstruir sua participação plena e efetiva na sociedade com as demais pessoas”; como impedimento de longo prazo a lei fixa como aquele que incapacita a pessoa com deficiência para a vida independente e para o trabalho pelo prazo mínimo de 02(dois) anos. Como família incapaz de prover a manutenção do deficiente, a lei define aquela cuja renda per capita não supere 1⁄4 do salário-mínimo. b) Requisito da incapacidade laborativa No caso em comento, atesta o médico-perito que a parte autora é portadora de “transtornos crônicos sob os códigos F – 71.1 + F – 20.1 da classificação internacional de doenças (CID10), isto é, retardo mental moderado e esquizofrenia hebefrênica."" Conclui o perito que tais patologias incapacitam a demandante de forma total e definitiva, para o exercício de qualquer tipo de atividade laboral, sendo o prognóstico ruim, tendo em vista que os tratamentos disponíveis no Sistema Único de Saúde não são mais capazes de reverter os danos cognitivos produzidos pela doença e tornar o autor capaz para o trabalho. O perito indicou, ainda, que a incapacidade se iniciou há, pelo menos, 9 anos, sendo a doença crônica e irreversível. Destaque-se, ademais, que as partes foram regularmente intimadas para se manifestarem sobre o laudo. Na oportunidade, não foi apontado qualquer vício no trabalho realizado pelo perito passível de inquiná-lo de nulidade, razão por que não diviso óbices em adotar as conclusões ali apresentadas como razão de decidir. Assim, restou verificado o requisito da incapacidade. c) Requisito da miserabilidade Quanto ao aspecto da miserabilidade do núcleo familiar, vislumbra-se que a lei exige que a renda “per capita” familiar seja inferior a um quarto salário mínimo. É preciso observar que o rigor legislativo tem sido afastado em determinados casos, em atenção às suas peculiaridades. A Turma de Uniformização Nacional dos Juizados Especiais Federais já manifestou o entendimento, na Súmula no 11, de que a renda superior a 1/4 do salário mínimo não impede a concessão do benefício assistencial previsto no art. 20, § 3o, da Lei no 8.742/93, desde que comprovada, por outros meios, a miserabilidade do postulante. Ademais, à luz do art. 20, § 1o, da Lei 8.742/93 (com redação alterada pela Lei no 12.435/2011), a família é composta pelo requerente, o cônjuge ou companheiro, os pais e, na ausência de um deles, a madrasta ou o padrasto, os irmãos solteiros, os filhos e enteados solteiros e os menores tutelados, desde que vivam sob o mesmo teto. In casu, por ocasião do cumprimento do Mandado de Verificação, ao Oficial de Justiça, em respostas apresentadas ao questionário de condição econômico-social, foi prestada a informação de que a autora reside com sua filha menor em imóvel da sua irmã. Observo, ainda, que foi informado que a demandante recebe bolsa família no valor de R$ 227,00, bem como que foi declarado, no formulário de composição de renda familiar, que o companheiro da sobrinha que cuida da autora recebe uma remuneração mensal de R$ 800,00. Por certo que o companheiro da sobrinha da autora não compõe o grupo familiar, para os fins legais. Apesar disso, conforme laudo social observa-se que a parte autora vive em um imóvel simples e precário com 2 quartos, 1 banheiro social, sala, cozinha e área de serviço, equipados com alguns móveis e eletrodomésticos, tais como: 1 geladeira, 1 fogão 4 bocas, 1 TV, 1 mesa de 3 cadeiras, 1 conjunto de sofá de 2lugares, 1 cama de solteiro e 1 cama de casal. Dessa forma, diante das peculiaridades do caso, considero presente o requisito da miserabilidade. d) Conclusão Assim, constatada a miserabilidade e a incapacidade total e definitiva da Autora para a vida independente e laborativa, impõe-se a concessão do benefício assistencial, contado a partir da data do requerimento administrativo (20/07/2016). 3. Dispositivo Ante o exposto, resolvo o mérito, para julgar PROCEDENTE o pedido formulado na inicial, extinguindo o processo com resolução de mérito nos termos do art. 487, I, do Código de Processo Civil/2015, condenando o INSS à concessão do benefício assistencial da Lei 8.742/93, em favor da parte autora, com DIB em 20/07/2016 (data do requerimento administrativo), bem como a pagar as parcelas em atraso devidas até a DIP (data do trânsito em julgado). Atrasados na forma doart. 1o-F da Lei 9.494/97. Após o trânsito em julgado, remetam-se os autos ao INSS para implantação da obrigação de fazer, no prazo de 10 (dez) dias, sob pena de multa diária. Na sequência à Contadoria para confecção do cálculos exequendos, a fim de possibilitar a expedição da RPV no que se refere à obrigação de pagar quantia certa (parcelas em atraso), e ao finalremetam-se os autos ao arquivo eletrônico. Sem custas e honorários advocatícios, em face do disposto no art. 55 da Lei n. 9.099/95. Defiro os benefícios da justiça gratuita. Após o cumprimento das obrigações, arquivem-se os autos. Intimem-se. Recife/PE, data da movimentação.","SENTENÇA TIPO A 1. Relatório: O relatório não é necessário, conforme o artigo 38 da Lei 9.099/99, aplicado também aos Juizados Especiais Federais, de acordo com o artigo 1º da Lei 10.257/2001. 2. Fundamentação: a) Previsão legal: O ponto em debate é saber se a parte autora tem direito ao benefício assistencial previsto no artigo 203, V, da Constituição Federal. Para isso, ela precisa ser idosa ou portadora de deficiência e não conseguir manter a própria vida ou a vida da família. A Lei 8.742/93 define deficiente como aquele que tem impedimentos físicos, intelectuais ou sensoriais que o impedem de viver independentemente ou trabalhar. Esses impedimentos devem durar pelo menos dois anos. Para ser considerada família incapaz, a renda per capita deve ser inferior a um quarto do salário mínimo. b) Incapacidade laborativa: O médico concluiu que a parte autora tem deficiência crônica e irreversível, como retardo mental moderado e esquizofrenia hebefrênica. Essas condições a deixam totalmente incapacitada para trabalhar, e os tratamentos não conseguem melhorar isso. A doença começou há pelo menos 9 anos. As partes foram informadas sobre o laudo, mas não houve reclamação contra ele. Assim, o requisito de incapacidade está satisfeito. c) Miserabilidade: A renda da família deve ser inferior a um quarto do salário mínimo. No caso, a parte autora vive com sua filha em um imóvel precário, com poucos bens. Ela recebe uma bolsa família e o companheiro da sobrinha ajuda economicamente. Apesar disso, a vivência é considerada miserável. d) Conclusão: Como a parte autora tem deficiência crônica e vive em condições precárias, o benefício assistencial deve ser concedido a partir de 20/07/2016. 3. Dispositivo: Resolvo o mérito, julgando PROCEDENTE o pedido. Condeno o INSS à concessão do benefício assistencial da Lei 8.742/93. A DIP é a data do trânsito em julgado. Após isso, os autos devem ser remetidos ao INSS para que ele cumpra a obrigação, dentro de 10 dias. Depois, vão à Contadoria para fazer os cálculos e, por fim, ao arquivo eletrônico. Não há custas ou honorários advocatícios. Após o cumprimento das obrigações, arquivem-se os autos. Intimem-se. Recife/PE, data da movimentação.",28.08,37.81,9.730000000000004,0.8911178112030029,423,192,231,
"SENTENÇA TIPO B Vistos, etc. 1. RELATÓRIO Antes de adentrar no mérito da questão jurídica, importa declinar as razões balizadoras do deferimento judicial no tocante à renúncia do valor excedente à alçada de 60 salários mínimos. Na situação vertente, a parte autora renunciou expressamente ao valor excedente, calcando-se no seu direito de ação, ou seja, de fixar os limites do seu próprio pedido. Para fins de definição de competência, aliás, decidiu a Egrégia Turma Nacional de Uniformização dos Juizados Especiais Federais, através da súmula no 17, que a renúncia ao valor de alçada é aceita nos Juizados Especiais, desde que feita de modo expresso. Diz a mencionada súmula: “Súmula no 17. Não há renúncia tácita no Juizado Especial Federal, para fins de competência.” Posto isto, é legítima, válida e, portanto, aceita por este juízo a renúncia de que ora se trata. Cuida-se de ação ordinária proposta contra a Caixa Econômica Federal - CEF, cujo desiderato é obter edito judicial que condene a ré a efetuar a revisão das correções monetárias realizadas sobre os contratos de depósito no período de junho de 1987 (Plano Bresser). Noticia que os clientes de conta poupança com início ou data de renovação entre os dias 01 e 15 de junho de 1987, teriam direito a perceber sobre o valor depositado, correção monetária de 26,06%. Entretanto, com base na Resolução no 1.338, de 15 de junho de 1987, a ré corrigiu estes valores em apenas 18,02%, o que feriria o direito adquirido dos autores. A CEF apresentou contestação em cartório. É o sucinto relatório. 2. FUNDAMENTAÇÃO Afasto a preliminar de prescrição argüida pela CEF. É entendimento pacífico do Superior Tribunal de Justiça que a cobrança judicial da correção monetária e dos juros remuneratórios em caderneta de poupança prescreve em vinte anos. Nesse sentido: “AGRAVO REGIMENTAL. POUPANÇA. PRESCRIÇÃO VINTENÁRIA. SÚMULA 182. - A cobrança judicial da correção monetária e dos juros remuneratórios em caderneta de poupança prescreve em vinte anos. - A invocação de argumentos e fatos novos, em agravo interno, sem ataque específico à decisão agravada, atrai a Súmula 182.” (AGRG NO RESP 960.339/PR, REL. MINISTROHUMBERTO GOMES DE BARROS, TERCEIRA TURMA, JULGADO EM 23.08.2007, DJ 17.09.2007 P. 279). Constato que o ponto nodal da presente lide reside no reconhecimento ou não do direito adquirido dos titulares de conta poupança com data de abertura ou de renovação entre os dias 01 e 15 de junho de 1987 em não serem atingidos pelas prescrições da Resolução BACEN no 1.338/87 e da MP no 32, convertida na Lei 7.730/89, que versam sobre os critérios de correção monetária referentes aos períodos de junho de 1987 (Plano Bresser) e de janeiro de 1989 (Plano Verão). DO PLANO BRESSER A jurisprudência do STJ consolidou-se no sentido de que o critério da Resolução 1.338/87, a qual determinou que a correção, em julho de 1987 (rendimentos de junho), dar-se-ia pelo índice de variação nominal da OTN (item III) e, a partir de 1o.8.87, pela variação nominal da OTN ou pela LBC, adotando-se o índice que fosse maior, somente deve operar a partir de 15/06/87, não alcançando as situações pretéritas, protegidas pela legislação vigente à data do depósito, em respeito ao princípio da irretroatividade. De tal sorte, os períodos iniciados até 15.6.87 ficam sob a regência da norma anterior, baixada pela Resolução 1.336/87-BACEN, devendo ser remunerados pelo IPC, no percentual de 26,06%, compensando-se o valor já pago. Nesse sentido, peço vênia para transcrever a jurisprudência do STJ: ECONÔMICO. CADERNETA DE POUPANÇA. CORREÇÃO MONETÁRIA. CRITÉRIO. IPC DE JUNHO DE 1987 (26,06%). PLANO BRESSER. IPC DE JANEIRO DE 1989 (42,72%). PLANO VERÃO. I - O Superior Tribunal de Justiça já firmou, em definitivo, o entendimento de que no cálculo da correção monetária para efeito de atualização de cadernetas de poupança iniciadas e renovadas até 15 de junho de 1987, antes da vigência da Resolução n. 1.338/87-BACEN, aplica-se o IPC relativo àquele mês em 26,06%. Precedentes. II – O Superior Tribunal de Justiça já firmou, em definitivo, o entendimento de que no cálculo da correção monetária para efeito de atualização de cadernetas de poupança iniciadas e renovadas até 15 de janeiro de 1989, aplica-se o IPC relativo àquele mês em 42,72% (Precedente: REsp n. 43.055-0/SP, Relator Ministro Sálvio de Figueiredo Teixeira, DJU de 20.02.95). Todavia, nas contas-poupança abertas ou renovadas em 16 de janeiro de 1989 em diante, incide a sistemática estabelecida pela Lei n. 7.730/89 então em vigor. III - Agravo regimental desprovido. Origem: STJ - SUPERIOR TRIBUNAL DE JUSTIÇAClasse: AGRESP - AGRAVO REGIMENTAL NO RECURSO ESPECIAL - 740791Processo: 200500579145 UF: RS Órgão Julgador: QUARTA TURMAData da decisão: 16/08/2005 Documento: STJ000634944.  Entretanto, no caso dos autos, observo que, embora a parte autora fosse titular de conta-poupança no período referente ao Plano Bresser, a data de aniversário da caderneta de poupança é posterior ao período de incidência do índice em comento (dia 20), uma vez que somente são aplicáveis às contas-poupança com aniversário até 15 de junho de 1987, data correspondente ao plano econômico supramencionado. 3. DISPOSITIVO Isso posto, JULGO IMPROCEDENTE o pedido, em todos os seus termos. Honorários advocatícios e custas judiciais indevidos no primeiro grau de jurisdição. Após o trânsito em julgado, dê-se baixa na Distribuição, com o conseqüente arquivamento dos autos. Fortaleza, 26 de fevereiro de 2009.","SENTENÇA TIPO B

1. RELATÓRIO
Antes de entrar no mérito, explico por que o juiz autorizou a renúncia do valor excedente à alçada de 60 salários mínimos. A parte autora renunciou expressamente ao valor excedente, limitando seu pedido. O juiz aceita essa renúncia porque é válida e expressa.

A ação foi proposta contra a Caixa Econômica Federal (CEF), pedindo que ela reavalie as correções monetárias feitas nos contratos de depósito entre junho de 1987 (Plano Bresser). Os clientes tinham direito a uma correção de 26,06%, mas a CEF aplicou apenas 18,02%, o que viola o direito adquirido.

2. FUNDAMENTAÇÃO
O juiz diz que a CEF não tem razão para dizer que a ação está prescrita. O Supremo Tribunal Federal já decidiu que essa correção prescreve em 20 anos.

A questão central é saber se os clientes de junho de 1987 tiveram direito à correção de 26,06% e não foram prejudicados pelas regras posteriores. O Supremo Tribunal Federal decidiu que até 15 de junho de 1987, a correção era de 26,06%, mas depois essa regra mudou.

3. DISPOSITIVO
O juiz diz que a ação não tem fundamento. A parte autora deve pagar as custas e honorários advocatícios. Após o trânsito em julgado, os autos serão arquivados.",43.35,51.33,7.979999999999997,0.862086832523346,362,114,248,
"SENTENÇA Vistos, etc. Homologo o acordo celebrado entre as partes, nos termos em que proposto pelo Instituto Nacional do Seguro Social - INSS e aceito pela parte autora. Eis os termos acordados (anexo n. 07): [...] vem o INSS propor o seguinte acordo: 1)Concessão da aposentadoria por invalidez com DIB = DCB do benefício no 521.499.720-1 e DIPem 01/07/09, ou seja, efeitos financeiros a partir da competência julho/09. 2)Pagamento das parcelas atrasadas devidas entrea data da cessação do auxílio-doençaem 19/12/07 até 30/06/09, no valor de R$ 5.500,00(cinco mil e quinhentos reais), a ser efetivadomediante expedição de RPV. Fixo os honorários do perito em R$ 200,00 (duzentos reais), pagos através de RPV, juntamente com o crédito do demandante, sendo R$ 100,00 devidos pela parte autora (a ser deduzido do montante ofertado pelo autarquia federal) e R$ 100,00 suportados pelo INSS (CPC, art. 21). Sem custas e honorários advocatícios, em face do disposto no art. 55 da Lei n. 9.099/95 c/c art. 1o da Lei n. 10.259/01. Intimem-se. Desde já transitando em julgado, remeta-se o feito ao Setor de Execução a fim de que seja expedida a RPV. Após, ao Posto Prisma para, no prazo de 24 (vinte e quatro) horas, cumprir a obrigação de fazer (concessão de aposentadoria por invalidez). RESUMO Benefício Aposentadoria por invalidez DIB/DIP 01.07.2009 Atrasados R$ 5.400,00 (R$ 5.500,00 – R$ 100,00 → Concernente ao desconto de metade do valor da perícia) Obs.: O valor em questão se refere ao período de 19.12.2007 a 30.06.2009, quando a parte autora deveria ter auferido o benefício deauxílio-doença. Honorários do Perito R$ 200,00 Tarcísio Barros Borges","SENTENÇA: Homologo o acordo entre as partes. O INSS e a parte autora aceitaram o acordo. Os termos são anexos (n. 07). 

O INSS propõe:  
1) Aposentadoria por invalidez com efeitos a partir de julho/2009.  
2) Pagamento de R$ 5.500,00 pelos meses entre dezembro/2007 e junho/2009, quando a parte autora deveria receber auxílio-doença.  

Honorários do perito: R$ 200,00, pagos com RPV. R$ 100,00 da parte autora e R$ 100,00 do INSS. Não há custas ou honorários advocatícios.  

O caso será remetido ao Setor de Execução para expedir a RPV. Depois, o Posto Prisma deve conceder a aposentadoria em 24 horas.  

RESUMO:  
- Aposentadoria por invalidez com efeitos a partir de 01/07/2009.  
- Pagamento de R$ 5.400,00 pelos meses entre 19/12/2007 e 30/06/2009.  
- Honorários do perito: R$ 200,00.",68.03,91.54,23.510000000000005,0.8480129241943359,146,65,81,
"Sentença. 1.Trata-se de demanda que objetiva a restituição de contribuições previdenciárias recolhidas acima do teto nos dez anos anteriores ao ajuizamento da ação. Decido. 2.Preliminar: interesse de agir A demandante tem interesse concreto à tutela jurisdicional, visto que há negativa da demandada em realizar as suas pretensões, cuja viabilidade não pressupõe o esgotamento das vias administrativas, para que possam ser objeto de tutela jurisdicional (art. 5o, inc. XXXV, da CR). Verifica-se que tanto há interesse concreto à tutela jurisdicional, uma vez que a demandada, ao contestar, se opôs à pretensão da demandante. É certo, ainda, que as modalidades de processo e de provimento eleitos pela demandante são adequados e úteis para obter a tutela das situações materiais descritas na petição inicial. Rejeita-se a preliminar. 3.Prescrição No julgamento do RE 566621, o Supremo Tribunal Federal fixou entendimento pela aplicação da LC no 118/2005 às ações (independentemente da data dos fatos geradores nela contidos) ajuizadas após a vacatio legis da mencionada norma, isto é, a partir de 09.06.2005. Uma vez que a demanda foi proposta em 11.08.2015, as pretensões correspondentes às parcelas retidas e/ou exigidas indevidamente há mais de cinco (05) anos, contados da retroativamente da propositura da demanda, estão prescritas, nos termos do artigo 168, inciso I, do Código Tributário Nacional, c./c. o artigo 3o da Lei Complementar no 118/2005. 4.Mérito Busca a demandante a repetição de valores recolhidos a título de contribuição previdenciária acima do teto do Regime Geral de Previdência Social – RGPS. A autora, médica, informa possuir diversos vínculos, sobre os quais efetua recolhimentos previdenciários que, somados, ultrapassam o teto de recolhimento. A União, por sua vez, defende a “parcial improcedência” do pedido, não negando o direito de repetição, mas sim, a prova dos efetivos recolhimentos. O salário-de-contribuição é a base de cálculo da contribuição previdenciária a cargo do empregado, nos termos da Lei no. 8.212/91: “Art. 11. No âmbito federal, o orçamento da Seguridade Social é composto das seguintes receitas: (...) Parágrafo único. Constituem contribuições sociais: (...) c) as dos trabalhadores, incidentes sobre o seu salário-de-contribuição; (Vide art. 104 da lei no 11.196, de 2005) (...) Art. 20. A contribuição do empregado, inclusive o doméstico, e a do trabalhador avulso é calculada mediante a aplicação da correspondente alíquota sobre o seu salário-de-contribuição mensal, de forma não cumulativa, observado o disposto no art. 28, de acordo com a seguinte tabela: (Redação dada pela Lei n° 9.032, de 28.4.95). (...) Art. 28. Entende-se por salário-de-contribuição: I - para o empregado e trabalhador avulso: a remuneração auferida em uma ou mais empresas, assim entendida a totalidade dos rendimentos pagos, devidos ou creditados a qualquer título, durante o mês, destinados a retribuir o trabalho, qualquer que seja a sua forma, inclusive as gorjetas, os ganhos habituais sob a forma de utilidades e os adiantamentos decorrentes de reajuste salarial, quer pelos serviços efetivamente prestados, quer pelo tempo à disposição do empregador ou tomador de serviços nos termos da lei ou do contrato ou, ainda, de convenção ou acordo coletivo de trabalho ou sentença normativa; (Redação dada pela Lei no 9.528, de 10.12.97) Assim, o salário-de-contribuição corresponderá ao total da remuneração do empregado, limitado ao teto em vigor na data do recolhimento. Havendo mais de um vínculo, como ocorre na hipótese dos autos, será aplicado à soma de todos eles (art. 64, §1o, IN no. 971/2009 – RFB). Ao contrário do afirmado pela União, os recolhimentos acima do teto se acham provados, uma vez que constam do próprio sistema CNIS, conforme extrato exibido no anexo 03. Tais recolhimentos foram transferidos para a planilha contida no anexo 7, e sobre tais cálculos a Fazenda Nacional não fez quaisquer questionamentos. 5.Correção monetária e juros. A atualização do débito e a incidência de juros observarão o disposto pelo Supremo Tribunal Federal no julgamento das ADI no 4357/DF e ADI no 4425 (Modulação de efeitos em 25.03.2015), ou seja, os débitos da Fazenda Pública devem observar os mesmos critérios pelos quais a aquela corrige seus créditos tributários. Deste modo, os juros de mora e a correção monetária nas causas tributárias submetem-se à disciplina do art. 39 da Lei Federal no 9.430/96 (Taxa SELIC). 6.Benefícios da justiça gratuita Em se tratando de concessão da assistência judiciária gratuita, sabe-se que é suficiente a simples declaração do autor afirmando a sua hipossuficiência para que seja deferido o benefício, ressalvado ao juiz rejeitar fundamentadamente o pleito, na forma do art. 5.o da Lei n. 1.060/50. No caso, os comprovantes de rendimentos são elementos que infirmam a miserabilidade da demandante, com rendimentos mensais superiores ao triplo do teto do RGPS (anexo 7). Ademais, não há outros elementos que demonstrem que esta possua gasto superior que a condicione a litigar somente sob os auspícios da justiça gratuita. 7.Julgo procedentes, em parte, os pedidos (art. 269, inc. I, do CPC), de modo que condeno a demandada a pagar, em restituição, à demandante, os valores indevidamente retidos ou recolhidos a título de Contribuição Previdenciária que ultrapassem o limite do teto do RGPS, considerada a soma dos salários de contribuição das diferentes fontes pagadoras em cada mês e com observância da prescrição quinquenal, a contar do ajuizamento desta ação. A correção monetária e os juros de mora observarão o disposto no art. 39 da Lei Federal no 9.430/96, bem como os termos iniciais, índices e percentuais previstos no Manual de Orientação de Procedimentos para os cálculos na Justiça Federal (Resolução no 267/2013), que ficam fazendo parte integrante deste dispositivo, como se nele estivessem transcritos. 8.Interposto(s) recurso(s) voluntário(s) tempestivo(s) contra a presente, intime(m)-se o(a)(s) recorrido(a)(s) para oferecer(em) resposta(s), em dez (10) dias, e, decorrido oprazo, com ou sem contrarrazões, remeta-se à Turma Recursal. Sem custas e honorários advocatícios (art. 55 da Lei no 9.099/95). P.R.I. Jaboatão dos Guararapes, data da movimentação.","Sentença. 1. Trata-se de uma demanda que busca a devolução de contribuições previdenciárias pagas acima do limite nos dez anos anteriores à apresentação da ação. Decido. 2. A demandante tem interesse real para buscar um julgamento judicial, pois a outra parte não está cumprindo suas reivindicações e as viabilidades não dependem de processos administrativos. A outra parte, ao contestar, se opôs às pretensões da demandante. Os tipos de processo e de resolução escolhidos pela demandante são adequados para proteger as situações descritas na petição inicial. A preliminar é rejeitada. 3. Prescrição: O Supremo Tribunal Federal determinou que a Lei Complementar 118/2005 se aplica a ações apresentadas após 09/06/2005. Como a demanda foi feita em 11/08/2015, as reclamações sobre contribuições acima do teto estão prescritas, conforme o Código Tributário Nacional. 4. Mérito: A demandante quer devolver valores pagos como contribuição previdenciária acima do limite do RGPS. Ela afirma que os salários de contribuição, somados, ultrapassaram o teto. A União não nega o direito, mas diz que não há provas dos recolhimentos. O salário-de-contribuição é a base para calcular as contribuições, e os valores acima do teto estão comprovados no sistema CNIS. 5. Correção monetária e juros: Os débitos devem ser corrigidos conforme o Supremo Tribunal Federal, usando a SELIC. 6. Justiça gratuita: A demandante não é pobre, pois tem rendimentos superiores ao teto do RGPS. Não precisa de ajuda judicial gratuita. 7. Julgo procedentes, parcialmente, os pedidos. Condeno a outra parte a devolver os valores indevidamente pagos acima do teto, considerando todos os vínculos e respeitando a prescrição. A correção monetária e os juros seguirão as regras da Lei 9.430/96. 8. Recursos: Se houver recursos, devem ser apresentados dentro de dez dias. Não há custos advocatícios. P.R.I. Jaboatão dos Guararapes, data da movimentação.",30.27,38.46,8.190000000000001,0.8941293954849243,433,163,270,
"Proc. no 0501855-47.2018.4.05.8310T Autora: Maria do Rosário Vieira Réu: Instituto Nacional do Seguro Social - INSS SENTENÇA I.Relatório Dispensado o relatório, nos termos do artigo 38 da Lei no 9.099/95, aplicada subsidiariamente ao rito estabelecido na Lei n.o 10.259/2001. II.Fundamentação Destaco, inicialmente, que os princípios da celeridade, economia processual, simplicidade, informalidade e oralidade, entre outros, orientam os processos de competência dos juizados especiais, revelando que a maior preocupação do operador do direito, nestas causas, deve ser a matéria de fundo, enfim, a busca da justiça, de forma simples e objetiva. Busca a parte autora o restabelecimento de auxílio-doença ou aposentadoria por invalidez, benefícios previsto nos artigos 59 a 63 e art. 39, I, todos da Lei n.o 8.213/91. Oportuno ressaltar que para a concessão do pleito exige-se, em síntese, a demonstração da qualidade de segurado, a observância do prazo de carência e a impossibilidade efetiva e transitória de exercer seu labor. A autarquia previdenciária ofereceu proposta de acordo (anexo 25), acerca da qual não se manifestou a parte autora, importando seu silêncio em não aceitação. Vistas essas considerações, passemos à análise do caso concreto. Quanto à qualidade de segurada da demandante, da análise do seu CNIS, constante do anexo 15 - página 06, resta claro que esteve em gozo de auxílio-doença previdenciário até 06/04/2018, estando, portanto, no período de graça. Ademais, o INSS ofertou proposta de acordo (anexo 25), o que corrobora o reconhecimento da qualidade de segurada da demandante. Impõe-se, portanto, a conclusão de que a parte autora atende ao requisito legal da condição de segurado, sem que se mostre necessária a produção de outras provas (art. 5o da Lei no 9.099/95). Por sua vez, o laudo pericial (anexo 22) concluiu que a autora é portadora de Outras artrites reumatoides soro-positivas (CID 10 - M05.8), Hipertensão essencial (primária) (CID 10 - I10.0) e Diabetes mellitus não-insulino-dependente - sem complicações (CID 10 - E11.9). Em seus esclarecimentos, o expert expôs tratar-se de incapacidade temporária (item I.7) e total, para toda e qualquer atividade laboral (item I.13). Afirmou, ainda, ser necessário um período de 180 dias para o tratamento da autora (item I.11). Consignou como a data de início da incapacidade em 12/03/2018, conforme atestado médico anexado aos autos (item I.8). Por fim, ao ser questionado se a autora poderia realizar atividades da vida diária independentemente da ajuda de terceiros, o perito esclareceu não haver incapacidade para os atos da vida diária (locomoção, asseio, alimentação etc. - item I.16). Logo, do exposto, encontram-se presentes os requisitos legais para a concessão do auxílio-doença (art. 59 da Lei no 8.213/91). Portanto, ante as conclusões periciais, o réu deve pagar o auxílio doença a partir de 07/04/2018 (dia posterior ao da cessação do benefício outrora percebido), uma vez que, à época, preenchia todos os requisitos necessários para o gozo do benefício. Por fim, o benefício deverá ser cessado após 180 (cento e oitenta) dias contados da data da realização da perícia judicial (cessação em 14/05/2019), período em que, segundo o expert, a parte autora ficará incapacitada para exercer seu labor habitual. III.Dispositivo Por essas razões, julgo procedente o pedido, para condenar o INSS a: a) conceder, em 20 (vinte) dias, auxílio-doença em favor da parte autora, sob pena de aplicação de multa diária de R$ 100,00 (cem reais) - independentemente de eventual interesse em recorrer-,com DIB em 07/04/2018 e DIP em 01/12/2018; b) a pagar à demandante as parcelas atrasadas, desde o dia posterior ao da cessação do benefício anteriormente percebido (07/04/2018), mediante RPV, respeitada a prescrição quinquenal, incidindo sobre o montante correção e juros de mora, calculados nos moldes do art. 1o-F da Lei 9.494/97. Para a implantação devem ser observados os seguintes elementos: BENEFÍCIO Auxílio-doença DIB 07/04/2018 DIP 01/12/2018 DCB 14/05/2019 Defiro a gratuidade à demandante (art. 98, do CPC). Sem custas e honorários advocatícios (art. 55 da Lei no 9.099/95). Interposto(s) recursos(s) voluntário(s) tempestivo(s) contra a presente decisão, intime(m)-se o(s) recorrido(s) para oferecer(em) resposta(s), em 10 (dez) dias, e, decorrido o prazo, com ou sem contra-razões, remeta-se à Turma Recursal. Após o trânsito em julgado, expeça-se Requisição de Pequeno Valor - RPV em favor da parte autora, observado o teto legal. Dispensado o reexame necessário, nos termos do art. 13 da Lei n.o 10.259/2001. Registre-se. Publique-se. Intimem-se. Arcoverde, data da movimentação. Allan Endry Veras Ferreira","Processo n.º 0501855-47.2018.4.05.8310T  
Autora: Maria do Rosário Vieira  
Réu: Instituto Nacional do Seguro Social - INSS  

Sentença:  
A parte autora busca o restabelecimento de auxílio-doença ou aposentadoria por invalidez, conforme previsto na Lei 8.213/91. O INSS ofereceu uma proposta de acordo, mas a parte autora não a aceitou.  

A autora estava em gozo de auxílio-doença até 06/04/2018 e está no período de graça. O laudo pericial confirma que ela tem doença crônica que a impossibilita de trabalhar. A incapacidade é temporária, mas total para qualquer atividade laboral. O especialista determinou que ela precisará de 180 dias de tratamento, começando a 12/03/2018.  

A partir de 07/04/2018, a autora pode receber auxílio-doença. Esse benefício deverá ser cessado em 14/05/2019, após 180 dias de incapacidade.  

Portanto, condeno o INSS a:  
a) conceder auxílio-doença a partir de 07/04/2018, com multa diária de R$ 100,00;  
b) pagar as parcelas atrasadas desde 07/04/2018, com juros e correção.  

A demandante tem direito à gratuidade, sem custas ou honorários advocatícios. Se houver recursos, o processo deve seguir as normas legais.  

Registre-se, publique-se e intimem-se.  
Arcoverde, data da movimentação.  
Allan Endry Veras Ferreira",38.15,55.92,17.770000000000003,0.8810863494873047,349,118,231,
"SENTENÇA Vistos, etc. Dispensado o relatório, nos termos do art. 38 da Lei no. 9.099/95, aplicada subsidiariamente ao rito estabelecido na Lei n.o 10.259/2001 por força de seu art. 1o. I – Fundamentação Cuida-se de ação especial previdenciária promovida por MARIA SUSETE DA SILVA SOUZA, em face do INSTITUTO NACIONAL DO SEGURO SOCIAL – INSS, buscando a obtenção de provimento jurisdicional que lhe garanta o direito à concessão do benefício de pensão por morte, a contar da data do requerimento administrativo, ocorrido em 04/01/2017, com o consequente pagamento das parcelas vencidas e vincendas. Passo para análise do caso concreto. Conforme se afere do art. 74 da Lei no. 8.213/91, a pensão por morte será devida ao conjunto dos dependentes do segurado que falecer, aposentado ou não, a contar da data (1) do óbito, quando requerida até noventa dias depois deste; (2) do requerimento, quando requerida após este prazo; ou (3) da decisão judicial, no caso de morte presumida. Ademais, de acordo com o inciso I do art. 16 do citado diploma legal, são beneficiários do Regime Geral de Previdência Social, na condição de dependentes do segurado, o cônjuge, a companheira, o companheiro e o filho não emancipado, de qualquer condição, menor de vinte e um anos ou inválido ou que tenha deficiência intelectual ou mental ou deficiência grave. Neste contexto, cabe verificar, de início, se a parte autora preenche os requisitos necessários à fruição da pensão por morte, quais sejam: a) qualidade de dependente; b) o óbito; c) a manutenção, pelo de cujus, da qualidade de Segurado ou satisfação dos requisitos legais do benefício de aposentadoria. Demais disso, deve-se atentar para o novo regramento, em sede do benefício perseguido, trazido a lume através da edição da Medida Provisória no 664/2014, em vigor desde 1o de março de 2015, posteriormente convertida na Lei no 13.135, de 17/06/2015, o qual estabeleceu a exigência de dois novos requisitos, a saber: a) carência de 18 meses de contribuição, em qualquer caso; e b) nos casos onde o dependente é cônjuge ou companheiro, tempo mínimo de 2 anos de casamento ou união estável. Desatendidos tais requisitos, os dependentes ainda terão direito ao benefício, contudo apenas pelo prazo de 4 meses. Por fim, estabeleceu-se mudança quanto à duração do benefício também nos casos de dependente cônjuge ou companheiro, passando esta a variar de acordo com a expectativa de vida do beneficiário, nos termos da seguinte tabela: Idade do beneficiário Duração dobenefício Até 21 anos 3 anos 21 a 26 anos 6 anos 27 a 29 anos 10 anos 30 a 40 anos 15 anos 41 a 43 anos 20 anos Maior que 44 anos Vitalícia Passemos, enfim, à análise das questões pertinentes à resolução da presente lide. O óbito restou devidamente provado mediante certidão de óbito (anexo 06) e, a qualidade de dependente também restou evidenciada, pois a demandante era casada com o falecido (certidão de casamento, anexo 04). Portanto, presumida a dependência. Ademais, tal ponto não restou controvertido no processo administrativo. Verifica-se que o ponto controvertido na presente lide diz respeito à qualidade de segurado por parte do falecido. Quanto ao ponto, registre-se que a perícia social (anexo 32), realizada por assistente social indicada por este Juízo, consignou a inserção do falecido no meio rural. Com efeito, consta do parecer técnico elaborado pela Assistente Social, a informação de que, diante do que foi observado (por meio de visita domiciliar, entrevista e registro fotográfico), “acredita-se o Sr. José Gomes de Souza (falecido) desenvolveu atividade rural”. Corrobora tais informações o fato de a demandante ser beneficiária de aposentadoria por idade, na qualidade de segurada especial (anexo 28) e não ter nenhum registro de vínculo urbano no seu CNIS. Outrossim, no CNIS do de cujus também não consta nenhum vínculo urbano. Logo, é crível que tenha sobrevivido da atividade campesina até a data do seu falecimento. Assim, levando em consideração o laudo social e as demais provas colhidas, entendo que a autora faz jus ao benefício, pois é bastante provável que o Sr. José Gomes de Souza, tenha sido, em vida, segurado especial. Desta forma, tenho que restaram satisfeitos os requisitos legais, pelo que deve ser julgado procedente o pedido inicial. II – Dispositivo Ante o exposto, julgo PROCEDENTE o pedido autoral, extinguindo o processo com resolução do mérito, segundo o art. 487, I do CPC, condenando o INSS: a)A implantar, em 10 (dez) dias, o benefício de pensão por morte, em favor da autora, do instituidor José Gomes de Souza, com DIB em 27/12/2016 (data do óbito), porquanto o benefício foi requerido em prazo inferior aos noventa dias da data do óbito previstos na legislação de regência; b)Ao pagamento das parcelas vencidas, mediante Requisição de Pequeno Valor - RPV, corrigidas monetariamente de acordo com o índice previsto no artigo 1o-F, Lei 9494/97 (com nova redação conferida pela Lei 11.960/2009), a serem pagas mediante a expedição de RPV, após o trânsito em julgado e liquidação pela contadoria do juízo. c)O benefício será vitalício, conforme tabela de expectativa de sobrevida do art. 77, §5o da Lei n. 8.213/91, porquanto a autora possuía 58 (cinquenta e oito) anos na data do óbito do instituidor. Defiro a gratuidade à Demandante (Lei no 1.060/50). Sem custas e honorários advocatícios (art. 55 da Lei no 9.099/95). Transitado em julgado sem reforma, arquivem-se os autos com baixa no sistema informatizado. Serra Talhada, data da validação.","**Sentença**

Vistos, etc. Dispensado o relatório, conforme previsto no artigo 38 da Lei 9.099/95, aplicado subsidiariamente ao rito estabelecido na Lei 10.259/2001.

A ação foi promovida por Maria Susete da Silva Souza contra o INSS, buscando a concessão de pensão por morte do seu enteado, a partir da data em que foi feito o requerimento administrativo, em 4/1/2017. O objetivo é garantir o pagamento das parcelas vencidas e as pendentes.

De acordo com o artigo 74 da Lei 8.213/91, a pensão por morte é devida aos dependentes do segurado que faleceu, aposentado ou não, a partir da data do óbito, quando o requerimento foi feito dentro de 90 dias; ou da data do requerimento, se foi feito após esse prazo. Também pode ser concedida em caso de morte presumida.

Os dependentes são: cônjuge, companheira, companheiro e filho não emancipado, menor de 21 anos ou inválido. Para a concessão, é necessário que a pessoa seja dependente, tenha sofrido óbito e que o segurado mantenha sua qualidade ou cumpra os requisitos para aposentadoria.

A Lei 13.135/2015 estabeleceu novos critérios: carência de 18 meses de contribuição e, em casos de cônjuge ou companheiro, pelo menos 2 anos de união estável. Se os requisitos não forem atendidos, o benefício é concedido por 4 meses.

A duração do benefício varia conforme a idade do beneficiário: até 21 anos – 3 anos; 21 a 26 – 6 anos; 27 a 29 – 10 anos; 30 a 40 – 15 anos; 41 a 43 – 20 anos; maior que 44 – vitalício.

Na análise do caso, o óbito foi comprovado e a qualidade de dependente foi estabelecida. A demandante era casada com o falecido. O falecido também era segurado especial, pois viveu na atividade rural e não tinha vínculo urbano.

Com base no laudo social e nas provas apresentadas, conclui-se que a autora tem direito à pensão por morte. Por isso, o pedido é considerado procedente.

**Dispositivo**

Julgo PROCEDENTE o pedido da autora, extinguo o processo com resolução do mérito, conforme artigo 487, I do CPC. Condeno o INSS:

a) A instalar o benefício de pensão por morte em 10 dias, a partir do óbito (27/12/2016), pois foi solicitado dentro dos 90 dias;

b) Ao pagar as parcelas vencidas com correção monetária conforme previsto na Lei 9494/97;

c) O benefício será vitalício, pois a autora tinha 58 anos no momento do óbito.

Gratuidade à demandante (Lei 1.060/50). Sem custas e honorários advocatícios (artigo 55 da Lei 9.099/95).

Transitado em julgado, arquivar os autos com baixa no sistema informatizado.",25.02,49.85,24.830000000000002,0.9410589337348938,371,182,189,
"Processo no 0501134-47.2017.4.05.8305 SENTENÇA (Tipo A - Fundamentação Individualizada) Vistos, etc. I - Relatório: Trata-se de ação com pedido de rescisão contratual ou alteração do valor de suas parcelas proposta por CLAYTON FRANCISCO UMBELINO E MARIA FRANCISCA DO NASCIMENTO UMBELINO em face da CAIXA ECONÔMICA FEDERAL. Relatam os postulantes, em síntese, que efetuaram financiamento de imóvel por intermédio da instituição financeira ré por meio do Programa Minha Casa Minha Vida e foram contemplados com um imóvel no Município de Correntes. Alegam, contudo, que receberam a informação de que as parcelas que pagariam seriam no montante de R$ 80,00, todavia os boletos vieram com o valor de R$ 245,00. Afirmam que procuraram diversos meios para reduzir o valor das parcelas ou cancelar o contrato, inclusive com a devolução do imóvel, todavia tais tentativas restaram frustradas, de forma que apenas lhes restou a opção de ingressar com a presente ação. Dispensado o relatório, de acordo com o permissivo encartado no art. 38, da Lei no 9.099/1995, aplicável de modo subsidiário aos Juizados Especiais Federais, em virtude da previsão que repousa no art. 1o, da Lei no 10.259/2001, passo a fundamentar e decidir. II - Fundamentação: A relação entre a parte autora e a Caixa Econômica Federal está expressamente prevista no art. 3.o, § 2.o do Código de Defesa do Consumidor, inserida no conceito de ""serviço"". Tal entendimento foi confirmado pelo STJ há tempos, o qual, ao editar o Enunciado 297 da Súmula de sua Jurisprudência, aduziu que ""O Código de Defesa do Consumidor é aplicável às instituições financeiras"". Independentemente da referida situação, é fato que a realização de pacto entre as partes da presente ação também é regida pelas normas gerais referentes aos contratos, trazidas no Código Civil, quando não contrariem a essência do primeiro diploma. Do Direito Civil, podemos extrair inicialmente o conceito de contrato, o qual pode ser definido como um ato jurídico bilateral, dependente de pelo menos duas declarações de vontade, cujo objetivo é a criação, a alteração ou até mesmo a extinção de direitos e deveres. Os contratos são, em suma, todos os tipos de convenções ou estipulações que possam ser criadas pelo acordo de vontades e por outros fatores acessórios. Especificamente quanto ao contrato em comento, nota-se se classificar ele como contrato de adesão, o qual corresponde àquele em que uma parte, o estipulante (na hipótese, a Caixa Econômica), impõe o conteúdo negocial, restando à outra parte, o aderente, duas opções: aceitar ou não o conteúdo desse negócio. O Código de Defesa do Consumidor trouxe a definição dessa modalidade de contrato em seu art. 54: ""contrato de adesão é aquele cujas cláusulas tenham sido aprovadas pela autoridade competente ou estabelecidas uni lateralmente pelo fornecedor de produtos ou serviços, sem que o consumidor possa discutir ou modificar substancialmente seu conteúdo"". No estudo dos contratos, os princípios assumem fundamental importância e no caso de demandas de consumo, são aplicáveis tanto aqueles previstos no Código de Defesa do Consumidor, quanto os trazidos no Código Civil, cujos conteúdos vêm se aproximando com o decorrer dos anos, especialmente em virtude de ambos encamparem os importantes postulados da função social dos contratos e da boa-fé objetiva. A função social dos contratos impõe que estes não devem mais ser interpretados somente de acordo com aquilo que foi assinado pelas partes, mas sim levando-se em conta a realidade social que os circunda. Um dos aspectos deste princípio, segundo Flávio Tartuce, corresponde ao subprincípio da ""tendência de conservação contratual"". Segundo tal aspecto, em regra, o contrato deve ser mantido, sendo a sua extinção a última medida a ser tomada, a ultima ratio. Essa correlação, inclusive, foi reconhecida pelo Enunciado n. 22 do CJF/STJ da I Jornada de Direito Civil, in verbis: ""a função social do contrato, prevista no art. 42 1 do novo Código Civil, constitui cláusula geral, que reforça o princípio de conservação do contrato, assegurando trocas úteis e justas"". Assim, aplicando-se a função social e a conservação, a regra é a revisão e não a anulação do contrato. A boa-fé objetiva, por sua vez, deve ser entendida com a exigência de conduta leal dos contratantes, estando relacionada com os deveres anexos ou laterais de conduta, que são ínsitos a qualquer negócio jurídico, não havendo sequer a necessidade de previsão no instrumento negocial. Dentre estes deveres anexos, encontram-se, por exemplo, o dever de agir em conformidade com a confiança depositada e o dever de lealdade. Outro princípio de suma importância nessa temática é o da força obrigatória do contrato (pacta sund servanda), segundo o qual tem força de lei o estipulado pelas partes na avença, constrangendo os contratantes ao cumprimento do conteúdo completo do negócio jurídico. Esse princípio importa em autêntica restrição da liberdade, que se tomou limitada para aqueles que contrataram a partir do momento em que vieram a formar o contrato consensualmente e dotados de vontade autônoma. O princípio em questão está, todavia, mitigado ou relativizado, podendo o contrato ser revisado por ocorrência de um motivo imprevisível (art. 317) ou acontecimentos imprevisíveis e extraordinários (art. 478). Feitas essas considerações, conclui-se facilmente que não será possível atender a nenhum dos pleitos autorais. Quanto ao pedido de rescisão contratual, além de não haver previsão contratual de tal possibilidade, conforme assentado acima, ainda que se cogitasse rever essa limitação em favor dos requerentes na qualidade de consumidores, deve-se aplicar o princípio da preservação dos contratos quando de sua condução. Ou seja, deve-se tentar, antes, todas as possibilidades de sua manutenção, apenas procedendo com sua extinção de forma excepcional e impossibilitadas eventuais adaptações. Não sendo o caso dos autos, já que sequer foi tentada uma renegociação contratual, resta impossibilitada a rescisão contratual, mesmo com a devolução do bem. Também não se verifica a possibilidade de revisão do contrato de forma a adequar as parcelas a serem pagas ao que supostamente esperavam os autores. Aduzem estes que apenas firmaram o contrato porque tinham a expectativa de que as parcelas a serem pagas seriam de R$ 80,00 mensais, e não de R$ 245,00, como vem sido cobrado. Alegam, ainda, que não possuem a renda que a Caixa afirma ter constatado para a formulação do contrato inicialmente. Entendo que a Caixa conseguiu se desincumbir plenamente do ônus de comprovar a correção das parcelas cobradas, de acordo com o inicialmente estipulado pelas partes, não se verificando qualquer abuso. Com efeito, apesar de os autores alegarem não possuírem, em conjunto, renda fixa que possibilite a cobrança do montante acima (Anexo 27), juntando, para tanto, a CTPS e a consulta ao CNIS em nome da autora (Maria Francisca), não é o que se percebe dos documentos constantes nos Anexos 32 e 33, especialmente quando se observam rendimentos em nome do autor (Clayton). No Anexo 32, encontra-se um checklist da Prefeitura, conferido para que se avaliasse o enquadramento dos requerentes no perfil que possibilita a contratação por meio do Programa Minha Casa, Minha Vida, onde há declaração, assinada por ambos os beneficiários no ano de 2014, na qual declararam possuir renda de R$ 1.000,00. O Anexo 33, por sua vez, apresenta um extrato com as últimas remunerações percebidas pelo autor (Clayton). Conclui-se facilmente da observância desse documento que o requerente percebeu, nos últimos 10 (dez) meses, rendimentos superiores a R$ 1.300,00. Além disso, nota-se que os autores assinaram o contrato constante dos Anexos 30 e 31, podendo ser claramente visualizado no Anexo 30, página 02, que ali já constava que o encargo mensal a ser pago pelos contratantes seria de R$ 245,00. Confirmando a correção desse valor, verifica-se na cláusula 1 do referido contrato que se a renda familiar é de montante entre R$ 1.200,00 e R$ 1.600,00, como é o caso dos requerentes, a parcela a ser paga será de 25% do total da renda menos R$ 180,00. Note-se que consta nessa mesma cláusula que a parcela apenas seria de R$ 80,00 se a renda familiar fosse de até R$ 800,00, o que não é o caso, não fazendo jus os requerentes ao pagamento deste valor apenas porque pessoas que conhecem também o pagam. Constatado que os autores demonstraram estarem cientes dos valores que pagariam para a aquisição do bem, já que assinaram o contrato, assim como que possuem renda compatível com o valor que vem sendo cobrado, não há motivos para se revisar o contrato. Em suma, considerando que, via de regra, o contrato faz lei entre as partes, devendo elas arcar com o compromisso firmado até que ele chegue ao seu término, em respeito aos princípios da boa-fé objetiva e da força obrigatória dos contratos, não tendo sido demonstrada situação excepcional e imprevisível que pudesse modificar o panorama inicial do momento da contratação, não há possibilidade de rescisão ou revisão contratual, de forma que a improcedência da demanda é medida que se impõe. III - Dispositivo Ante o exposto, julgo improcedente o pedido, pelas razões acima explicitadas, nos termos do art. 487, I, do CPC. Sem condenação no pagamento das custas processuais e dos honorários advocatícios, verbas incabíveis na primeira instância dos Juizados Especiais (art. 55 da Lei no. 9.099/95). Publicação e Registro pelo Sistema Creta. Intimem-se. Transitado em julgado sem reforma, arquivem-se os autos com baixa no sistema informatizado. Sem reexame necessário. Garanhuns-PE, data da validação.","Processo n.º 0501134-47.2017.4.05.8305 – SENTENÇA (Tipo A - Fundamentação Individualizada)

Vistos, etc.

I - Relatório: Trata-se de ação em que os autores, Clayton Francisco Umbelino e Maria Francisca do Nascimento Umbelino, propõem a rescisão contratual ou revisão das parcelas de um financiamento para compra de imóvel feito pela Caixa Econômica Federal por meio do Programa Minha Casa Minha Vida. Eles alegam que receberam informações de que as parcelas seriam de R$ 80,00, mas os boletos vieram com o valor de R$ 245,00. Procuraram vários meios para reduzir as parcelas ou cancelar o contrato, incluindo a devolução do imóvel, mas tais tentativas falharam. Assim, optaram por entrar com a ação.

II - Fundamentação: A relação entre os autores e a Caixa Econômica Federal está regulamentada pelo Código de Defesa do Consumidor, que considera o financiamento como um ""serviço"". O STJ confirmou que esse código também aplica-se às instituições financeiras. O contrato entre as partes é regido pelas normas gerais dos contratos, conforme o Código Civil.

O contrato de adesão é aquele em que uma parte (a Caixa) impõe cláusulas, e a outra parte (os autores) pode aceitar ou não. O Código de Defesa do Consumidor define esse tipo de contrato como aquele cujas cláusulas são estabelecidas unilateralmente pelo fornecedor.

Os princípios da função social dos contratos e da boa-fé objetiva são importantes. A função social exige que os contratos sejam mantidos, a menos que haja uma causa excepcional. A boa-fé objetiva exige conduta leal das partes.

O princípio da força obrigatória do contrato (pacta sunt servanda) impõe que as partes cumpram o acordo. No entanto, contratos podem ser revisados por motivos imprevisíveis ou extraordinários.

Conclui-se que não é possível atender aos pedidos dos autores. A rescisão contratual não é a primeira opção, e a revisão do contrato também não se aplica, pois os autores demonstraram conhecimento das condições do contrato e possuem renda compatível com as parcelas cobradas.

III - Dispositivo: Considerando o exposto, julgo a demanda improcedente. A sentença é emitida conforme o artigo 487, I, do CPC. Não há condenação no pagamento das custas processuais e dos honorários advocatícios. Os autos são arquivados com baixa no sistema informatizado. Sem reexame necessário.",20.41,30.88,10.469999999999999,0.9576140642166138,616,194,422,
"SENTENÇA Vistos, etc. O caso é de ação especial cível movida por segurado do Regime Geral de Previdência Socialcontra o INSS, pleiteando a concessão de aposentadoria por tempo de serviço. É o breve resumo do fatos. Segue fundamentação e decisão. A autora requereu aposentadoria por tempo de serviço, que foi indeferida pelo INSS, sob o fundamento de que não havia tempo de serviço suficiente. O tempo de serviço alegado – cerca de 28 anos e três meses até a DER (23/04/2007) - se apresenta comprovado por anotação na CTPS e o registro do CNIS. Note-se que a autora trabalha na mesma empresa desde 02/01/1979. Como ela completou 48 anos de idade em 11/04/2007, cumpriu a idade mínima exigida pela EC no 20/98. Por outro lado, a autora também cumpriu o pedágio para a concessão de aposentadoria proporcional previsto no § 1o do art. 9o da EC no 20/98, pois conta com o excedente de três anos e três meses de contribuição a contar do 25o ano de contribuição. Assim, conclui-se que o INSS procedeu incorretamente ao cálculo do tempo de serviço da autora, devendo conceder a aposentadoria proporcional a contar da DER (23/04/2007), com valor inicial a ser calculado pelo INSS de acordo com as contribuições da autora. Dispositivo Diante de todo o exposto, extingo o processo, com julgamento de mérito, para julgar procedente o pedido, condenando o INSS a conceder à parte autora a aposentadoria por tempo de serviço, a contar do requerimento administrativo, bem como a pagar as parcelas em atraso com acréscimo de juros de mora no percentual de 1% ao mês[1], contados da citação[2], e de correção monetária oficial, esta na forma do Manual de Cálculos da Justiça Federal. Inviável, neste momento, a liquidação da sentença, tendo em vista que ausentes os elementos para o cálculo da RMI. A obrigação de fazer será cumprida com efeitos a contar do trânsito em julgado. Sem custas e honorários advocatícios, em face do disposto no art. 55 da Lei n. 9.099/95. Intimem-se. Recife, 22 de janeiro de 2008. Tarcísio Barros Borges Juiz Federal 14a Vara-PE","O caso é sobre uma ação cível em que uma pessoa pede aposentadoria por tempo de serviço contra o INSS. O INSS negou a solicitação, dizendo que ela não tinha tempo de serviço suficiente. A autora afirma ter cerca de 28 anos e três meses de contribuição, comprovado por documentos. Ela trabalha na mesma empresa desde 1979 e, em 2007, completou 48 anos. Segundo a lei, ela atendeu aos requisitos mínimos para aposentadoria. Além disso, ela teve mais de três anos e três meses de contribuição além do necessário. Por isso, o INSS calculou erradamente o tempo de serviço. A sentença diz que o INSS deve conceder a aposentadoria a partir de 2007, com valor calculado pelo INSS. A sentença é acordada, e o INSS deve pagar as parcelas em atraso com juros de 1% ao mês e correção monetária. Não há possibilidade de liquidar a sentença agora, pois falta informação para calcular a RMI. A obrigação será cumprida após o trânsito em julgado. Sem custas e honorários advocatícios. Data: 22 de janeiro de 2008. Juiz Federal: Tarcísio Barros Borges.",52.05,54.37,2.3200000000000003,0.9078422784805298,173,103,70,
"Procedimento Comum do Juizado Especial Cível:2009.83.08.501052-5 – T Autor: JOSÉ SOARES DA SILVA Adv. MARIA LUCIMAR DA SILVA CAVALCANTE, OAB/PE 784-B Réu: INSTITUTO NACIONAL DO SEGURO SOCIAL - INSS Aos nove (9) dias do mês de setembro do ano dois mil e nove, às 10h40, na Sala de Audiências “Pedro Jorge de Melo e Silva” do Fórum “Adaucto José de Melo” desta 8a Vara Federal, onde se encontravam presentes o Exmo. Sr. Dr. JOSÉ BAPTISTA DE ALMEIDA FILHO NETO, Juiz Federal, comigo, a assistente, Denise Soares de Cerqueira Rodrigues, teve lugar a audiência de instrução designada. Apregoadas as partes e os seus representantes legais, dando fé do comparecimento do Autor, JOSÉ SOARES DA SILVA, CPF/MF 270.132.944-20 e RG 2223394-SSP/PE, acompanhado(a) do(a) Advogado(a), Dr. MARIA LUCIMAR DA SILVA CAVALCANTE, OAB/PE 784-B; do INSTITUTO NACIONAL DO SEGURO SOCIAL - INSS, representado neste ato por seus/suas Procurador(as) Federal Dr.(a) MARCIO DE CARVALHO ORDONHO, mat. 1553489. A parte autora não apresentou testemunha(s). Aberta a audiência e iniciados os trabalhos, foi propiciada às partes a conciliação acerca do objeto do litígio, o que não obteve êxito. Ao final o MM. Juiz proferiu: SENTENÇA Vistos etc. Relatório dispensado. No mérito, a incapacidade laboral, parcial e temporária, do autor foi confirmada pelo laudo pericial. A qualidade de segurado do autor foi demonstrada pela análise do CNIS dele, juntamente com a resposta dada pelo experto ao quesito 27. Ora, é comum nesta região os agricultores trabalharem por um pequeno espaço de tempo nas empresas agrícolas e depois voltarem a trabalhar na sua própria “roça”. Portanto, penso que os vários vínculos rurais do autor são indícios mais que suficientes para comprovarem a qualidade de segurado especial dele. Mormente, porque o perito afirmou que as mãos do autor comprovam que ele está sendo obrigado a trabalhar para não morrer de fome, mesmo não possuindo condições para tanto. Ante o exposto, julgo procedente o pedido para condenar o INSS a conceder à parte autora o benefício de auxílio-doença de trabalhador rural no valor de um salário mínimo. Deverá, por conseqüência, pagar ao autor as parcelas em atraso a contar do requerimento administrativo (28/11/2008 – DIB), devidamente corrigidas monetariamente e, a partir da citação, deverá, também, incidir juros de mora de 1% ao mês, até a data do efetivo pagamento. Esclareço que o valor da condenação é R$ 4.327,16 e a DIP é 01/09/2009. Defiro o benefício da assistência judiciária gratuita (Lei no 1.060/50). Sem honorários. Custas ex lege (art. 54 da Lei no 9.099/95). Em caso de interposição de recurso tempestivo, desde já recebe em seu duplo efeito, devendo ser intimada a parte contrária para apresentar contrarrazões, antes da remessa dos autos à Turma Recursal. Sentença publicada em audiência. Registre-se. Intimem-se. Petrolina/PE, 9 de setembro de 2009. JOSÉ BAPTISTA DE ALMEIDA FILHO NETO","Texto simplificado: Em 9 de setembro de 2009, no fórum de Petrolina, teve lugar uma audiência. O autor, José Soares da Silva, representado pelo advogado Maria Lucimar Silva Cavalcante, e o réu, Instituto Nacional do Seguro Social (INSS), representado por Marcio de Carvalho Ordonho, compareceram. Não houve conciliação entre as partes. O juiz confirmou que o autor tem direito ao benefício de auxílio-doença como trabalhador rural. Por estar com capacidade laboral parcial e temporária, e por ter vários vínculos rurais, o INSS deve pagar o benefício. O valor da condenação é R$ 4.327,16. O pagamento deverá iniciar a partir de 28 de novembro de 2008, com correção monetária e juros de 1% ao mês a partir da citação. A assistência judiciária é gratuita. Não há honorários. As custas são calculadas conforme a lei. Se houver recurso, deve ser apresentado antes da remessa para a Turma Recursal. A sentença foi publicada na audiência. Registre-se e intimem-se. Petrolina/PE, 9 de setembro de 2009. José Baptista de Almeida Filho Neto.",47.68,47.88,0.20000000000000284,0.8129012584686279,271,112,159,
"SENTENÇA I. RELATÓRIO Cuida-se de ação especial de natureza previdenciária, promovida por ANA BEATRIZ DO NASCIMENTO LIMA, representada por ELIETE CORDEIDO DO NASCIMENTO, também autora deste processo, contra o INSTITUTO NACIONAL DO SEGURO SOCIAL - INSS, todos devidamente qualificados nos autos, objetivando provimento jurisdicional que lhe assegure a concessão do benefício de pensão por morte, com o pagamento das parcelas em atraso. É o que importa relatar. Passo à análise do mérito. II. FUNDAMENTAÇÃO II.1. Mérito. A pensão por morte é o benefício a que fazem jus os dependentes do segurado que vier a falecer, a teor do disposto na letra “a”, no inciso II, do art. 18 da Lei 8.213/91. Para a concessão desse benefício, de acordo com a legislação vigente na data do óbito do pretenso instituidor (01/09/2013, anexo no 14), não se exige tempo mínimo de contribuição, tampouco o preenchimento de idade mínima, mas apenas que a morte tenha ocorrido antes da perda da qualidade de segurado, e que os supostos beneficiários se enquadrem no rol dos dependentes, consoante art. 16 da Lei 8.213/91. II.1.1. Qualidade de Segurado. No caso vertente, a análise do Cadastro Nacional de Informações Sociais – CNIS revela que o último vínculo de emprego do falecido deu-se entre 01/08/2013 a 02/01/2014, na qualidade de segurado empregado (anexo no 38). Ocorre que o INSS apontou suposta existência de fraude na inscrição do vínculo em questão, sobretudo diante do fato de que o cadastramento do falecido no CNIS foi realizado após o óbito, em 04/11/2013 (anexo no 38), bem como diante das conclusões firmadas em pesquisa externa, na qual o representante do INSS se dirigiu ao supermercado (suposto empregador do falecido) e constatou que os documentos em nome do extinto, tais como folhas de pagamento e contracheques, foram emitidos e assinados após o óbito, constando, inclusive, assinatura incompatível com a contida no RG e no CPF do falecido. Ademais, em audiência de instrução, a parte autora não logrou êxito em comprovar a existência do vínculo do suposto companheiro, diante das suspeitas de fraude apontadas pelo INSS. Quanto ao ponto, importante ressaltar que a autora, Eliete Cordeiro do Nascimento, suposta companheira do falecido, afirmou, em audiência, que convivia com o extinto há cerca de 13 (treze) anos e que ele, antes de falecer, estava trabalhando em um supermercado, como pedreiro. No entanto, a autora não foi convincente ao explicar em que circunstância o falecido, que era pedreiro, estaria trabalhando em um supermercado. De igual modo, não restou devidamente esclarecido se o falecido estaria trabalhando na construção do supermercado ou apenas em uma reforma. Soma-se a isso o fato de que a requerente não soube informar com quem o falecido trabalhava, nem quanto era seu salário. A testemunha ouvida em juízo também apresentou depoimento inseguro, afirmando, sem muita clareza, que o supermercado já estaria construído, e que o dono estaria construindo outro supermercado, no entanto, não soube informar mais detalhes acerca do fato. Assim, os depoimentos colhidos em audiência não foram consistentes a ponto de corroborar os documentos apresentados, no sentido de comprovar a existência de vínculo de emprego do falecido em momento anterior ao óbito. Desse modo, as contribuições previdenciárias efetivadas pouco antes do óbito do instituidor, sem a devida confirmação através de outros meios, não devem ser consideradas para fins de apuração da qualidade de segurado. E, não havendo o preenchimento deste requisito por outros meios, há de ser indeferido o pedido inicial. Por fim, deixo de apreciar os demais pressupostos, haja vista o não preenchimento de requisito indispensável à obtenção do benefício, qual seja, a comprovação da qualidade de segurado. 2. Dispositivo. Diante desse cenário, JULGO IMPROCEDENTE o pedido. Defiro o pedido de justiça gratuita formulado na inicial. Fica, ainda, a parte postulante exonerada de qualquer condenação em honorários advocatícios e em custas processuais, por força do delineado nos arts. 1o, da Lei no 10.259/01, e 55, da Lei no 9.099/95. Publique-se, registre-se e intimem-se. Interposto recurso voluntário, movimentem-se os autos para a Turma Recursal. Do contrário, proceda-se ao seu arquivamento com baixa na distribuição. Sobral/CE, data supra. IACI ROLIM DE SOUSA","O processo trata de uma ação para conseguir um benefício chamado pensão por morte, promovida pela ANA BEATRIZ DO NASCIMENTO LIMA, representada por ELIETE CORDEIDO DO NASCIMENTO, contra o INSS. A solicitação é a concessão desse benefício e o pagamento de partes que estão atrasadas.

Analisando o mérito, a pensão por morte é concedida aos dependentes do segurado que morreram, conforme a Lei 8.213/91. Para obter esse benefício, não se exige tempo mínimo de contribuição ou idade mínima, mas sim que a morte tenha ocorrido antes da perda da qualidade de segurado e que os beneficiários estejam no rol dos dependentes.

A qualidade de segurado foi analisada pelo CNIS. O falecido tinha um vínculo de emprego entre 01/08/2013 a 02/01/2014, mas o INSS suspeitou de fraude, pois o cadastramento no CNIS foi feito após o óbito. Além disso, documentos como folhas de pagamento e contracheques foram emitidos após a morte, o que sugere fraudes.

A autora, Eliete Cordeiro do Nascimento, afirmou conviver com o falecido por cerca de 13 anos e que ele trabalhava em um supermercado. No entanto, ela não explicou claramente como e onde ele trabalhava, nem seu salário. A testemunha ouvida também foi incerta sobre as circunstâncias.

Dado o pouco clareza e a falta de comprovação dos vínculos, as contribuições previdenciárias não podem ser consideradas para fins do benefício. Por isso, o pedido inicial é considerado inapto.

Diante disso, JULGO IMPROCEDENTE o pedido. Defiro o pedido de justiça gratuita. A parte autora fica exonerada de honorários advocatícios e custas processuais. Publique-se, registre-se e intimem-se. Se houver recurso voluntário, movimentem-se os autos para a Turma Recursal. Caso contrário, arquive-se com baixa na distribuição.

Sobral/CE, data supra. IACI ROLIM DE SOUSA",27.34,35.36,8.02,0.9142756462097168,318,175,143,
"SENTENÇA RELATÓRIO Trata-se de ação ajuizada em face do Instituto Nacional do Seguro Social/INSS na qual a parte autora almeja a concessão do benefício de salário maternidade na condição de trabalhadora rural (segurada especial). Conciliação frustrada. O INSS contestou alegando que a parte autora não logrou êxito na comprovação da qualidade de segurada especial, na condição de rurícola, em período mínimo exigido pela legislação pertinente, razão pela qual conclui que a pretensão não encontra respaldo legal. É o resumo dos fatos. Passo a decidir. FUNDAMENTAÇÃO Sem preliminares Mérito Entendo merecer acolhida a pretensão exposta na exordial, tendo em vista que o conjunto probatório cumpre os requisitos do art. 25, III, c/c arts. 39, parágrafo único, e 106, parágrafo único, da Lei n.o 8.213/91. Os documentos apresentados pela postulante, especialmente a certidão de casamento, segundo a qual tanto a autora como seu cônjuge são caracterizados como agricultores; o comprovante de inscrição no programa hora de plantar datado de 2010 e os INFBEN’s, os quais comprovam o recebimento de quatro outros benefícios de salário-maternidade (anexos 4 e 5), a meu sentir, são suficientes para servir como início de prova material do efetivo exercício de atividade rural em período mínimo exigido por lei, qual seja, nos dez meses imediatamente anteriores ao início do benefício, ainda que de forma descontínua. Observe-se que a certidão de casamento acostada, na qual consta a condição de rurícola de seu esposo, faz incidir o enunciado n.o 6 da Turma Nacional de Uniformização das Decisões das Turmas Recursais dos Juizados Especiais Federais: “Comprovação de Condição Rurícola. A certidão de casamento ou outro documento idôneo que evidencie a condição de trabalhador rural do cônjuge constitui início razoável de prova material da atividade rurícola.”. Importante salientar que a parte autora afirma em audiência que trabalha na prefeitura como merendeira apenas na parte da noite. Esta informação deve ser ponderada em relação à situação fática do início de prova anexados aos autos, pois a autora já percebeu quatro benefícios como segurada especial, além de demonstrar bastante conheceimento da atividade rural em audiência. Neste sentido, vê-se que o conjunto de provas materiais tem o condão de atestar que a parte autora trabalhou na agricultura nos dez meses imediatamente anteriores ao início do benefício. Assim, tal prazo de carência resta adimplido, pois a atividade agrícola foi devidamente comprovada. Ademais, os testemunhos são harmônicos com o depoimento pessoal da autora e com a narração constante da inicial, fornecendo elementos suficientes para concluir-se que a parte autora efetivamente exerceu atividade rural no período mínimo exigido. DISPOSITIVO À vista do exposto, considerando cumpridos os requisitos do art. 25, III, c/c art. 39, parágrafo único, da Lei n.o 8.213/91, JULGO PROCEDENTE o pedido, para condenar o INSS a pagar o benefício de salário-maternidade em favor da parte autora, na condição de trabalhadora rural, no valor mensal de 1 (um) salário mínimo, por meio de Requisição de Pequeno Valor/RPV, após o trânsito em julgado desta, com juros de 1% (um por cento) a.m. desde a citação até junho/2009 e, a partir de julho/2009, mediante atualização pelos índices oficiais de remuneração básica e juros aplicáveis à caderneta de poupança, consoante o disposto no artigo 1.o-F da Lei n° 9.494/97, com redação dada pela Lei n° 11.960, de 29 de junho de 2009, o que perfaz o montante de R$ 2.400,88 (dois mil, quatrocentos reais e oitenta e oito centavos), valor que deverá ser atualizado na data do efetivo pagamento. Defiro o benefício da justiça gratuita. Sem custas. Sem honorários. Intimem-se as partes. Registre-se. Após o trânsito em julgado, arquivem-se os autos com registro na distribuição. Juazeiro do Norte/CE, 15 de outubro de 2012.  TIAGO JOSÉ BRASILEIRO FRANCO Juiz Federal Substituto da 16.a Vara/CE,","A ação foi contra o INSS, pedindo a concessão do benefício de salário-maternidade como trabalhadora rural. O INSS disse que a parte autora não provou que era segurada especial e que trabalhou na agricultura por pelo menos dez meses antes de começar a solicitar o benefício. Por isso, ele diz que a pretensão não tem base legal.

Entendo que a parte autora merece a concessão do benefício. Os documentos apresentados, como a certidão de casamento (que mostra que o cônjuge é agricultor), o comprovante de inscrição no programa ""hora de plantar"" e os recibos de benefícios anteriores, são suficientes para mostrar que ela trabalhou na agricultura por pelo menos dez meses. Além disso, a certidão de casamento pode ser usada como comprovação da condição rural do cônjuge, o que é aceito pela lei.

A parte autora também disse em audiência que trabalha como merendeira no prefeito, mas isso não contradiz a comprovação das atividades rurais. O conjunto de provas mostra que ela trabalhou na agricultura nos dez meses antes do benefício. Por isso, o prazo mínimo exigido pela lei foi cumprido.

Julgo procedente o pedido e condeno o INSS a pagar o benefício de salário-maternidade na condição de trabalhadora rural, no valor mensal de 1 salário mínimo. O valor será R$ 2.400,88, que deve ser atualizado conforme os índices oficiais. A justiça gratuita é deferida. Não há custas nem honorários.

As partes devem se informar e os autos serão arquivados após o trânsito em julgado. Data: 15 de outubro de 2012. Juiz: Tiago José Brasileiro Franco.",21.99,39.06,17.070000000000004,0.8705607652664185,306,136,170,
"SENTENÇA I - RELATÓRIO Dispensado o relatório, nos termos do artigo 38 da Lei no 9.099/95, aplicada subsidiariamente aos Juizados Especiais Federais, em consonância com o artigo 1o da Lei 10.259/01. II – FUNDAMENTOS Trata-se de ação de rito especial cível proposta em face do Instituto Nacional do Seguro Social – INSS, objetivando a concessão do benefício da pensão por morte em favor de GUSTAVO JOSÉ D'CASTRO, em razão do falecimento de seu genitor Flávio José D' Castro. O ponto controvertido consiste em saber se a parte autora atende aos requisitos para a concessão do benefício de pensão por morte, o qual exige a conjunção dos seguintes requisitos: a) ser o ex-segurado filiado ao Regime Geral de Previdência Social quando do óbito e não haver perdido a qualidade de segurado; b) haver prova do óbito; c) estar evidenciado o vínculo de parentesco da dependência e, no caso de não ser ela presumida, estar efetivamente comprovada. Comprovada a qualidade de segurado do falecido ao tempo do óbito, visto perceber aposentadoria por invalidez (v. anexo 26), tanto assim é que não foi objeto de impugnação pelo INSS no âmbito administrativo ou judicial, cabe indagar se a parte autora apresenta a qualidade de dependente do segurado,visto que o benefício foi indeferido em virtude da falta de qualidade de dependente – invalidez fixada após maioridade (21 anos) (anexo 04). Consta na petição inicial que a ora requerente é filho do falecido, maior de 21 (vinte e um) anos e detentor de patologia que o incapacita para o exercício dos atos da vida civil, de modo que restaria provada a invalidez hábil a assegurar-lhe o benefício. De fato, verifica-se que foi anexada documentação do autor, provando sua filiação (anexo 02). Outrossim, realizada perícia judicial (anexo 30) o expert corroborou que a autora é portadora deesquizofrenia paranóide desde 2001, patologia que a incapacita total e permanentemente para o exercício de toda e qualquer atividade laborativa, necessitando inclusive da ajuda de terceiros para realizar as atividades normais da vida diária (quesitos 03 e 16). Assim, quando do óbito de seu genitor em 12/09/2016, a parte autora já era incapaz, fazendo jus ao direito pleiteado. Por oportuno, ressalta-se que a Autarquia Previdenciária, em sede de contestação, alegou que o filho maior inválido somente faz jus à pensão por morte se a invalidez, além de ser anterior ou simultânea ao óbito do segurado, for anterior ao advento da emancipação ou maioridade civil. Inobstante, não é esse o entendimento da Turma Nacional de Uniformização - TNU, como se depreende do recente julgado transcrito a título de ilustração: PEDIDO DE UNIFORMIZAÇÃO NACIONAL. PREVIDENCIÁRIO. PENSÃO POR MORTE. FILHO MAIOR INVÁLIDO. INCAPACIDADE OCORRIDA APÓS A MAIORIDADE E ANTES DO ÓBITO DOS PAIS. POSSIBILIDADE. PRECEDENTES DA TNU INCIDENTE CONHECIDO E NÃO PROVIDO. 1. Ação proposta em face do INSS com pedido de concessão de benefício de pensão por morte requerida por filho maior e inválido. (...). 6. Superado a fase do conhecimento, passo para a apreciação do mérito do recurso interposto pelo INSS. Em síntese, aduz a autarquia ré que a invalidez da parte autora incidiu após a maioridade, sendo vedada a concessão de benefício a filhos cuja invalidez tenha sido acometida posteriormente à maioridade ou emancipação. Não há discussão nos autos sobre a dependência econômica e nenhuma informação se a parte autora percebe renda própria. 7. Incidente ao qual se nega provimento. 8. A sentença de primeiro grau, ratificada pelo acórdão recorrido, julgou procedente o pedido, sob o fundamento de que a invalidez ocorreu antes do óbito do segurado instituidor. 9. Incidente de Uniformização interposto pelo INSS, no qual defende, em síntese, a impossibilidade do filho inválido, cuja incapacidade ocorreu após sua maioridade, ser beneficiário de benefício de pensão por morte. 10. Com efeito, é assente emnossa jurisprudência que os requisitos necessários à concessão do benefício de pensão por morte devem estar preenchidos na data do óbito, observada a legislação vigente à época. 11. Ademais, o artigo 16, I e o § 4° da Lei n° 8.213/91 não distinguem se a invalidez que enseja referida dependência presumida deve ser ou não precedente à maioridade civil ou emancipação. 12. Esta Turma Nacional já decidiu que a questão em âmbito mais amplo do que se discute nestes autos, sendo que nos julgados anteriores ficou assentado que a dependência econômica do filho maior inválido é presumida e não admite prova em contrário, conforme precedentes desta TNU - PEDILEF 200771950120521, JUÍZA FEDERAL MARIA DIVINA VITÓRIA, PEDILEF 0036299-5320104013300, JUIZ PAULO ARENA.; PEDILEF 201070610015810, RELATOR DO ACÓRDÃO JUIZ FEDERAL PAULO ARENA. 13. Pedido de Uniformização conhecido e desprovido. (pedilef 200933007051760, REL. JUÍZA FED. MARISA CLÁUDIA GONÇALVES CUCIO, dou 18.10.2013). (grifo nosso). No caso dos autos, percebe-se que, inobstante a invalidez tenha ocorrido após a maioridade o autor nunca chegou a ter independência financeira. À luz destas considerações, forçoso concluir que o demandante faz jus ao benefício de pensão por morte, com DIB na data do óbito do segurado (12/09/2016), nos termos do artigo 79 da Lei no. 8.213/91. III – DISPOSITIVO Ante o exposto, julgo PROCEDENTE o pedido, extinguindo o processo com resolução de mérito, nos termos do art. 487, inciso I, do CPC, condenando o INSS a conceder o benefício de pensão por morte em favor da parte autora, a contar de 12/09/2016(data do óbito). Condeno, ainda, o INSS ao pagamento das parcelas atrasadas, atualizadas de acordo com o art. 1o-F da Lei 9.494/97, até decisão pelo STF no RE 870.947/SE, recebido sob o regime de repercussão geral. Intime-se a parte ré para que implante imediatamente o benefício ora concedido, no prazo de 30 (trinta) dias, trazendo aos autos a comprovação do cumprimento do decisum. Fixo, desde já, multa diária de R$ 100,00 (cem reais), que reverterá em favor da parte autora, em caso de descumprimento. Ressalta-se, por medida de cautela, que o pagamento das parcelas vencidas somente será realizado após o trânsito em julgado da sentença. Condeno, ainda, o INSS ao pagamento dos honorários periciais. Defiro os benefícios da justiça gratuita. Sem custas ou honorários, na forma do art. 12, § 1o da Lei 10.259/01. Registre-se a presente sentença. Intimações na forma da Lei 10.259/01. Oportunamente, expeça-se o requisitório. Recife, data supra. IVANA MAFRA MARINHO Juíza Federal da 15a Vara/PE","**Sentença**

I – Relatório  
Não foi elaborado relatório, conforme previsto no artigo 38 da Lei 9.099/95, aplicado também aos Juizados Especiais Federais, de acordo com o artigo 1º da Lei 10.259/01.

II – Fundamentos  
A ação foi proposta contra o INSS, visando a concessão da pensão por morte para Gustavo José D’Castro, por causa do falecimento de seu pai, Flávio José D’Castro. A disputa está em saber se Gustavo atende aos critérios para receber essa pensão. Para isso, são necessários os seguintes requisitos:  
- Ser segurado no Regime Geral de Previdência Social ao tempo do falecimento e não ter perdido a qualidade de segurado;  
- Ter comprovado o óbito;  
- Estar comprovada a relação de parentesco ou dependência, caso não seja presumida.  

Gustavo era filho do falecido, maior de 21 anos e com patologia que o incapacitava para trabalhar. Ele apresentou documentação comprovação da sua filiação (anexo 02) e uma perícia judicial (anexo 30), que mostrou que ele tem esquizofrenia paranóide desde 2001, condição que o impossibilita de realizar atividades normais. Assim, ao tempo do falecimento de seu genitor em 12/09/2016, Gustavo já era inválido e merecia a pensão por morte.

O INSS argumentou que a invalidez de Gustavo só seria considerada se tivesse ocorrido antes da maioridade ou emancipação. No entanto, a Turma Nacional de Uniformização (TNU) decidiu que isso não é verdade. A TNU já decidiu em casos anteriores que a dependência econômica do filho inválido é presumida e não exige comprovação contrária.

III – Dispositivo  
Com base nesses fatos, entendo que Gustavo merece a pensão por morte. Condeno o INSS a concedê-la a partir de 12/09/2016, data do óbito do genitor. Torno condenatório também o pagamento das parcelas em atraso, atualizadas conforme a Lei 9.494/97, até decisão do STF no RE 870.947/SE.

Decido que o INSS paga os honorários periciais e concede benefícios da justiça gratuita. Não há custas ou honorários, conforme previsto na Lei 10.259/01.

Registre-se a sentença. Intime as partes e expeça o requisitório.

Recife, data supra.  
IVANA MAFRA MARINHO – Juíza Federal da 15a Vara/PE",32.94,37.53,4.590000000000003,0.8640689849853516,418,187,231,
"SENTENÇA Dispensado o relatório, nos termos do art. 38 da Lei no. 9.099/95. F U N D A M E N T A Ç Ã O: A comprovação do exercício de atividade rural está prevista no art. 106 da Lei no. 8.213, de 24 de julho de 1991, Lei de Benefícios da Previdência Social – LBPS, que teve sua redação original alterada pela Lei 9.063/95. A meu ver, a redação revogada dispõe de ultratividade em face da aquisição do direito ao benefício no regime legal anterior, caso em que só seria admissível a aplicação da lei nova se importasse em melhoria da situação do segurado. Ressalte-se, ainda, que o novo Regulamento da Previdência Social – RPS, aprovado através do Decreto no. 3.048, de 06 de maio de 1999, em seu art. 62, §§ 3o e 4o, dispõe que poderão ser aceitos outros documentos probantes, além dos enumerados no art. 106 da Lei no. 8.213/91. Resta, por fim, analisar o preenchimento dos requisitos legais estabelecidos para a concessão da aposentadoria rural por idade, cuja disciplina é dada pela Constituição Federal de 1988 e pela Lei no. 8.213/91 (art. 143 ou c/c art. 142). Relativamente ao implemento da idade, observo que os documentos pessoais juntados aos autos e não impugnados pelo INSS, provam que a parte autora preencheu a idade mínima necessária para obtenção do benefício perseguido. Relativamente à condição de trabalhador rural, acostou aos autos cópia da sua certidão de casamento, realizado em 19.10.1963, na qual está consignada a profissão de agricultor, documento aceito pela jurisprudência pátria como início de prova material do exercício de atividade rural. Ocorre, porém, que a conjugação entre o início de prova material apresentado e a prova testemunhal colhida em audiência de instrução e julgamento não firmou, neste Magistrado, a convicção de que o promovente detivesse a qualidade de segurado especial, de forma a ensejar o deferimento do benefício pretendido. As testemunhas ouvidas, que deveriam delimitar o período de atividade exercida, corroborando o início de prova material apresentado, não conseguiram atestar, de maneira convincente, sua condição de trabalhador rural, pois prestaram informações contraditórias às formalizadas pelo autor no seu depoimento pessoal. Senão, vejamos: o promovente diz, em seu depoimento pessoal, que desde muito novo trabalha nas terras de Florêncio Barroso de Albuquerque, de nome Lagedo, sendo ajudado por sua mulher na atividade rural. Todavia, uma testemunha, que diz conhecer o promovente há cerca de trinta anos, por diversas vezes afirmou que o nome da terra onde o promovente trabalha é Rato; a outra testemunha disse que não conhece a mulher do autor e, posteriormente, diz que quem o ajuda nos trabalhos na roça é uma filha. Ressalte-se que nenhuma das testemunhas sabe, sequer, o nome do dono da terra. Ora, uma contradição básica desta fragiliza bastante a prova testemunhal. Como atestar o efetivo exercício de atividade rural quando há um descompasso entre as afirmações dadas por autor e testemunhas e os documentos contidos nos autos? Prejudicada totalmente, portanto, a prova testemunhal. Ademais, os comprovantes do Programa Hora de Plantar, referentes ao ano de 2010, também se afiguram muito frágeis como comprobatórios do efetivo exercício de atividade rural. A emissão dos comprovantes ocorreu em 05.07.2010, data anterior ao requerimento administrativo, porém bem posterior ao implemento da idade mínina (dezembro de 1994). Vejamos entendimento dos Tribunais pátrios a esse respeito (grifos nossos): PREVIDENCIÁRIO. APOSENTADORIA POR IDADE. TRABALHADOR RURAL. REMESSA OFICIAL TIDA POR INTERPOSTA. PROVA DOCUMENTAL PRODUZIDA POSTERIORMENTE AO IMPLEMENTO DA IDADE. IMPRESTABILIDADE PARA COMPROVAR O EXERCÍCIO DO LABOR CAMPESINO ANTERIOR. AUSENCIA DE INÍCIO RAZOÁVEL DE PROVA MATERIAL. COMPROVAÇÃO DO EXERCÍCIO DA ATIVIDADE EXCLUSIVAMENTE PELA PROVA TESTEMUNHAL. IMPOSSIBILIDADE. GRATUIDADE DA JUSTIÇA CONCEDIDA EM 2a INSTÂNCIA. SUSPENSÃO DA EXECUÇÃO. PREVIDENCIÁRIO - APOSENTADORIA RURAL POR IDADE - TEMPO DE SERVIÇO RURAL - INÍCIO DE PROVA MATERIAL APÓS IMPLEMENTO DA IDADE - PEDIDO IMPROCEDENTE. 1. (...). 2. Não se presta à comprovação de tempo de serviço rurícola o início de prova material produzido após o implemento da idade mínima. 3. Apelação e remessa oficial providas.1[4] Assim, analisando detidamente o conjunto probatório contido nos autos, entendo que a parte autora não logrou comprovar o efetivo exercício de atividade rural, pelo menos no período equivalente à carência do benefício, afigurando-se impraticável o reconhecimento da condição de segurada especial. Destarte, desatendidos os requisitos legais para a concessão do benefício, in casu, a qualidade de segurado especial, impõe-se a improcedência do pedido inicial. D E C I S U M: ISTO POSTO, e o mais que dos autos consta,JULGO IMPROCEDENTE o pedido formulado na exordial. Sem custas, sem honorários (art. 55, da Lei no. 9.099/95). Trânsita em julgado esta decisão, arquivem-se, com baixa na Distribuição. Publique-se. Registre-se. Intimem-se. Fortaleza (CE), 29 de junho de 2011.","**Sentença:** Dispensado o relatório, conforme previsto no art. 38 da Lei 9.099/95.

**Fundamento:** A comprovação do exercício rural está prevista no art. 106 da Lei 8.213/91, que foi alterada pela Lei 9.063/95. A versão antiga não é válida se o benefício foi obtido antes de 1995. O novo Regulamento da Previdência Social (Decreto 3.048/99) permite outros documentos para comprovação. Para a aposentadoria rural por idade, são necessários documentos que comprovem a idade e o exercício rural.

O autor apresentou documentos que mostram que ele atingiu a idade mínima. Porém, os testemunhos não confirmaram consistentemente que ele trabalhava na terra, pois as afirmações contradiziam entre si. Além disso, os comprovantes do Programa Hora de Plantar, embora produzidos após a idade mínima, também não foram suficientes para comprovar o exercício rural.

Os tribunais já decidiram que documentos produzidos após a idade mínima não são válidos para comprovar o exercício rural anterior. Assim, os documentos apresentados não comprovam o efetivo trabalho rural no período necessário para o benefício.

**Decisão:** O pedido é improcedente. Não há comprovação suficiente do exercício rural. A aposentadoria não pode ser concedida. Decisão sem custas e honorários. Trânsita em julgado, arquivada, publicada e registrada. Data: 29 de junho de 2011.",29.49,33.18,3.6900000000000013,0.9028816223144531,348,111,237,
"Processo no 0501108-91.2013.4.05.8303 SENTENÇA Dispensado o relatório nos termos do art. 38, parágrafo único, da Lei no 9.099/95, aplicável subsidiariamente aos Juizados Especiais Federais (art. 1o da Lei 10.259/01). FUNDAMENTAÇÃO A prova documental e pericial juntada aos autos mostra-se suficiente para se proferir julgamento, tornando desnecessária a realização de audiência, com arrimo no art. 33, 'in fine', da Lei no. 9.099/95. Busca a parte autora o restabelecimento do benefício assistencial previsto no artigo 203, V, da Constituição Federal, regulamentado pela Lei n.o 8.742/93 (em seu art. 20, §§ 2.o e 3.o), atualmente com a redação conferida pela Lei 12.435/2011, que define como portador de deficiência, para fins da concessão do benefício, aquela que tem impedimentos de longo prazo de natureza física, intelectual ou sensorial, os quais, em interação com diversas barreiras, podem obstruir sua participação plena e efetiva na sociedade com as demais pessoas, que não tenha meios de prover a própria subsistência nem tê-la provido pela sua família. Feitas essas considerações, resta saber se a parte autora preenche os requisitos primordiais ao pleito, quais sejam, ser portador de deficiência e incapaz de manter a sua subsistência ou de tê-la mantida pela família. No caso trazido a lume, passo, inicialmente, a examinar a incapacidade laborativa. Foram realizadas duas perícias médicas por médicos de diferentes especialidades. Na primeira perícia (doc. 12), constatou-se que a parte autora é portadora de cirrose hepática alcoólica (K70.3), enquanto na segunda (doc. 24) foi observado que o periciando possui osteoporose (CID M81.5).Em ambas os experts do juízo afirmaram que o autor, no momento, não apresenta qualquer incapacidade laborativa. O primeiro exame pericial, inclusive, concluiu que, de fato o periciando esteve incapaz, porém apenas no período compreendido entre 21/12/2010, data em que a parte necessitou ser internada para tratamento, e 13/02/2011, momento em que recebeu alta (doc. 12, resposta aos quesitos n. 5 e 6). Segundo os especialistas, ambas as enfermidades da parte autora são passíveis de controle e reversíveis mediante tratamentos específicos, os quais encontram-se disponíveis no sistema público de saúde (doc. 12, item 6 edoc. 24, itens II.5 e II.9). Resta, assim, portanto, ausente o requisito dadeficiência, autorizador da concessão do benefício ""LOAS-deficiente"" ao autor, na medida em que não caracterizado impedimento de longo prazo que possa obstruir a sua participação plena em sociedade. Assim, não há como prosperar a pretensão autoral, sendo o indeferimento do pleito medida que se impõe. Deixo de apreciar o requisito econômico, porquanto se revela necessário o preenchimento concomitante dos requisitos para o deferimento do pleito. Ademais, segundo as conclusões periciais, o demandante pode exercer tanto sua atividade de subsistência, como ainda desempenhar qualquer outra profissão que possa aprender (item IV.11).  Em assim sendo, não há de se falar em incapacidade nem mesmo quanto à manutenção pelo autor de sua subsistência, na medida em que se encontra apto para exercer suas atividades laborais.  DISPOSITIVO  Diante do exposto, julgo improcedente o pedido, extinguindo o processo com resolução de mérito, nos termos do art. 269, I do CPC.  Defiro o benefício da assistência judiciária gratuita.  Sem custas e honorários advocatícios (art. 55 da Lei n.o 9.099/95).  Registre-se. Intimem-se conforme as disposições da Lei n. 10.259/200. Transitado em julgado sem reforma, arquivem-se os autos com baixa no sistema informatizado. Salgueiro, data da movimentação. PAULO ROBERTO PARCA DE PINHO Juiz Federal da 20a Vara /PE","Processo n.º 0501108-91.2013.4.05.8303. Sentença: dispensado o relatório, conforme previsto na Lei 9.099/95. A prova apresentada é suficiente para decidir o caso, sem necessidade de audiência. A parte autora pede o benefício assistencial, que se aplica a quem tem deficiência e não consegue manter a subsistência. Foram feitas duas perícias: uma constatou cirrose hepática, outra osteoporose. Os médicos disseram que o autor não está incapacitado para trabalhar. As doenças podem ser controladas com tratamentos disponíveis no sistema público. Por isso, não há deficiência com impacto duradouro. A parte autora não tem direito ao benefício. Não há necessidade de custas ou advogados. O processo é extinto. Julgo o pedido infundado. Registre-se e arquive-se. Salgueiro, data. Juiz Federal.",30.31,38.01,7.699999999999999,0.8374476432800293,293,85,208,
"SENTENÇA I. RELATÓRIO. Dispensado o relatório, nos termos do art. 38 da Lei n° 9.099/95, aplicado ao caso por força do art. 1° da Lei n° 10.259/2001. Decido. II. FUNDAMENTAÇÃO Analisando o presente processo, observa-se que os requisitos da petição inicial constantes nos arts. 319 e 320 do Código de Processo Civil (Lei no 13.105/2015) não foram integralmente cumpridos pela parte demandante, embora tenha sido devidamente intimada para emendar a petição inicial, nos termos do art. 321, caput, do Código de Processo Civil. Na espécie, a parte demandante foi intimada em audiência para delimitar o objeto da demanda, mediante a especificação do período de labor rurícola, na qualidade de segurado especial, que pretendia ver reconhecido para o fim de concessão do benefício de auxílio-reclusão requestado, bem como especificar qual reclusão (com a especificação da data) ensejou o requerimento do benefício objeto da lide e apresentar cópia atualizada da certidão carcerária do recluso, com informações específicas sobre os períodos de reclusão e de soltura e o respectivo regime de cumprimento de pena. Contudo, os requerentes permaneceram silentes. Assim, considerando que a parte autora não cumpriu a determinação judicial proferida em audiência, não dando, dessa forma, regular prosseguimento ao feito, impõe-se a extinção do processo, sem resolução do mérito, nos termos do art. 321, parágrafo único, c/c o art. 485, inc. I, do Código de Processo Civil. Ressalte-se, por oportuno, que o parágrafo primeiro do art. 51 da Lei no. 9.099/95, aplicável à Lei no. 10.259/2001, estabelece que a extinção do processo, em qualquer hipótese, não está condicionada à prévia intimação pessoal das partes. III. DISPOSITIVO Do exposto e de tudo o mais que dos autos consta, EXTINGO O PROCESSO SEM RESOLUÇÃO DE MÉRITO, nos termos do art. 321, parágrafo único, c/c o art. 485, inciso I, ambos do Código de Processo Civil de 2015, observado o disposto no § 1o do art. 51 da Lei o 9.099/95. Sem custas e honorários advocatícios por força do disposto no art. 1o da Lei no 10.259/01, c/c os arts. 54 e 55 da Lei no 9.099/95. Publique-se, registre-se e intimem-se. Ciência ao MPF. Após, certifique-se o trânsito em julgado e remetam-se os autos para o arquivo com baixa na Distribuição, observadas as disposições do art. 5o da Lei no 10.259/2001. Sobral, data supra. IACI ROLIM DE SOUSA Juíza Federal da 31a Vara/SJCE CERTIDÃO DE TRÂNSITO EM JULGADO Certifico que a sentença acima proferida transitou em julgado na data da sua prolação, conforme inteligência do artigo 5.o da Lei n. 10.259/01. Dou fé. Sobral, data supra.","I. RELATÓRIO  
O relatório não foi apresentado, conforme previsto no artigo 38 da Lei 9.099/95, aplicável ao caso por força do artigo 1º da Lei 10.259/2001. Decido.  

II. FUNDAMENTAÇÃO  
A parte que busca o benefício não apresentou todos os documentos necessários, embora tenha sido notificada para corrigir a petição inicial, conforme previsto no artigo 321 do Código de Processo Civil. A parte foi intimada para esclarecer o objeto da demanda, especificando o período de trabalho rural, a qualificação como segurado especial e a reclusão que originou o pedido. No entanto, a parte não respondeu. Por isso, o processo é extinto sem decisão sobre o mérito, conforme previsto nos arts. 321 e 485 do Código de Processo Civil.  

III. DISPOSITIVO  
De acordo com o exposto, o processo é extinto sem resolução do mérito, conforme os arts. 321 e 485 do Código de Processo Civil. Não há cobrança de custas ou honorários advocatícios, por força dos arts. 1º, 54 e 55 da Lei 10.259/2001. O processo é publicado, registrado e notificado. É certificado como transitado em julgado e remetido para o arquivo.  

Sobral, data supra.  
IACI ROLIM DE SOUSA  
Juíza Federal da 31ª Vara/SJCE  

Certifico que a sentença acima proferida transitou em julgados na data da sua prolação, conforme previsto no artigo 5º da Lei 10.259/01.  

Sobral, data supra.",55.22,57.16,1.9399999999999977,0.8939839601516724,193,110,83,
"SENTENÇA Vistos, etc. O caso é de ação especial cível movida por aposentado(a) do Regime Geral de Previdência Social contra o INSS, visando à revisão da sua aposentadoria por tempo de serviço. Alegou que sempre contribuiu sobre o teto de vinte salários mínimos, mas sua aposentadoria vem sendo paga em valor bastante inferior. Conciliação frustrada. O INSS apresentou contestação. Os autos foram remetidos para a Contadoria, que atestou que o percentual de 70% aplicado sobre o salário-de-benefício é incorreto, vez que o autor contava com mais de 35 anos de serviço. Disse, ainda, que o salário-de-benefício foi limitado a 7,47 salários mínimos, apesar do autor ter sempre contribuído sobre 20 salários mínimos (anexo 18). É o breve relato dos fatos. Segue fundamentação e decisão. Observo que o autor se aposentou em 10/90, contando com 40 anos de serviço. Nessa época, a contribuição previdenciária e o valor do benefício eram limitados a dez salários mínimos, por força da Lei no 7.787/89, que reduziu o teto previdenciário de vinte salários para dez salários mínimos, e pela Lei 8.213/91. Ocorre, entretanto que o segurado completou 35 anos de serviço antes da Lei n. 7.787/89, na época em que o teto de contribuição e de benefício era equivalente a 20 (vinte) salários mínimos. Esse teto foi mantido até maio de 1989, já que em junho desse ano foi editada a Lei 7.787/89 acima referida. O caso é, pois, de direito adquirido à fórmula de cálculo da aposentadoria conforme a lei mais benéfica ao segurado. Como o segurado tinha direito à aposentadoria em época anterior ao requerimento do benefício, deveria o INSS ter observado, sob pena de afronta ao direito adquirido do segurado, a forma de cálculo do benefício previdenciário da época do atendimento dos requisitos legais para a concessão. É que, se o segurado tem direito adquirido ao benefício previdenciário, tem, como conseqüência lógica, o mesmo direito quanto ao modo de cálculo da renda mensal inicial da prestação. O fato de ter requerido a aposentadoria após a época que reuniu os requisitos legais exigidos não pode lhe causar prejuízo, sob pena de malferimento do direito adquirido ao benefício previdenciário. Sobre o tema, vale citar a jurisprudência da Suprema Corte, e do Superior Tribunal de Justiça, no sentido da garantia da aplicabilidade da lei da época da reunião dos requisitos, conforme transcrição a seguir: EMENTA: Aposentadoria: proventos: direito adquirido aos proventos conformes à lei regente ao tempo da reunião dos requisitos da inatividade, ainda quando só requerida após a lei menosfavorável (Súmula 359, revista): aplicabilidade a fortiori, à aposentadoria previdenciária. (RE 243.415-9, 1a Turma, Min. Sepúlveda Pertence, DJU 11/02/2000) Ementa PREVIDENCIÁRIO. APOSENTADORIA POR TEMPO DE SERVIÇO. RENDA MENSAL INICIAL. TETO DOS SALÁRIOS-DE-CONTRIBUIÇÃO A CONSIDERAR. DIREITO ADQUIRIDO. I - Tem direito adquirido à aposentação na vigência da Lei 8.213/91, sem redução do teto dos salários-de-contribuição de 20 (vinte) para 10 (dez) salários mínimos, da Lei 7.787/89, o segurado-empregado que, no advento desta lei, já havia implementado todos os requisitos para obtenção do benefício, e continuou contribuindo sobre remuneração acima de 10 (dez) salários mínimos. II - Recurso improvido. (STJ, RECURSO ESPECIAL 352.428/RN, 5a Turma, DJ DATA:03/06/2002, GILSON DIPP) Deve, assim, o INSS revisar o cálculo da aposentadoria, considerando como data de início de benefício (DIB), o mês de maio de 1989, mês anterior à limitação do teto de dez salários mínimos. Serão considerados no cálculo, na forma da lei da época, os salários-de-contribuição anteriores, até trinta e seis contribuições, todas corrigidas monetariamente, na forma do art. 144 da Lei 8.213/91. A nova RMI é aquela calculada pela Contadoria, com os ajustes acima definidos (DIB = 01/05/89). Os atrasados serão calculados após o trânsito em julgado. Dispositivo Isto posto, extingo o processo, com julgamento de mérito, para julgar procedente o pedido, condenando o INSS a revisar o benefício, na forma acima descrita, com o pagamento dos atrasados, respeitada a prescrição qüinqüenal, com juros legais e correção monetária, limitada a execução, no que se refere às parcelas vencidas até o ajuizamento da ação, a sessenta salários mínimos em valores da data da expedição da RPV. As parcelas vencidas após o ajuizamento da ação não estão abrangidas pela renúncia tácita. Sem custas e honorários advocatícios, em face do disposto no art. 55 da Lei n. 9.099/95. Intimem-se conforme as disposições da Lei n. 10.259/2001. Recife, 26 de junho de 2006. Tarcísio Barros Borges","O caso é sobre uma aposentadoria por tempo de serviço. O homem aposentado alega que sempre contribuiu com o teto de 20 salários mínimos, mas sua aposentadoria é paga em valor muito menor. O INSS contestou e os autos foram remetidos para a Contadoria, que descobriu que o cálculo foi errado. O homem tinha mais de 35 anos de serviço, mas a aposentadoria era calculada com base em um teto de 7,47 salários mínimos, mesmo que ele sempre contribuiu com 20.

O homem se aposentou em 1990 com 40 anos de serviço. Na época, o teto era de 10 salários mínimos, mas ele tinha direito à aposentadoria antes da lei que reduziu o teto. Por isso, o INSS deveria usar a lei da época para calcular sua aposentadoria.

A Suprema Corte e o Superior Tribunal de Justiça dizem que o direito adquirido deve ser respeitado. O INSS precisa revisar o cálculo da aposentadoria com base na lei de 1989, considerando o teto de 20 salários mínimos até maio de 1989.

O processo é encerrado com a decisão de que o INSS deve revisar a aposentadoria e pagar os valores atrasados, respeitando as regras legais. Não há custas nem honorários advocatícios.",31.24,47.62,16.38,0.9013574123382568,294,93,201,
"SENTENÇA I – Relatório. Por força do disposto no caput, do art. 38, da Lei no 9.099/95, combinado com o art. 1o da Lei no 10.259/2001, dispenso a feitura do relatório, passo a decidir. II – Fundamentação. Cuida-se de ação especial, em que a parte autora objetiva provimento jurisdicional que condene o INSS a conceder o benefício de pensão por morte, indeferido administrativamente por falta da qualidade de dependente. A pensão por morte é o benefício a que fazem jus os dependentes do segurado que vier a falecer, a teor do disposto na letra “a”, no inciso II, do art. 18 da Lei no 8.213/91. Para a concessão desse benefício não se exige tempo mínimo de contribuição, tampouco o preenchimento de idade mínima. Faz-se necessário, para tanto, que o evento morte tenha ocorrido antes da perda da qualidade de segurado, salvo se o falecido houvesse implementado os requisitos para obtenção de aposentadoria, ou se por meio de parecer médico-pericial ficasse reconhecida a existência de incapacidade permanente do falecido dentro do “período de graça”. Da qualidade de segurado (a). Quanto ao requisito da qualidade de segurado do instituidor em data imediatamente anterior ao seu desaparecimento, encontra-se comprovado pelas contribuições vertidas ao sistema securitário no período de 01/2008 a 11/2008 e 06/2009, 07/2009, 08/2009, conforme informações extraídas do CNIS (anexo 11). Da qualidade de dependente. No que concerne à especificação de dependentes, o art. 16, caput, inciso I, da Lei no 8.213/91 enuncia que se constituem como dependentes do segurado as seguintes pessoas: o cônjuge, a companheira, o companheiro e o filho não emancipado, de qualquer condição, menor de 21 (vinte e um) anos ou inválido. Nesse tocante, o § 4o do mesmo artigo reza que: a dependência econômica das pessoas indicadas no inciso I é presumida e a das demais deve ser comprovada. No tocante à qualidade de dependente da requerente, foi juntada aos autos a certidão de nascimento (anexo 03), que demonstra a filiação da menor em relação ao instituidor. Da morte presumida A presente demanda versa sobre o reconhecimento da morte presumida do segurado-instituidor, com vistas à percepção de benefício previdenciário, nos termos do art. 78 da Lei no 8.213/91: Art. 78. Por morte presumida do segurado, declarada pela autoridade judicial competente, depois de 6 (seis) meses de ausência, será concedida pensão provisória, na forma desta Subseção. § 1o Mediante prova do desaparecimento do segurado em conseqüência de acidente, desastre ou catástrofe, seus dependentes farão jus à pensão provisória independentemente da declaração e do prazo deste artigo. § 2o Verificado o reaparecimento do segurado, o pagamento da pensão cessará imediatamente, desobrigados os dependentes da reposição dos valores recebidos, salvo má-fé. Importante destacar que se trata de mera declaração de ausência para fins previdenciários, não se confundindo com a declaração de ausência de que trata o art. 1.161 do CPC, a dispensar, portanto, a eventual necessidade de proteção dos bens do segurado ou de qualquer outro interessado, mediante a publicação de editais para suas respectivas citação ou intimação. É cediço que a prova do óbito se faz, normalmente, por meio de apresentação da certidão de óbito. No entanto, a legislação previdenciária permite ser possível reconhecer a morte presumida por ausência. Assim, é possível a concessão de pensão por morte a dependente de segurado que se encontre nessa situação. Nesse caso, a pensão terá caráter provisório, pois cessará em caso de reaparecimento, gerando a obrigação de restituição dos valores recebidos em caso de má-fé dos dependentes"". Nessa trilha, cito os seguintes precedentes: DECLARAÇÃO DE AUSÊNCIA PARA FINS PREVIDENCIÁRIOS. MORTE PRESUMIDA. SEGURADO DESAPARECIDO. PROCEDÊNCIA MANTIDA. PRESCRIÇÃO. NÃO CONHECIMENTO. - Inicialmente, não se conhece da apelação do INSS no que tange ao pedido de reconhecimento da prescrição por falta de interesse, uma vez que não há postulação de concessão de benefício previdenciário. - Cônjuge da autora deixou a residência em 25/07/2006, não mais retornando. Todas as diligências realizadas no sentido de localizá-lo resultaram infrutíferas. - A declaração de ausência para fins exclusivamente previdenciários não se confunde com a declaração de ausência prevista na legislação civil, havendo regramento específico no ordenamento jurídico previdenciário (art. 78 da lei n. 8.213/91). - Eventual concessão de pensão decorrente da morte presumida do segurado terá caráter provisório, cessando em caso de reaparecimento, gerando a obrigação de restituição dos valores recebidos em caso de má-fé dos dependentes. - Apelação do INSS parcialmente conhecida e, na parte conhecida, desprovida. (TRF-3 - AC: 00037165120114036104 SP, Relator: DESEMBARGADORA FEDERAL ANA PEZARINI, Data de Julgamento: 13/02/2017, NONA TURMA, Data de Publicação: e-DJF3 Judicial 1 DATA:01/03/2017) PREVIDENCIÁRIO. PENSÃO POR MORTE PROVISÓRIA. DESAPARECIMENTO DE SEGURADO. COMPROVAÇÃO POR INÍCIO DE PROVA MATERIAL, CORROBORADA POR PROVA TESTEMUNHAL. REDUÇÃO DO PERCENTUAL DOS JUROS MORATÓRIOS E DOS HONORÁRIOS ADVOCATÍCIOS. SENTENÇA PARCIALMENTE MANTIDA. 1- A autora pleiteia a concessão de pensão por morte provisória, em razão do desaparecimento do seu esposo, ocorrido em 4/2/1998. O segurado era pescador e contava com 78 anos de idade, à época.(setenta e oito). 2- ""O reconhecimento da morte presumida do segurado, com vistas à percepção de benefício previdenciário (art. 78 da Lei no 8.213/91), não se confunde com a declaração de ausência prevista nos Códigos Civil e de Processo Civil, razão pela qual compete à Justiça Federal processar e julgar a ação"" (REsp 256547/SP, Rel. Min. Fernando Gonçalves, Sexta Turma, julgado em 22/08/2000, DJ 11/09/2000, p. 303) 3- Vários são os fatores que denotam a ausência do segurado, quais sejam: a declaração da Colônia Z-8 de Pesca e Aquicultura de Fortaleza, afirmando que o Sr. Leandro deixou de contribuir com suas mensalidades por mais de 6 (seis) anos; a suspensão do benefício pelo próprio INSS desde julho de 2002, em razão do não comparecimento do beneficiário à agência bancária; o registro de desaparecimento, efetivado na Delegacia do 15o Distrito Policial em 8/7/1998 e, por fim, o decurso do prazo de quase 6 (seis) anos entre o sumiço e o ajuizamento desta ação. 4- Quanto aos saques realizados até o ano de 2002, foram feitos pela filha da demandante em razão do furto dos documentos do Sr. Leandro, conforme depôs a parte autora em audiência. 5- Indício de prova material que, somada à prova testemunhal idônea, apontam para o desaparecimento do segurado. É certo que não existe certeza absoluta da morte do Sr. Leandro, mas, há um profundo interesse da parte apelada em reconhecer a sua ocorrência, em face da sua dependência presumida para com o ""falecido"". 6- Constatada a presença dos requisitos necessários, resta deferida a pensão por morte provisória, mantendo-se intocado o mérito da sentença, pelos seus próprios fundamentos. 7- Juros de mora a serem aplicados para o pagamento das parcelas não atingidas pela prescrição quinquenal anteriores ao ajuizamento da ação, reduzidos para o percentual de seis por cento ao ano, previsto no art. 1o - F, da Lei no 9.494/97, declarado constitucional pelo Supremo Tribunal Federal. Relator vencido nesse ponto. 8- Honorários advocatícios reduzidos para o percentual de 5% (cinco por cento) sobre o valor da condenação, nos termos do art. 20, parágrafo 4o do CPC, observada a Súmula no 111 do STJ. Relator vencido nesse ponto. 9- Improvimento à apelação e à remessa oficial. (TRF-5 - APELREEX 4718 CE 0002551-14.2006.4.05.8100, Relator: Desembargador Federal Francisco Cavalcanti, Data de Julgamento: 08/04/2010, PRIMEIRA TURMA, Data de Publicação: DJe, 30/04/2010, Pág. 201 ) No caso em tela, o início de prova material, consubstanciada no Boletim de Ocorrência Policial, CNIS do instituidor, resenha processual do divórcio acompanhada da assentada e sentença prolatada em 23/02/2012 (anexos 10, 11 e 16), associados aos depoimentos pessoal e testemunhal, permitem declarar, para fins previdenciários, que o segurado EVERALDO DOS SANTOS encontra-se em estado de morte presumida a partir de 08/2009, data da última contribuição previdenciária. Assim, dado que os demais requisitos restaram preenchidos e não foram impugnados pela autarquia no recurso, é cabível a concessão da pensão por morte provisória, nos termos do art. 78 da Lei 8.213/91. Dos valores atrasados. Os efeitos financeiros da pensão por morte serão devidos para a demandante a partir do desaparecimento (31/08/2009), uma vez que para beneficiário menor absolutamente incapaz, como na hipótese dos autos, o lapso temporal fixado no Art. 74, inciso I, da Lei 8.213/91 para requerer as parcelas pretéritas de pensão por morte a partir do óbito do instituidor inicia-se, pois, aos dezesseis anos. Dado o caráter alimentar do benefício requerido e, em razão do estado em que o processo se encontra, por haver mais do que suficiência da prova para o surgimento da verossimilhança da alegação, sendo ela apta para a declaração da existência do próprio direito, concedo a tutela provisória pretendida, autorizado pelo art. 4o da Lei no 10.259/2001, em razão de estarem presentes os requisitos impostos pelo art. 300, do CPC 2015, e como um meio de dar efetividade ao processo. III – Dispositivo. Em face do exposto, JULGO PROCEDENTE o pedido, para condenar o Instituto Nacional do Seguro Social – INSS a: a) conceder o benefício de pensão por morte à autora, com DIB em 31/08/2009,devendo ser implantado a partir de 01/09/2019 (DIP), no prazo de 10 (dez) dias, contados da intimação deste decisum, sob pena de multa diária de R$ 200,00 (duzentos reais) em caso de descumprimento, dada a antecipação da tutela ora concedida; b) pagar as parcelas em atraso com juros e correção monetária calculados conforme as diretrizes definidas pelo Superior Tribunal de Justiça no REsp 1495144 RS. Em razão do Ato no. 252/2018 da Presidência do Tribunal Regional Federal da 5a Região (TRF 5), esclareço à parte autora que, no momento da elaboração dos ofícios requisitórios (RPV/PRC), o titular do crédito deverá ter o CPF/CNPJ regular na Receita Federal do Brasil ou registrado no Sistema Nacional de Óbitos.A não observância dessa exigência, bem como a divergência de nomes na base da Receita Federal do Brasil implicarão na rejeição pelo sistema de processamento e pagamento dos ofícios requisitórios, em cumprimento à determinação contida no Acórdão 2732/2017 do Tribunal de Contas da União. Além da regra acima,determino que a autarquia previdenciária acoste aos autos, o histórico de créditos de todos os benefícios, anteriormente, concedidos à parte autora. Defiro o pedido de justiça gratuita formulado na inicial. Processo não sujeito a custas ou honorários advocatícios, no primeiro grau, por força do disposto no art. 1o da Lei 10.259/01, c/c os arts. 54 e 55 da Lei 9.099/95. Publique-se, registre-se e intimem-se. Interposto recurso voluntário, movimentem-se os autos para a Turma Recursal. Do contrário, proceda-se ao seu arquivamento. Propriá/SE, data supra.  RESUMO BENEFÍCIO DEFERIDO BENEFÍCIO/ESPÉCIE PENSÃO PORMORTE BENEFICIÁRIO ADRIA LUIZACAMPOS SANTOS CPF DOBENEFICIÁRIO 067.035.015-05 RMI ------------ DIB 31/08/2009","**Sentença Simplificada:**

I – Relatório. Por força da lei, dispenso o relatório e decido.  
II – Fundamentação. Trata-se de ação para que o INSS conceda pensão por morte a uma pessoa que perdeu o marido, que não retornou após desaparecer em 1998. A pensão por morte é para dependentes do segurado, se ele morrer. Para receber essa pensão, não é preciso ter contribuído por tempo mínimo ou idade mínima. O importante é que a morte ocorra antes da perda de status de segurado, exceto se o falecido tivesse direito à aposentadoria ou tivesse incapacidade permanente.  

A qualidade do segurado está comprovada pelas contribuições feitas no sistema previdenciário entre 2008 e 2009. A qualidade de dependente é comprovada pela certidão de nascimento, mostrando a relação familiar.  

A morte presumida ocorre quando o segurado desaparece por mais de 6 meses, e a pensão por morte pode ser concedida provisoriamente, até que ele reaparesça. Se ele reaparecer, a pensão para concluir.  

O desaparecimento do marido foi comprovado por documentos policiais, suspensão do benefício pelo INSS, e ausência de retorno há mais de 6 anos. A prova material e depoimentos testemunhais confirmam o desaparecimento.  

Com todos os requisitos verificados, a pensão por morte é deferida. O pagamento começa a partir de agosto de 2009, com juros calculados conforme as regras do STJ.  

III – Dispositivo. Decido que o INSS conceda a pensão por morte à autora, começando em setembro de 2019. O pagamento das parcelas em atraso será feito com juros e correção monetária conforme as regras do STJ.  

A autora não paga honorários advocatícios nem custas no primeiro grau. Publique-se, registe-se e intime-se. Se houver recurso, movimente os autos para a Turma Recursal.",32.38,34.74,2.3599999999999994,0.8551523089408875,635,153,482,
"PROCESSO No 0502800-43.2018.4.05.8307T SENTENÇA I – RELATÓRIO Dispensado o relatório, nos termos do art. 38 da Lei 9.099/95, aplicada subsidiariamente aos Juizados Especiais Federais, de acordo com o art. 1o da Lei 10.259/01. II – FUNDAMENTOS Trata-se de ação ajuizada em face do INSS, colimando os autores o recebimento das parcelas devidas do benefício de pensão por morte desde o óbito da segurada. A pensão por morte encontra-se prevista na Lei 8.213/81, nos seguintes termos: Art. 74. A pensão por morte será devida ao conjunto dos dependentes do segurado que falecer, aposentado ou não, a contar da data: (Redação dada pela Lei no 9.528, de 1997) I - do óbito, quando requerida até noventa dias depois deste; (Redação pela Lei no 13.183, de 2015) II - do requerimento, quando requerida após o prazo previsto no inciso anterior; (Incluído pela Lei no 9.528, de 1997) III - da decisão judicial, no caso de morte presumida. (Incluído pela Lei no 9.528, de 1997) Ao tratar dos dependentes, a Lei 8.213/91 dispõe: Art. 16. São beneficiários do Regime Geral de Previdência Social, na condição de dependentes do segurado: I - o cônjuge, a companheira, o companheiro e o filho não emancipado, de qualquer condição, menor de 21 (vinte e um) anos ou inválido ou que tenha deficiência intelectual ou mental ou deficiência grave; (Redação dada pela Lei no 13.146, de 2015) II - os pais; III - o irmão não emancipado, de qualquer condição, menor de 21 (vinte e um) anos ou inválido ou que tenha deficiência intelectual ou mental ou deficiência grave; (Redação dada pela Lei no 13.146, de 2015) (...) § 4o A dependência econômica das pessoas indicadas no inciso I é presumida e a das demais deve ser comprovada. O art. 77 da Lei no 8.213/91 prevê os casos em que a percepção da cota individual cessará, senão vejamos: Art. 77. A pensão por morte, havendo mais de um pensionista, será rateada entre todos em parte iguais. (Redação dada pela Lei no 9.032, de 1995) § 1o Reverterá em favor dos demais a parte daquele cujo direito à pensão cessar. (Redação dada pela Lei no 9.032, de 1995) § 2o A parte individual da pensão extingue-se: (Redação dada pela Lei no 9.032, de 1995) § 2oO direito à percepção de cada cota individual cessará: (Redação dada pela Lei no 13.135, de 2015) I - pela morte do pensionista; II - para o filho, a pessoa a ele equiparada ou o irmão, de ambos os sexos, ao completar vinte e um anos de idade, salvo se for inválido ou tiver deficiência intelectual ou mental ou deficiência grave; III - para filho ou irmão inválido, pela cessação da invalidez; (Redação dada pela Lei no 13.135, de 2015) IV -pelo decurso do prazo de recebimento de pensão pelo cônjuge, companheiro ou companheira, nos termos do § 5o. (Incluído pela Medida Provisória no 664, de 2014) V - para cônjuge ou companheiro: (Incluído pela Lei no 13.135, de 2015) a) se inválido ou com deficiência, pela cessação da invalidez ou pelo afastamento da deficiência, respeitados os períodos mínimos decorrentes da aplicação das alíneas “b” e “c”; (Incluído pela Lei no 13.135, de 2015) b) em 4 (quatro) meses, se o óbito ocorrer sem que o segurado tenha vertido 18 (dezoito) contribuições mensais ou se o casamento ou a união estável tiverem sido iniciados em menos de 2 (dois) anos antes do óbito do segurado; (Incluído pela Lei no 13.135, de 2015) c) transcorridos os seguintes períodos, estabelecidos de acordo com a idade do beneficiário na data de óbito do segurado, se o óbito ocorrer depois de vertidas 18 (dezoito) contribuições mensais e pelo menos 2 (dois) anos após o início do casamento ou da união estável: (Incluído pela Lei no 13.135, de 2015) 1) 3 (três) anos, com menos de 21 (vinte e um) anos de idade; (Incluído pela Lei no 13.135, de 2015) 2) 6 (seis) anos, entre 21 (vinte e um) e 26 (vinte e seis) anos de idade; (Incluído pela Lei no 13.135, de 2015) 3) 10 (dez) anos, entre 27 (vinte e sete) e 29 (vinte e nove) anos de idade; (Incluído pela Lei no 13.135, de 2015) 4) 15 (quinze) anos, entre 30 (trinta) e 40 (quarenta) anos de idade; (Incluído pela Lei no 13.135, de 2015) 5) 20 (vinte) anos, entre 41 (quarenta e um) e 43 (quarenta e três) anos de idade; (Incluído pela Lei no 13.135, de 2015) 6) vitalícia, com 44 (quarenta e quatro) ou mais anos de idade. E ao fixar prazos para a manutenção da qualidade de segurado, a Lei 8.213/91 determina: Art. 15. Mantém a qualidade de segurado, independentemente de contribuições: I - sem limite de prazo, quem está em gozo de benefício; II - até 12 (doze) meses após a cessação das contribuições, o segurado que deixar de exercer atividade remunerada abrangida pela Previdência Social ou estiver suspenso oulicenciado sem remuneração; (...) § 2o Os prazos do inciso II ou do § 1o serão acrescidos de 12 (doze) meses para o segurado desempregado, desde que comprovada essa situação pelo registro no órgão próprio do Ministério do Trabalho e da Previdência Social. § 3o Durante os prazos deste artigo, o segurado conserva todos os seus direitos perante a Previdência Social. Dito isso, passo à análise do caso concreto. A qualidade de segurada, no momento do óbito, está comprovada através da tela do CNIS (anexo 12), vez que Maria Cícera da Silva gozava de benefício por incapacidade com DCB em 11/08/2016, porém recebera parcelas de tal benefício nas competências 01/2017 e 02/2017. O óbito da segurada ocorreu em 02/06/2017, estando devidamente comprovado por meio da certidão carreada ao anexo 04. Os demandantes são o cônjuge supérstite e dois filhos da segurada, fatos reconhecidos através, respectivamente, da certidão de casamento (anexo 2) e documentos de identidade dos filhos da segurada (anexo 6). Afirma o autor que o benefício foi requerido em 22/09/2017, porém até o presente não há resposto do INSS sobre o requerimento, caracterizando, assim, o interesse de agir. Neste ponto, cumpre afastar a preliminar suscitada pelo INSS em sede de contestação, aduzindo justamente a ausência de interesse de agir, pois não estaria demonstrada a resistência administrativa à pretensão dos autores. Dos documentos carreados aos autos (anexo 17), percebe-se que o autor requereu o benefício na data já informada e compareceu mesmo pessoalmente no dia agendado, quedando-se o INSS inerte, até o momento, na sua análise. Ante o grande lapso temporal transcorrido, forçoso reconhecer o interesse de agir das partes autores para obtenção da pensão por morte. Afirmam os autores terem direito ao recebimento das parcelas devidas desde o óbito da segurada. É fato incontroverso que, dentre os autores, existe menor absolutamente incapaz (Adrielly Layse da Silva), possuindo atualmente 13 (treze) anos de idade. No que se refere à data do início do benefício, este Juízo, em consonância com a jurisprudência do Superior Tribunal de Justiça, entende que o termo inicial da pensão por morte, tratando-se de dependente absolutamente incapaz, é a própria data do óbito, ainda que o requerimento seja protocolizado após o decurso de 90 dias daquela data. Neste sentido: “PREVIDENCIÁRIO. PENSÃO POR MORTE. ABSOLUTAMENTE INCAPAZ. TERMO INICIAL. ÓBITO. DUPLICIDADE DE PAGAMENTO. INOVAÇÃO RECURSAL. DESCABIMENTO. 1. A habilitação posterior de dependente somente produzirá efeitos a contar de seu respectivo requerimento, nos termos do art. 76 da Lei n. 8.213/1991, salvo direito de incapaz. 2. Não se conhece de alegação sobre eventual duplicidade no pagamento, ante a preclusão consumativa”. (AgInt no REsp 1.603894/PR, de 15/08/2017). Confira-se, ainda, o seguinte informativo da TNU: “Informativo 16/2017 – Processo n. 0504863-60.2012.4.04.8401: No caso de habilitação tardia, o menor impúbere tem direito às prestações vencidas desde o óbito do instituidor, se o benefício da pensão por morte não fora concedido a outro dependente integrante do mesmo núcleo familiar”. Assim, relativamente a menor Adrielly Layse da Silva o benefício ser-lhe-á devido desde a data do óbito de sua genitora. Quanto aos demais autores, Ailson José da Silva e José Aldenir da Silva, visto que não são absolutamente incapazes, o benefício será devido apenas da partir da DER, conforme o art. 74, II, da Lei 8.213/1991. Desta forma, a procedência é medida que se impõe. III – DISPOSITIVO Pelo exposto, resolvo o mérito, para reconhecer a PROCEDÊNCIA do pedido, condenando o INSS a conceder pensão por morte aos autores, observados os salários de contribuição do(a) instituidor(a), com DIB, para Adrielly Layse da Silva, em 02/06/2017 (data do óbito), e, para os demais autores em 22/09/2017 (DER), com DIP no primeiro dia do mês de validação desta sentença. Condeno, ainda, o réu ao pagamento das parcelas vencidas a partir do óbito, mediante RPV, incidindo sobre o montante juros moratórios segundo o índice de remuneração da caderneta de poupança, nos termos do art. 1o-F da Lei n. 9.494/1997, e correção monetária pelo Índice de Preços ao Consumidor Amplo Especial (IPCA-E), conforme entendimento firmado pelo Supremo Tribunal Federal no julgamento do RE n. 870.947/SE, em regime de repercussão geral, publicado em 20/11/2017. Como o recurso inominado não possui efeito suspensivo (art. 43 da Lei 9.099/95), intime-se o INSS para cumprir a obrigação de fazer e informar a RMI do benefício, no prazo de 10 dias, sob pena de aplicação de multa diária no valor de R$ 100,00. Informada a RMI, remeta-se à Contadora Judicial para cálculos dos atrasados e, após o trânsito em julgado, expeça-se RPV. Concedo o benefício da assistência judiciária gratuita (Lei 1.060/50). Sem custas e honorários advocatícios (art. 55 da Lei 9.099/95). Publique-se. Registre-se. Intimem-se. Palmares/PE, data da movimentação. TARCÍSIO CORRÊA MONTE","**Sentença**

O processo n.º 0502800-43.2018.4.05.8307T foi analisado e a sentença foi proferida com os seguintes fundamentos:

Trata-se de uma ação contra o INSS, pedindo o pagamento da pensão por morte para os autores, desde o óbito da segurada.

A pensão por morte é prevista na Lei 8.213/81 e é dada aos dependentes do segurado que faleceram. Os dependentes incluem o cônjuge, os filhos menores de 21 anos ou inválidos, os pais e os irmãos não emancipados.

A pensão por morte é dividida entre os beneficiários se houver mais de um. Cada um recebe uma parte igual, a menos que algum dos beneficiários deixe de ser dependente por razões específicas, como idade ou invalidez.

A segurada faleceu em 02/06/2017 e estava comprovadamente recebendo benefício por incapacidade. Seus dependentes incluem o cônjuge e dois filhos. O cônjuge e os filhos solicitaram a pensão por morte, mas o INSS não respondeu.

O cônjuge e os filhos têm direito à pensão desde o óbito da segurada. O menor dos filhos, Adrielly, tem 13 anos e é absolutamente incapaz, então recebe a pensão desde o momento do óbito. Os outros dois filhos recebem a pensão a partir de 22/09/2017.

O INSS deve pagar a pensão por morte aos beneficiários, com valores ajustados para os anos em que a pensão foi devida. O pagamento inclui juros moratórios e correção monetária.

A sentença condena o INSS a pagar a pensão por morte aos autores. O réu deve informar a RMI do benefício dentro de 10 dias, caso contrário será multado diariamente. Após isso, os cálculos serão feitos pela Contadora Judicial e, após o trânsito em julgado, o pagamento será feito.

A assistência judiciária é gratuita, sem custas ou honorários advocatícios. A sentença foi publicada e registrada.",41.06,50.84,9.780000000000001,0.8397879600524902,506,138,368,
"SENTENÇA I – RELATÓRIO Dispensado o relatório, ante o disposto no art. 38 da Lei 9.099/95, aplicável à hipótese em face do contido no art. 1o da Lei 10.259/01. II – FUNDAMENTAÇÃO Trata-se de ação Especial Cível proposta pela autora, objetivando a concessão de auxílio-doença, aposentadoria por invalidez ou auxílio-acidente. Alega que se encontra incapacitada para o seu trabalho habitual em decorrência de enfermidade/sequela que a acomete e o benefício foi indevidamente negado pela autarquia demandada. O INSS, em sua peça contestatória, pugna pela improcedência do pedido. Segundo dispõe o artigo 59, da Lei no. 8.213/91, o auxílio-doença será devido “ao segurado que, havendo cumprido, quando for o caso, o período de carência exigível nesta Lei, ficar incapacitado para o seu trabalho ou para a sua atividade habitual por mais de 15 (quinze) dias consecutivos.” (grifos nossos). Por sua vez, o artigo 42, do mesmo diploma legal, dispõe que “a aposentadoria por invalidez, uma vez cumprida, quando for o caso, a carência exigida, será devida ao segurado que, estando ou não em gozo de auxílio doença, for considerado incapaz e insuscetível de reabilitação para o exercício de atividade que lhe garanta a subsistência, e ser-lhe-á paga enquanto permanecer nesta condição” (destacado). Incapacidade laborativa Ressalto que o requerimento da autora foi negado pelo INSS devido à perda da qualidade de segurada, mas a perícia médica administrativa foi positiva. Segundo a perícia médica realizada pelo INSS em 05/04/2019 (anexo 19) em virtude do requerimento efetivado em 03/04/2019 (anexo 5), a autora, de 63 anos de idade, é portadora de ""(...) CID S527 Fraturas múltiplas do antebraço(...)”. Esclarece o perito que há incapacidade laborativa, fixa seu início em 14/03/2019 e sugere a DCB em 28/02/2020. Verifico que não há controvérsia acerca da incapacidade da parte autora, razão por que não diviso óbices em adotar as conclusões apresentadas sobre tal fato na esfera administrativa como razão de decidir. Resta comprovado que a parte autora preenche o requisito da incapacidade total, mas temporária. Qualidade de Segurado e Carência A respeito do contribuinte individual e contribuinte facultativo, temos os seguintes dispositivos da Lei no 8.212/91: Art. 21. A alíquota de contribuição dos segurados contribuinte individual e facultativo será de vinte por cento sobre o respectivo salário-de-contribuição. § 2oNo caso de opção pela exclusão do direito ao benefício de aposentadoria por tempo de contribuição, a alíquota de contribuição incidente sobre o limite mínimo mensal do salário de contribuição será de: I - 11% (onze por cento), no caso do segurado contribuinte individual, ressalvado o disposto no inciso II, que trabalhe por conta própria, sem relação de trabalho com empresa ou equiparado e do segurado facultativo, observado o disposto na alínea b do inciso II deste parágrafo; II - 5% (cinco por cento): a) no caso do microempreendedor individual, de que trata o art. 18-A da Lei Complementar no 123, de 14 de dezembro de 2006; b) do segurado facultativo sem renda própria que se dedique exclusivamente ao trabalho doméstico no âmbito de sua residência, desde que pertencente a família de baixa renda. (...) § 4oConsidera-se de baixa renda, para os fins do disposto na alínea b do inciso II do § 2o deste artigo, a família inscrita no Cadastro Único para Programas Sociais do Governo Federal - CadÚnico cuja renda mensal seja de até 2 (dois) salários mínimos. Consta nos autos que a demandante verteu contribuições entre 01/08/2012 e 30/04/2019 como contribuinte facultativa de baixa renda (alíquota 5%), não validadas pelo INSS (anexo 29). Verifico que a parte autora declarou ao perito do INSS que vendia produtos da Avon. Intimada para se manifestar sobre a alegação do INSS de que exerceria atividade remunerada, a parte autora tenta justificar dizendo que apenas ajudava pessoa da família, mas não recebia remuneração. Não há como acatar a justificativa de que a parte autora trabalhava sem auferir remuneração alguma. Ressalte-se que o fato de possuir cadastro no CadÚnico não é suficiente para garantir oenquadramento da autora como segurada facultativa de baixa renda. Deve ser considerado, também, o requisito de não exercer nenhum tipo de trabalho, a não ser o doméstico.No caso analisado, entendo que a parte autora exercia atividade remunerada, descaracterizando seu enquadramento como facultativa de baixa renda. Assim, entendo que NÃO se encontram satisfeitos os requisitos necessários à concessão de nenhum dos benefícios pleiteados. 3. Dispositivo À luz do exposto e de tudo o mais que dos autos consta, RESOLVO O MÉRITO DA PRESENTE DEMANDA, e julgo improcedente o pedido inicial(art. 487, I, do CPC). Sem condenação em custas ou ao pagamento de honorários advocatícios, na forma do art. 55 da Lei n. 9.099/95. Defiro os benefícios da justiça gratuita.","**Sentença:**

I – Relatório  
O relatório foi dispensado, conforme previsto no art. 38 da Lei 9.099/95, aplicável à situação.

II – Fundamentação  
A autora apresentou uma ação cível especial pedindo benefícios como auxílio-doença, aposentadoria por invalidez ou auxílio-acidente. Alega que está incapacitada para o trabalho devido a uma doença, e que o benefício foi negado indevidamente.

O INSS contestou, dizendo que o pedido não tem fundamento. Segundo o artigo 59 da Lei 8.213/91, o auxílio-doença é devido se a pessoa ficar incapacitada por mais de 15 dias consecutivos. O artigo 42 diz que a aposentadoria por invalidez é devida se a pessoa estiver incapacitada e não puder ser reabilitada.

A autora foi declarada incapaz pelo INSS, com data de início da incapacidade em 14/03/2019. A perícia médica confirmou isso, mas o INSS negou o benefício porque a autora perdeu a qualidade de segurada.

A autora contribuiu como facultária de baixa renda entre 2012 e 2019, mas não foi validada pelo INSS. Ela disse que vendia produtos da Avon, mas não recebeu remuneração. O INSS alegou que ela trabalhava, o que invalida seu enquadramento como facultária de baixa renda.

Portanto, os requisitos para concessão dos benefícios não foram satisfeitos.

**Decisão:**

Ressaltando o exposto e o conteúdo dos autos, resolvo o mérito da presente demanda. Julgo improcedente o pedido inicial (art. 487, I, do CPC). Não haverá condenação em custas ou pagamento de honorários advocatícios, conforme previsto no art. 55 da Lei 9.099/95. Deixo os benefícios da justiça gratuita.",20.85,30.68,9.829999999999998,0.9373618960380554,316,132,184,
"SENTENÇA I - Relatório Dispensado o relatório, passo a decidir. II – Fundamentação Trata-se de pedido de aposentadoria por idade, formulado pela Sra. Francisca das Chagas Alves Nunes, na condição de segurada especial, alegando, em síntese, o preenchimento de todos os requisitos para sua concessão. II.1 – Do mérito Uma vez incontroverso o preenchimento do requisito da idade necessária à percepção do benefício pleiteado (nascimento em 05/07/1963), na data do requerimento administrativo (27/07/2018), resume-se a lide à comprovação do efetivo exercício da atividade rural durante o período de carência mínimo autorizador da concessão do benefício. Tendo sido o aludido pleito indeferido na via administrativa (anexo 5) sob a alegação de não ter sido demonstrada a efetiva execução de atividade rurícola pelo período mínimo de carência necessário à concessão do benefício, no caso, 180 contribuições mensais, cabe na espécie analisar se, de fato, se verifica a condição de trabalhadora rural relativamente à autora, atendendo-se a exigência legal de comprovação da atividade rural, embora de forma descontínua, no período anterior ao requerimento do benefício, em número de meses idêntico à carência, conforme o disposto no art. 143 da Lei n° 8.213/1991. Na petição inicial, a autora alega o exercício de agricultura familiar de subsistência desde a juventude (anexo 1, fl.2), notadamente de 23/04/2001 a 13/07/2018, especificado na declaração do STR (anexo 11). Não houve homologação de período de atividade rural durante o processo administrativo (anexo 21, fl.12). A fim de comprovar o efetivo labor rural durante o período alegado, a requerente colacionou diversos documentos (anexos 6/13, 22/23), dentre os quais se destacam: I) carteiras de filiação e ficha de inscrição no STR de Ipu/CE, com entrada em 23/04/2001; II) comprovantes de pagamento de contribuição sindical, de 2001 a 2009; III) declaração emitida pelo coordenador municipal do Cadastro Único, informando a inscrição da autora no programa desde 16/10/2002, com ocupação declarada de agricultora; IV) comprovantes do garantia-safra, vencidos em 05/03/2005 e 28/01/2006; V) declaração de exercício de atividade rural, emitida pelo STR de Ipu/CE, referentes ao lapso temporal de 23/04/2001 a 13/07/2018; VI) notas fiscais e recibos de aquisição de produtos e ferramentas agrícolas nos anos de 2002, 2008, 2011 e 2018. Durante a audiência de instrução, a autora declarou (anexos 24 e 25): que é casada há 33 anos com Jorge Martins; que eram agricultores quando casaram; que, depois, seu esposo trabalhou como empregado em uma padaria em Ipu até o ano 2000; que tiveram 3 filhos; que 2 deles trabalham com a autora no roçado; que, no terreno, planta 2 litros de feijão de moita, 5 litros de milho, melancia e jerimum; que colhe 2 alqueires de feijão; que usa enxada, foice e facão no trabalho; que leva 20 minutos a pé para o roçado; que seu marido não montou negócio próprio depois de sair da padaria; que, em sua casa, moram 7 pessoas; que participou de programa do governo para o agricultor; que sempre votou em Ipu; que reside em casa popular localizada na saída da cidade; que acredita que a conta de energia é elevada por causa da geladeira velha que consome energia. Em seguida, a testemunha Valentim Soares Pontes respondeu (anexo 26): que conhece a autora há cerca de 20 anos; que ela sempre morou em Ipu com o marido e 3 filhos; que ela leva cerca de 20 minutos até o terreno, pertencente a Pedro Josino; que a testemunha trabalha em roçado próximo ao da autora; que o esposo da autora já trabalhou em uma padaria no Ipu aproximadamente em 2007; que ele saiu da padaria há 20 anos; que não lembra exatamente o ano que o esposo da autora saiu da padaria; que a requerente sempre trabalhou como agricultora; que a família da autora mora nas casas populares; que na casa da autora não tem comércio; que o marido da autora nunca teve negócio próprio. Registro que a inspeção judicial realizada em audiência foi positiva, visto que a autora apresenta marcas (mãos ásperas e porosas) compatíveis com o trabalho rural. Após examinar o processo, entendo que a demandante logrou demonstrar o exercício do labor rural em regime de subsistência, ainda que de forma descontínua, durante o período alegado (23/04/2001 a 13/07/2018). No caso em tela, tenho que a documentação apresentada pela autora (anexos 6/13 e 22/23), aliada à inspeção judicial favorável e às declarações satisfatórias prestadas em Juízo, permitem reconhecer o direito à obtenção do benefício postulado. A demandante não apresentou abolsuto conhecimento acerca das rotinas rurais, mas sim imprecisões que são compatíveis com as naturais discrepâncias observadas em razão da própria divisão de tarefas do regime de economia familiar, em que é comum o trabalhador não ter conhecimento efetivo acerca de todas as rotinas. Conforme entendimento materializado na Súmula no 14 da TNU, para a concessão de aposentadoria rural por idade, não se exige que o início de prova material corresponda a todo o período de carência. Com isso, a ausência de documentos rurais robustos contemporâneos à integralidade da carência, por si só, não inviabiliza a percepção da aposentadoria por idade pelo segurado especial. Na hipótese dos autos, em complementação à prova documental, realizou-se audiência, na qual a autora manifestou satisfatório conhecimento das práticas rurais e externou marcas físicas compatíveis com o trabalho na agricultura. Ademais, a ausência de vínculos formais no CNIS da autora (anexo 21, fl.4), contribuíram para firmar o convencimento deste Magistrado acerca do desempenho da agricultura de subsistência durante o período informado na declaração do sindicato rural. Oportunamente, ressalto que, apesar do depoimento confuso da testemunha no que tange ao período de trabalho do cônjuge da autora em uma padaria de Ipu, observa-se que o último registro no CNIS de emprego em nome do esposo encerrou-se em 2000 (anexo 21, fl.9). De toda forma, o eventual desempenho de atividade laborativa informal pelo esposo posterior a tal período, o que justificaria inclusive o consumo elevado de energia, não impede, por si só, que a autora seja classificada como segurada especial, bastando que o trabalho agricultura se mostre essencial ao sustento da família, consoante entendimento jurisprudencial dominante. E não há, nos presentes autos, qualquer indcativo, ainda que mínimo, no sentido de que o exercício do suposto pelo cônjuge de parte autora seria suficiente para garantia da subsistência do núcleo familiar. Dessa forma, o início de prova material carreado aos autos e os depoimentos colhidos em Juízo contribuíram para formar o convencimento deste julgador acerca do efetivo labor agrícola durante o período de carência necessário à percepção da aposentadoria por idade de segurada especial. Ademais, a autora, embora com simples filiação sindical, demonstra, já no ano de 2001, alguma relação com o trabalho rural,complementando com provas de participação em programas governamentais emprogramas governamentais de apoio à agricultura familiar(garantia-safra), próximo da metade do meio do período de carência, e ainspeção judicial favorável, somada com a inexistência de vínculosperante o CNIS, evidenciam recente exercício de atividades rurais. II.2 – Da antecipação de tutela Constato a presença da “probabilidade do direito” alegado (requisito do art. 300, caput, do CPC), tendo em conta a fundamentação acima desenvolvida – reunião dos requisitos para concessão do benefício.  Considerando o caráter alimentar dos benefícios previdenciários, conjugada com a hipossuficiência social e técnica da segurada da Previdência Social, tenho como configurado o requisito do art. 300, caput, do CPC, qual seja, “perigo de dano”. De rigor, portanto, a antecipação dos efeitos da tutela, a fim de implantar de imediato, o benefício. III – Dispositivo Este o quadro, julgo procedenteo pedido e antecipo os efeitos da tutela, para determinar ao Instituto Nacional do Seguro Social – INSS que implante em favor da parte autora o benefício de aposentadoria por idade – segurada especial, no valor mensal de 1 (um) salário-mínimo, no prazo de 10 (dez) dias, contados da intimação desta decisão, fixando a DIB em 27/07/2018 (DER) e a DIP em outubro/2019, devendo o réu comprovar em Juízo o cumprimento desta determinação, independentemente da apresentação de recurso (art. 43 da Lei n. 9.099/1995). A título de atrasados, deverá a autarquia previdenciária proceder ao pagamento, após o trânsito em julgado da sentença, das parcelas vencidas, a partir da data do requerimento administrativo (27/07/2018), cujo valor será corrigido monetariamente de acordo com o Manual de Cálculos da Justiça Federal. Fica autorizada a compensação de valores eventualmente pagos no referido período, sob a forma de benefício cuja acumulação seja proibida por lei. Considerando que a decisão contém os parâmetros de liquidação, resta atendido o disposto no art. 38, parágrafo único, da Lei n. 9.099/99 (Enunciado n. 32 FONAJEF). Com o trânsito em julgado, à Contadoria para elaboração do cálculo dos valores atrasados. Após, expeça-se a requisição de pequeno valor, observando-se o teto de 60 (sessenta) salários-mínimos. Ultrapassado este valor e não havendo renúncia ao excedente, expeça-se precatório. Defiro o benefício da assistência judiciária gratuita, conforme postulado na petição inicial. Nada mais havendo, arquivem-se os autos. Sem custas nem honorários advocatícios. Intimem-se as partes. Sobral/CE, data do sistema.","**SENTENÇA**

I – Relatório  
Dispensado o relatório, passo a decidir.

II – Fundamentação  
Trata-se de pedido de aposentadoria por idade, formulado pela Sra. Francisca das Chagas Alves Nunes, na condição de segurada especial, alegando que ela preenche todos os requisitos para a concessão do benefício.

**II.1 – Do mérito**  
A autora nasceu em 05/07/1963 e, na data do requerimento (27/07/2018), atingiu a idade necessária para a aposentadoria. O caso está focado na comprovação de que ela exerceu atividade rural durante 180 meses, o período mínimo necessário para a concessão do benefício.

A autora alega ter trabalhado como agricultora familiar desde a juventude, principalmente entre 23/04/2001 e 13/07/2018. Ela apresentou diversos documentos que comprovam essa atividade: filiação no STR, contribuições sindicais, declarações de agricultura familiar, comprovantes de uso de produtos agrícolas, etc.

Durante a audiência, a autora declarou que vive em Ipu há 33 anos, tem três filhos e trabalha como agricultora. A testemunha também confirmou o trabalho rural da autora e do marido. A inspeção judicial foi positiva, com marcas compatíveis com o trabalho rural.

Embora a autora não tenha documentos robustos sobre todo o período de carência, a documentação apresentada, juntamente com as declarações e a inspeção, comprovam que ela realizou atividade rural de subsistência. A ausência de vínculos formais no CNIS não impede a classificação como segurada especial, pois o trabalho é essencial para o sustento da família.

**II.2 – Da antecipação de tutela**  
A autora tem direito à aposentadoria por idade. Considerando a necessidade do benefício e a situação da autora, decido pela antecipação da tutela, para que o benefício seja concedido imediatamente.

III – Dispositivo  
Julgo procedente o pedido. Antecipo os efeitos da tutela, determinando que o INSS conceda a aposentadoria por idade à autora no valor de 1 salário-mínimo. O benefício será pago em 10 dias, contados a partir da intimação.

A autarquia previdenciária deverá pagar as parcelas vencidas após o trânsito em julgado, com correção monetária. A compensação de valores pagos no período é permitida, desde que não haja acumulação proibida por lei.

Defiro a assistência judiciária gratuita. Os autos são arquivados sem custas e honorários advocatícios.

Intimem-se as partes.  
Sobral/CE, data do sistema.",5.16,17.32,12.16,0.9365938901901245,586,196,390,
"Procedimento Comum do Juizado Especial Cível: 0501550-50.2010.4.05.8308 Autor: JOSÉ BEZERRA DA SILVA Adv: LEONARDO LUIZ GAMA E SILVA OAB/PE 29680 Réu: INSTITUTO NACIONAL DO SEGURO SOCIAL - INSS Aos trinta e um dias do mês de agosto do ano dois mil e dez, às 10:50 na Sala de Audiências da 17a Vara Federal do Fórum “Adaucto José de Melo”, onde se encontravam presentes a Exma. Sra. Dra. THALYNNI MARIA DE LAVOR PASSOS, Juíza Federal, comigo, Gláucia Brito Henrique da Costa, Técnica Judiciária, teve lugar a audiência de instrução designada. Apregoadas as partes e os seus representantes legais, dando fé do comparecimento do(a) Autor(a) JOSÉ BEZERRA DA SILVA, RG n.o1367252288 SSP-BA, CPF n.o 728.992.714-15, acompanhado(a) do(a) Advogado(a). Dr.(a) LEONARDO LUIZ GAMA E SILVA OAB/PE 29680 e da testemunha JÚLIO ALVES CARDOSO, RG n.o 1.152.167 SSP-PE, CPF n.o 046.853.184-04. Presente a Autarquia Previdenciária ré (INSS), na pessoa de Dra. JEANIE DE CASTRO SILVA. Aberta a audiência e iniciados os trabalhos, o autor ratificou o mandato passado ao seu advogado e a renúncia aos valores excedentes ao teto dos Juizados. Foi tomado o depoimento da parte autora e de uma testemunha. Ao final a MM. Juíza proferiu Sentença nos seguintes termos: SENTENÇA O Plano de Benefícios da Previdência Social (Lei n.o 8.213/91) prevê, entre os segurados obrigatórios, o segurado especial, descrito no art. 11, VII, como “o produtor, o parceiro, o meeiro e o arrendatário rurais (...) que exerçam suas atividades, individualmente ou em regime de economia familiar, ainda que com auxílio eventual de terceiros (...)”. Faz jus o trabalhador rural, na condição de segurado especial, ao benefício de aposentadoria por idade, nos termos dos arts. 39, I, 48, §§ 1.o e 2.o, e 143 da Lei n.o 8.213/91, desde que comprovada a atividade rural no período imediatamente anterior ao requerimento do benefício, em número de meses idêntico à carência do referido benefício. A carência exigida para o caso, conforme a tabela constante do art. 142 da citada Lei, é de 102 meses, vez que o autor implementou o requisito de idade em 1998. Importante realçar que, para a comprovação do tempo de serviço rural e conseqüente obtenção do direito à aposentação, faz-se mister a apresentação de documentação idônea, ainda que indiciária, expedida na época em que ocorridos os fatos, no período que antecede ao requerimento do benefício. É a previsão contida no art. 55, § 3.o, da Lei 8.213/91, que reza: Art. 55. O tempo de serviço será comprovado na forma estabelecida no Regulamento, compreendendo, além do correspondente às atividades de qualquer das categorias de segurados de que trata o art. 11 desta Lei, mesmo que anterior à perda da qualidade de segurado: (...) § 3.o A comprovação do tempo de serviço para os efeitos desta Lei, inclusive mediante justificação administrativa ou judicial, conforme o disposto no art. 108, só produzirá efeito quando baseada em início de prova material, não sendo admitida prova exclusivamente testemunhal, salvo na ocorrência de motivo de força maior ou caso fortuito, conforme disposto no Regulamento. O tema já se acha consolidado na jurisprudência do Superior Tribunal de Justiça (súmula n.o 149 – “A prova exclusivamente testemunhal não basta à comprovação da atividade rurícola, para efeito da obtenção de beneficio previdenciário”), o que vem em reforço da exigência do início de prova material contemporânea ao período de trabalho que se deseja aproveitar, para referendar a prova testemunhal eventualmente existente, cuja exclusividade não basta. No caso dos autos, o autor teve o benefício concedido administrativo, mas posteriormente cessado em virtude de Auditoria Administrativa ter reconhecido irregularidade no Procedimento Administrativo concessório do benefício. Inicialmente a Auditoria questionou a existência de vínculos urbanos, com a Prefeitura Municipal de Petrolina, dentro do período de carência. Em vistoria realizada àquele órgão constatou, contudo, que o único vínculo existente data de 1975/76, portanto, anterior ao período de carência, tendo sido negado a existência de contrato do período de 1995 a 2000 pela própria autarquia. Ainda assim, a ré entendeu por bem suspender o pagamento em razão de informação constante em Certidão de Casamento, ocorrido em 1965, em que constava a profissão do autor como operário. Não concordamos, com as conclusões da ré, pois a existência de vínculos urbanos em período anterior à carência não é apto a afastar a caracterização do segurado como especial Restou evidenciado o exercício de atividade rural pelo autor durante o período em lei exigido. Foram trazidos aos autos contrato de parceria, documento de imóvel rural onde o autor exerceu atividade, certidão da justiça eleitoral com domicílio eleitoral. Realizou-se inspeção judicial onde se contatou a presença de elementos característicos a quem trabalha na agricultura. Corroborando o início de prova documental produzida, a prova oral coletada em juízo confirmou, de forma bastante verossímil, tudo que espelhavam tais elementos. O depoimento do autor foi coerente e respondeu de forma segura a toda a quesitação formulada pelo juízo e pela ré. Da mesma forma mostrou-se o depoimento da testemunha, proprietário do imóvel onde o autor trabalhava, que demonstrou o exercício de agricultura de subsistência por período superior à carência. Entendo, pois, à luz do quadro exposto, que a autora comprovou o exercício de atividade rural como segurado especial no período necessário à aposentação. POSTO ISSO, julgo PROCEDENTE o pedido autoral, condenando o INSS a implantar a aposentadoria por idade de trabalhador rural em favor do(a) autor(a), no valor de 1 (um) salário mínimo, a partir da cessação do benefício anterior. As parcelas atrasadas entre a DIB e a DIP, serão corrigidas monetariamente e com juros de mora de 0,5% (meio por cento) a contar da citação (por se tratar de verba alimentar de cunho previdenciário, como amplamente abraçado pela jurisprudência), deverão ser pagas mediante Requisição de Pequeno Valor – RPV, respeitado o teto vigente quando da expedição, conforme cálculo anexo. Após o trânsito em julgado, intime-se o réu para, em 20 (vinte) dias, cumprir a obrigação de fazer, implantando o benefício sob pena de multa diária que fixo em R$ 50,00 (cinqüenta reais). Sem custas e honorários advocatícios, em face do disposto no art. 55 da Lei n.o 9.099/95. Intimem-se na forma da Lei n. 10259/2001. P. R. I. Petrolina/PE, 31 de agosto de 2010. THALYNNI MARIA DE LAVOR PASSOS Juíza Federal Substituta do JEF Adjunto à","Procedimento Comum do Juizado Especial Cível: 0501550-50.2010.4.05.8308  
Autor: JOSÉ BEZERRA DA SILVA  
Advogado: LEONARDO LUIZ GAMA E SILVA OAB/PE 29680  
Réu: INSTITUTO NACIONAL DO SEGURO SOCIAL - INSS  

Em 31 de agosto de 2010, às 10:50, na Sala de Audiências da 17a Vara Federal do Fórum “Adaucto José de Melo”, ocorreu a audiência de instrução. Presentes: a Juíza Federal THALYNNI MARIA DE LAVOR PASSOS, o advogado Gláucia Brito Henrique da Costa e a testemunha JÚLIO ALVES CARDOSO.  

A Juíza proferiu sentença de acordo com a Lei 8.213/91, que prevê benefício de aposentadoria por idade para trabalhadores rurais na condição de segurado especial. O autor comprovou atividade rural durante o período necessário para o benefício.  

Apesar da concessão inicial do benefício, ele foi cancelado porque a INSS descobriu irregularidades no processo. A INSS suspendeu o pagamento por motivo de força maior, mas o juiz não concorda com essa decisão.  

O autor apresentou documentos que comprovam sua atividade rural e o depoimento da testemunha também confirma isso. O juiz concluiu que o autor merece a aposentadoria por idade.  

A INSS deve pagar o benefício, no valor de um salário mínimo, a partir do momento em que o anterior foi cancelado. As parcelas atrasadas serão corrigidas e pagas com juros de mora. Se a INSS não cumprir o pagamento dentro de 20 dias, pagará multa diária de R$50,00.  

Sem custas e honorários advocatícios, conforme a Lei 9.099/95.",21.38,41.29,19.91,0.8225981593132019,460,138,322,
"SENTENÇA Vistos etc. Trata-se de demanda que visa à regularização de matrícula em curso superior, mediante a anulação de ato administrativo que implicou reprovação em perícia médica necessária para ingresso na condição de portador de deficiência. Dispõe o inciso III do §1o do art. 3o da Lei 10.259/2001: § 1o Não se incluem na competência do Juizado Especial Cível as causas: III - para a anulação ou cancelamento de ato administrativo federal, salvo o de natureza previdenciária e o de lançamento fiscal; Visto que a demanda visa, claramente, à anulação de um ato administrativo que não se inclui dentre as ressalvas legais, afigura-se evidente a absoluta incompetência deste Juizado para processá-la e julgá-la, circunstância que impõe a sua extinção, sem resolução do mérito. Em face do que se expôs, declaro extinto o processo, sem resolução do mérito, com fundamento no art. 485, IV, do Código de Processo Civil. Sem custas. Sem honorários (art. 55 da Lei 9.099/95). Registre-se a presente sentença. Intimações na forma da Lei 10.259/01. Após, ao arquivo, com as cautelas de praxe. Jaboatão dos Guararapes/PE, 12 de abril de 2019.","Vistos. A demanda busca regularizar a matrícula em um curso superior, cancelando um ato administrativo que levou à reprovação em uma perícia médica necessária para entrar como portador de deficiência. De acordo com o inciso III do §1º do art. 3º da Lei 10.259/2001, causas como essa não estão dentro da competência do Juizado Especial Cível, exceto as relacionadas a atos previdenciários ou fiscais. Como a demanda visa à anulação de um ato administrativo que não está entre as exceções, o juízo não pode processar nem decidir o caso. Por isso, o processo é declarado extinto sem julgamento do mérito, baseando-se no art. 485, IV, do Código de Processo Civil. Sem custas e honorários. Registre-se a sentença. Notifique conforme a Lei 10.259/01. Após, arquive com as formalidades habituais. Jaboatão dos Guararapes/PE, 12 de abril de 2019.",40.34,48.56,8.219999999999999,0.9180940389633179,104,92,12,
"PROCESSO 0500424-24.2017.4.05.8306 SENTENÇA (Tipo A – Fundamentação Individualizada) I – RELATÓRIO Dispensado o relatório nos termos do parágrafo único do art. 38 da Lei no 9.099/95 c/c o art. 1o da Lei no 10.259/01. Importa saber, contudo, que se trata de ação especial cível movida por MANOEL GONÇALVES DA SILVA contra o Instituto Nacional do Seguro Social - INSS, objetivando a concessão de aposentadoria por tempo de contribuição. Entendendo o demandante já ter computado tempo de serviço/contribuição suficiente para a concessão do benefício, aduz que, em 18/10/2016 (DER), a autarquia entendeu por bem indeferir o requerimento de concessão do benefício (NB 171.533.261-7), ao argumento de falta de tempo de contribuição. II – FUNDAMENTAÇÃO Para o deferimento da aposentadoria por tempo de contribuição, deve o requerente comprovar o preenchimento dos seguintes requisitos, previstos na Lei 8.213/91, artigos 52 a 59 e § 7°, e no art. 201 da CF/88, com a redação conferida pela Emenda Constitucional n.° 20/98, que substituiu a aposentadoria por tempo de serviço por essa nova espécie de aposentadoria: Tempo de contribuição de 35 anos, se do sexo masculino, ou 30 anos, se do sexo feminino (reduzidos em 05 cinco anos, para o professor que comprove exclusivamente tempo de efetivo exercício de magistério na educação infantil e no ensino fundamental e médio); Aqueles que, na data da promulgação da referida emenda constitucional, ainda não haviam preenchido esses requisitos, portanto não tinham alcançado, até então, o direito adquirido à aposentadoria nos moldes da regra anterior, passaram a submeter-se a uma regra de transição instituída pelo art. 9o da aludida EC n.o 20/98, que fixou os requisitos abaixo transcritos, pois também não poderiam ter desconsiderado o período anterior de trabalho, para submeterem-se integralmente ao novo regime instituído: a)idade mínima de 53 anos para os homens e 48 anos para as mulheres; b)tempo de contribuição de pelo menos 30 anos para os homens e 25 anos para a mulher; c)período de contribuições adicionais a 20% ou a 40% do tempo que, na data da publicação da Emenda, faltaria para atingir o limite de tempo supramencionado, para obtenção, respectivamente, da aposentadoria integral ou proporcional. Porém, cumpre tecer algumas considerações acerca da aplicação das regras de transição previstas no art. 9o da Emenda Constitucional no 20/98, em relação à aposentadoria por tempo de contribuição com proventos integrais. É que, em relação aos critérios para concessão de aposentadoria integral, nas lições de Carlos Alberto Pereira de Castro e João Batista Lazzari, estes não têm aplicabilidade por serem mais gravosos ao segurado, sendo essa situação reconhecida pelo INSS quando da edição da Instrução Normativa INSS/DC n 57/2001, não se exigindo idade mínima e pedágio de vinte por cento para a concessão de aposentadoria integral pelas regras de transição (cf. Manual de Direito Previdenciário, 6 ed., São Paulo: LTr, 2005, pp. 533/534). No que respeita ao pedido de reconhecimento de atividade especial, deve ser observado o seguinte: Até 28/04/95, período anterior ao advento da Lei no 9.032/95, basta que a atividade exercida esteja enquadrada nas categorias profissionais previstas no Anexo do Decreto no 53.831/64 ou nos Anexos I e II do Decreto no 83.080/79, existindo presunção juris et jure de exposição a agentes nocivos, perigosos ou insalubres. Todavia, o rol de atividades arroladas nos mencionados Decretos é considerado meramente exemplificativo, não havendo impedimento para que outras atividades sejam tidas como insalubres, perigosas ou penosas, desde que estejam devidamente comprovadas. Quanto à comprovação dos vínculos empregatícios, cumpre destacar que as anotações da CTPS gozam de presunção juris tantum (Enunciado no 12 do egrégio TST), e não sendo ofertada pelo INSS contraprova capaz de elidi-la, não se lhes pode negar o valor probatório. Passo à análise. No caso em foco, o INSS computou, até a DER, 31 anos, 07 meses e 01 dia. Aduz o demandante que, de acordo com a CTPS (Anexo 5), exerceu a atividade de trabalhador rural na agroindústria, na empresa COMPANHIA AGRO INDUSTRIAL DE GOIANA - CAIG, no período de 01/11/77 a 28/04/95. Em que pese constar da CTPS a anotação do empregador pessoa física, Adalberto José Guerra Pessoa, o sistema CNIS aponta, no mesmo período, vínculo empregatício com a empresa CAIG, consoante a tela do anexo 26. Assim, as diversas anotações da empresa CAIG na CTPS (Anexo 7), em cotejo com as telas do sistema CNIS carreadas aos autos, demonstram que, de fato, o vínculo laboral foi mantido com a empresa e não com a pessoa física. Desse modo, pleiteia o reconhecimento da especialidade laboral, em relação ao vínculo empregatício acima, em que exerceu a atividade de trabalhador rural, na agroindústria, em período anterior ao advento da Lei no 9.032/95. Para tanto, defende que tais atividades eram consideradas prejudiciais à saúde do empregado, em face da previsão constante do Código 2.2.1, do quadro anexo ao Decreto 53.831/64. De fato, se comprovado o trabalho rural em empresa classificada como agroindustrial, agrocomercial, ou do setor agropecuário, é possível o enquadramento, com o cômputo diferenciado do tempo de serviço/contribuição e aplicação do fator de conversão, para vínculos anteriores ao advento da Lei no 9.032/95. Acerca do tema, a TNU, revendo seu posicionamento, assim se pronunciou, no julgamento do PEDILEF 0509377-10.2008.4.05.8300, em 04/06/2014, de relatoria do Juiz Federal ANDRÉ CARVALHO MONTEIRO: “Revisão da interpretação adotada por esta Turma Nacional de Uniformização, fixando entendimento de que a expressão ‘trabalhadores na agropecuária’, contida no item 2.2.1 do anexo do Decreto 53.831/64, também se aplica aos trabalhadores que exercem atividades exclusivamente na agricultura como empregados em empresas agroindustriais e agrocomerciais, fazendo jus os empregados de tais empresas ao cômputo de suas atividades como tempo de serviço especial” Tal entendimento vem sendo adotado pela 2a. Turma Recursal dos Juizados Especiais, a exemplo do acórdão proferido nos autos do processo 0501656-76.2014.4.05.8306S, de relatoria do Juiz Federal FREDERICO AUGUSTO LEOPOLDINO KOEHLER. Nesse mesmo sentido, decidiu o TRF - 3a Região (AC 00061949820124036103, REL. DESEMBARGADORA FEDERAL TANIA MARANGONI, TRF3, 8a TURMA, e-DJF3 Judicial 1: 12/02/2016). Desse modo, faz jus a parte autora ao reconhecimento do labor especial no interregno de 01/11/1977 a 28/04/1995. Esclareça-se, ademais, que o sistema CNIS aponta o vínculo com a empresa CIA. AGRO INDUSTRIAL DE GOIANA - CAIG desde 01/11/1977, razão por que deve ser afastada a alegação de extemporaneidade (Anexo 26). A CTPS aponta, ainda (Anexo 13), que houve suspensão do contrato de trabalho no interregno de 01/03/2016 a 31/07/2016, não considerado no cômputo do tempo de contribuição. Para os demais contratos de trabalho não foram apresentados documentos hábeis à configuração da especialidade laboral, razão por que foram simplesmente considerados, sem qualquer majoração. Nesse contexto, de acordo com o somatório apurado por este juízo, eis o total do tempo de serviço/contribuição: APURAÇÃO DE TEMPO DESERVIÇO/CONTRIBUIÇÃO No Vínculos Fator Datas Tempo em Dias  Inicial Final Comum Convertido 1 CiaAgro Industrial de Goiana 1,4 01/11/1977 19/05/1981 1296 1814 2 CiaAgro Industrial de Goiana 1,4 20/05/1981 28/04/1995 5092 7128 3 CiaAgro Industrial de Goiana 1,0 29/04/1995 16/12/1998 1328 1328 Tempocomputado em dias até 16/12/1998 7716 10272 4 CiaAgro Industrial de Goiana 1,0 17/12/1998 10/01/2005 2217 2217 5 UsinaCentral Olho D'Água 1,0 16/09/2005 28/01/2006 135 135 6 AgroarteEmpresa Agrícola 1,0 08/05/2006 11/01/2007 249 249 7 BiosevS.A. 1,0 06/08/2007 29/02/2008 208 208 8 BiosevS.A. 1,0 03/06/2008 13/02/2009 256 256 9 BiosevS.A. 1,0 03/08/2009 01/03/2010 211 211 10 UsinaSão José S.A. 1,0 10/05/2010 24/01/2011 260 260 11 UsinaSão José S.A. 1,0 18/07/2011 14/02/2012 212 212 12 UsinaSão José S.A. 1,0 01/06/2012 26/01/2013 240 240 13 UsinaSão José S.A. 1,0 09/09/2013 29/02/2016 904 904 14 UsinaSão José S.A. 1,0 01/08/2016 18/10/2016 79 79 Tempocomputado em dias após 16/12/1998 4971 4971 Totalde tempo em diasaté o últimovínculo 12687 15243 Total de tempo em anos, meses e dias 41ano(s), 8 mês(es) e 25 dia(s)  Portanto, de acordo com a planilha do juízo, acima transcrita, até a data do requerimento administrativo (18/10/2016), foi apurado o tempo total de 41 anos, 08 meses e 25 dias, suficiente para a concessão do benefício vindicado. Em razão da falta de justificativa para a concessão de tutela de urgência, deve o pleito ser afastado. A previsão do art. 4o da Lei 10.259/01 autoriza o magistrado a deferir medidas cautelares no curso do processo, para evitar dano de difícil reparação, situação não verificada nestes autos. Ademais, as telas do anexo 26 demonstram que a parte autora encontra-se em atividade, percebendo remuneração, portanto. Desse modo, resta afastada a alegação do caráter alimentar do benefício. III – DISPOSITIVO Em face do que se expôs, julgo procedente o pedido para determinar ao INSS a averbação do tempo de serviço comum e especial, constante da planilha anexa, bem como para conceder à parte autora a aposentadoria por tempo de contribuição integral, a partir da DER/DIB (18/10/2016) e DIP no trânsito em julgado desta sentença. Em consequência, extingo o processo com resolução de mérito, nos termos do art. 487, inciso I, do novel Código de Processo Civil. Condeno, ainda, o INSS ao pagamento das parcelas atrasadas. A dívida será acrescida dos índices oficiais de remuneração básica e juros aplicados à caderneta de poupança, nos termos do art. 1o-F, da Lei no 9.494/97, com a redação modificada pela Lei no 11.960/09, a partir de cada vencimento. Sem custas. Sem honorários advocatícios (artigo 55 da Lei 9.099/95). Defiro os benefícios da justiça gratuita. Publique-se. Registre-se. Intimem-se. Transitada em julgado, intime-se o INSS para cumprir a obrigação de fazer no prazo de 15 (quinze) dias. Goiana (PE), data supra. FLÁVIA TAVARES DANTAS","PROCESSO 0500424-24.2017.4.05.8306 SENTENÇA (Tipo A – Fundamentação Individualizada) I – RELATÓRIO Dispensado o relatório nos termos do parágrafo único do art. 38 da Lei no 9.099/95 c/c o art. 1o da Lei no 10.259/01. Importa saber, contudo, que se trata de ação especial cível movida por MANOEL GONÇALVES DA SILVA contra o Instituto Nacional do Seguro Social - INSS, objetivando a concessão de aposentadoria por tempo de contribuição. Entendendo o demandante já ter computado tempo de serviço/contribuição suficiente para a concessão do benefício, aduz que, em 18/10/2016 (DER), a autarquia entendeu por bem indeferir o requerimento de concessão do benefício (NB 171.533.261-7), ao argumento de falta de tempo de contribuição. II – FUNDAMENTAÇÃO Para o deferimento da aposentadoria por tempo de contribuição, deve o requerente comprovar o preenchimento dos seguintes requisitos: Tempo de contribuição de 35 anos, se do sexo masculino, ou 30 anos, se do sexo feminino. Aqueles que, na data da promulgação da referida emenda constitucional, ainda não haviam preenchido esses requisitos, passaram a submeter-se a uma regra de transição instituída pelo art. 9o da aludida EC n.o 20/98: a)idade mínima de 53 anos para os homens e 48 anos para as mulheres; b)tempo de contribuição de pelo menos 30 anos para os homens e 25 anos para a mulher; c)período de contribuições adicionais a 20% ou a 40% do tempo que, na data da publicação da Emenda, faltaria para atingir o limite de tempo supramencionado. No entanto, a regra de transição não se aplica à aposentadoria por tempo de contribuição com proventos integrais. III – DISPOSITIVO Em face do que se expôs, julgo procedente o pedido para determinar ao INSS a averbação do tempo de serviço comum e especial, constante da planilha anexa, bem como para conceder à parte autora a aposentadoria por tempo de contribuição integral, a partir da DER/DIB (18/10/2016) e DIP no trânsito em julgado desta sentença. Em consequência, extingo o processo com resolução de mérito, nos termos do art. 487, inciso I, do novel Código de Processo Civil. Condeno, ainda, o INSS ao pagamento das parcelas atrasadas. A dívida será acrescida dos índices oficiais de remuneração básica e juros aplicados à caderneta de poupança, nos termos do art. 1o-F, da Lei no 9.494/97, com a redação modificada pela Lei no 11.960/09, a partir de cada vencimento. Sem custas. Sem honorários advocatícios (artigo 55 da Lei 9.099/95). Defiro os benefícios da justiça gratuita. Publique-se. Registre-se. Intimem-se. Transitada em julgado, intime-se o INSS para cumprir a obrigação de fazer no prazo de 15 (quinze) dias. Goiana (PE), data supra. FLÁVIA TAVARES DANTAS",40.59,46.86,6.269999999999996,0.9056872725486755,581,206,375,
"Ação Especial no. 0502116-18.2018.4.05.8308S Autor: MEIRINALVA PEREIRA RODRIGUES DE ALBUQUERQUE Advogado: Uenderson Quecio Martins de Souza Réu: Instituto Nacional do Seguro Social SENTENÇA 1. Relatório Dispensado o relatório, nos termos do art. 38 da Lei no 9.099/95, aplicável subsidiariamente aos Juizados Especiais Federais. 2. Fundamentação Trata-se de ação especial previdenciária movida contra o Instituto Nacional do Seguro Social (INSS), objetivando a concessão do benefício de auxílio-doença. Como é cediço, o auxílio-doença é devido ao segurado que ficar incapacitado temporariamente para o seu trabalho ou para sua atividade habitual por mais de quinze dias e que tenha, concomitantemente, cumprido o período de carência de 12 meses, estabelecido pelo art. 25, inciso I, da Lei no 8.213/91 – ressalvados os casos de acidente de qualquer natureza ou de alguma das doenças especificadas na Instrução Normativa do INSS no 45/2010 (art. 152), que independem de carência. Necessita-se ainda nos casos de segurado especial a comprovação dessa qualidade. Quanto à incapacidade laborativa, o laudo médico pericial, concluiu pela incapacidade total e temporária em razão de depressão aguda. A data de inicio de incapacidade segundo o laudo pericial seria de dois anos, ou seja, aproximadamente 2016/2017. Contudo, no depoimento da autora declarou que não trabalhou, nem 2016, nem 2015, nem 2014. Não lembrava a ultima vez que havia trabalhado. Questionada se chegou a trabalhar após a cessação do benefício de auxilio doença em 2011, ela não sabia informar. A testemunha e seu turno afirmou que fazia uns 6 anos, aproximadamente, que a autora sofria de depressão e não mais trabalhava. Realizada inspeção judicial, verificou-se que as mãos da autora são delicadas e finas. Não possuía qualquer sinal de trabalho rural. Assim, não havia a qualidade de segurada quando do requerimento administrativo do auxìlio-doença. Também não é possível retroagir a DIB para o período que graça do benefício anterior. Assim, não foi comprovada a qualidade de segurada especial. Assim, a qualidade de segurado especial não restou caracterizada. 3. Dispositivo À luz destas considerações, julgo improcedente o pedido deduzido na inicial. Defiro os benefícios da Justiça gratuita. Dispensado o pagamento de custas e honorários advocatícios (art. 55, Lei n.° 9.099/95). Em caso de recurso tempestivo, a parte contrária para apresentar contrarrazões no prazo legal. Petrolina, 26 de fevereiro de 2019.","Ação Especial n.º 0502116-18.2018.4.05.8308S. Autor: Meirinalva Pereira Rodrigues de Albuquerque. Advogado: Uenderson Quecio Martins de Souza. Réu: Instituto Nacional do Seguro Social.

Sentença:

1. Relatório – Não foi feito o relatório, conforme previsto no artigo 38 da Lei nº 9.099/95, aplicável também aos Juizados Especiais Federais.

2. Fundamentação – Trata-se de uma ação contra o INSS para conseguir o benefício de auxílio-doença. Esse benefício é dado a quem fica temporariamente incapacitado para trabalhar e cumpriu 12 meses de carência, conforme previsto na Lei nº 8.213/91, exceto em casos de acidente ou doenças especificadas no INSS. Também há a necessidade de comprovar a qualidade de segurada especial.

A incapacidade foi comprovada por um laudo médico, indicando depressão aguda. O início da incapacidade seria em 2016 ou 2017, mas a autora não lembrava quando começou a trabalhar. Ela não trabalhou nem em 2015, 2016 ou 2014. Não sabia se voltou a trabalhar depois do benefício terminar em 2011. Uma testemunha disse que ela sofria de depressão há cerca de 6 anos e não trabalhava mais.

A inspeção judicial mostrou que as mãos da autora eram delicadas, indicando que não tinha experiência rural. Assim, não era segurada quando o benefício foi solicitado. Também não é possível voltar para um período anterior. Portanto, a qualidade de segurada especial não foi comprovada.

3. Dispositivo – Com base nisso, julgo o pedido infundado. Reconheço os benefícios da Justiça gratuita. Não há pagamento de custas e honorários advocatícios (artigo 55, Lei nº 9.099/95). Em caso de recurso, a parte contrária deve apresentar contrarrazões no prazo legal.

Petrolina, 26 de fevereiro de 2019.",24.17,42.52,18.35,0.9575867652893066,204,151,53,
"PROCESSO 0501233-17.2017.4.05.8305T SENTENÇA (Tipo A - Fundamentação Individualizada) Vistos etc. I. Relatório Dispensado o relatório, nos termos da Lei n.o 9.099/95, aplicada subsidiariamente ao rito estabelecido na Lei n.o 10.259/2001. II. Fundamentação Busca a parte autora a concessão de aposentadoria por idade, na condição de trabalhador rural, benefício previsto no art. 39, I, c/c art. 48, e seguintes, da Lei n.o 8.213/91, exigindo a presença, em síntese, de dois requisitos: a) idade mínima de 60 (sessenta) anos, se homem, e 55 (cinqüenta e cinco) anos, se mulher; e b) comprovação do exercício de atividade rural, individualmente ou em regime de economia familiar, por período igual ao número de meses correspondentes à carência do benefício requerido, imediatamente anteriores ao requerimento do benefício, ainda que de forma descontínua. A comprovação do exercício de atividade rural será feita, alternativamente, por meio dos documentos elencados no art. 106 da Lei n.o 8.213/91, com redação dada pela Lei n.o 11.718/2008. Deve-se destacar que a lei exige o início de prova material – consubstanciada em documentação idônea expedida na época dos fatos que se pretende provar – para referendar a prova testemunhal eventualmente existente, como se nota da redação do art. 55, § 3o, da Lei n.o 8.213/91, o que, inclusive, resultou na edição da Súmula n.o 149, do Superior Tribunal de Justiça. Nos termos do entendimento do STJ, “conquanto não se exija a contemporaneidade da prova material durante todo o período que se pretende comprovar o exercício de atividade rural, deve haver ao menos um início razoável de prova material contemporânea aos fatos alegados, admitida a complementação da prova mediante depoimentos de testemunhas” (AgRg no REsp 1282006/RS, Rel. Ministro ROGERIO SCHIETTI CRUZ, SEXTA TURMA, julgado em 03/02/2015). a)Requisito etário Quanto a este ponto, não há dúvida, tendo em vista que a parte autora nasceu em 11/10/1961, contando com 55 anos na DER (29/11/2016). b)Qualidade de segurado Do processo, colhem-se os seguintes documentos a favor da pretensão da parte autora: Documento Data Anexo Folha CONTRATODE COMODATO 7 1-2 Declaração Escolar 25/11/2016 8 2 DeclaraçãoEscolar 24/11/2016 9 1 Declaraçãodo ITR 21/03/2001 10 1-2 Declaraçãodo ITR 10 3 Declaraçãode exercício de atividade rural 25/11/2016 11 3 CertidãoEleitoral 25/11/2016 12 1 A prova documental é constituída essencialmente por documentos de pequeno poder de convencimento (matrículas escolares, fichas ambulatoriais, contratos de comodato, declarações eleitorais, etc.), uma vez que produzidos unilateralmente pela parte autora, em sua maioria. Realizada audiência de instrução e julgamento, aduziu a parte autora que: é agricultora; já morou no Sítio Barros de Souza e hoje mora no Baixa das Porteiras, há 30 anos; trabalha no Barros de Souza (pertence ao Sr. Agenor) – demora 30 min para chegar; onde mora ela não planta, mas um vizinho trabalha nas terras; já laborou na Prefeitura fazendo faxina na maternidade da cidade, por 2 anos; seu marido é agricultor (aposentado), em uma terra diversa da que ela trabalha; no INSS, uma das testemunhas afirmou que a autora trabalha no sítio Barros de Souza somente há 6 anos; hoje, somente tem o milho para quebrar, jácolheu o restante. A testemunha, por sua vez, alegou que: mora no sítio Baixa do Pó, vizinho ao Baixa das Porteiras; a autora mora em terra que era do pai dela mas trabalha em terra que é do tio da testemunha; confirma o vínculo da postulante com a prefeitura. Da análise dos autos, observo que existe divergência entre os depoimentos prestados no INSS, quando do requerimento administrativo, e aqueles tomados em audiência (vide doc. do anexo 9 folha 19). No INFOSEG (anexo 19), consta como endereço da autora o Sítio Baixa do Pó, em Saloá/PE. Além disso, não apresenta características físicas compatíveis com o trabalhador rural, tais como mãos calejadas. Dito isso, a prova colhida em audiência não confirmou os elementos materiais acostados aos autos. Ausentes, pois, os requisitos autorizadores da concessão do benefício pleiteado. III. Dispositivo Pelo exposto, julgo improcedentes os pedidos, pelas razões acima explicitadas, nos termos do art. 487, I, do CPC. Defiro o pedido de justiça gratuita. Sem custas e honorários advocatícios (art. 55 da Lei no. 9.099/95). Transitado em julgado sem reforma, arquivem-se os autos com baixa no sistema informatizado. Garanhuns, data da validação. MADJA DE SOUSA MOURA FLORENCIO","PROCESSO 0501233-17.2017.4.05.8305T SENTENÇA (Tipo A - Fundamentação Individualizada) Vistos etc. I. Relatório Dispensado o relatório, nos termos da Lei n.o 9.099/95, aplicada subsidiariamente ao rito estabelecido na Lei n.o 10.259/2001. II. Fundamentação A parte autora busca a concessão de aposentadoria por idade, como trabalhadora rural, segundo o artigo 39, I, e os seguintes, da Lei n.o 8.213/91. Para isso, precisa comprovar dois requisitos: a) ter a idade mínima de 60 anos (se homem) ou 55 anos (se mulher); e b) ter exercido atividade rural por um período igual ao número de meses da carência do benefício, mesmo que de forma interrompida. A comprovação pode ser feita por documentos, como os indicados no artigo 106 da Lei n.o 8.213/91, atualizados pela Lei n.o 11.718/2008. A lei exige que haja pelo menos um início de comprovação material durante o período que se quer provar, e pode ser complementada por depoimentos. A parte autora nasceu em 1961 e tem 55 anos em 2016. Ela apresentou documentos como contrato de comodato, declarações escolares, ITRs e certidões eleitorais. No entanto, a prova documental é fraca, pois foi produzida unicamente pela parte autora. Durante a audiência, ela disse ser agricultora, morar em terras rurais há 30 anos e trabalhar em uma terra alheia. A testemunha confirmou que ela trabalha na região há 6 anos, mas os documentos não corroboram essa afirmação. Além disso, o endereço do INSS mostra que ela mora em uma área urbana, e não apresenta características de trabalhador rural, como mãos calejadas. Por isso, a comprovação não foi suficiente. III. Dispositivo Pelo exposto, os pedidos são improcedentes. A parte autora recebe justiça gratuita. Sem custas e honorários advocatícios. Os autos serão arquivados após o julgamento. Data da validação. MADJA DE SOUSA MOURA FLORENCIO",32.24,46.98,14.739999999999995,0.9263442754745483,330,167,163,
"SENTENÇA Trata-se de ação especial ajuizada com o objetivo de ver concedido benefício previdenciário de pensão por morte decorrente do óbito do suposto ex-companheiro em 13/05/1999. O requerimento administrativo foi formulado em 18/03/2013. É o relatório. Decido. Nos termos do art. 74 da Lei 8.213/91, para o deferimento do benefício de pensão por morte, é necessária a comprovação dos seguintes requisitos: (i) ser o falecido segurado do Regime Geral de Previdência Social quando do óbito e não haver perdido a qualidade de segurado; (ii) prova do óbito; (iii) estar devidamente evidenciado o vínculo de parentesco determinante da dependência e, sendo o caso de não ser ela presumida, estar efetivamente comprovada. A ausência de qualquer desses requisitos importa o indeferimento do benefício. O ponto controvertido é a qualidade de dependente da parte autora, motivo do indeferimento administrativo. A autora não junta qualquer documento que comprove a união estável, mesmo alegando relação de companheirismo por vários anos. Na verdade, as provas juntadas pela demandante comprovam a diversidade de endereços entre ambos. A demandante, na verdade, sequer foi capaz de comprovar o próprio endereço, na medida em que afirmou morar há sete anos na Rua Santa Rosa e forneceu ao INSS e à Justiça (petição inicial) endereço na Rua Urbano Barbosa. Não obstante haja filhos em comum, o mais novo tinha nove anos no momento do falecimento, não sendo, pois, recém-nascido, não comprovando que havia relação recente entre a autora e o de cujus. Considerando que o ônus da prova dos fatos compete a quem os alega e que a autora não se desincumbiu de comprovar sua qualidade de dependente, é indevida a concessão do benefício. Em face do exposto, resolvo o mérito (art. 269, I, CPC) para julgar IMPROCEDENTE o pedido formulado na inicial. Custas e honorários advocatícios dispensados, nos termos do art. 55, da Lei n. 9.099/95. Partes intimadas em audiência. Recife, data da movimentação. MARCOS ANTONIO MACIEL SARAIVA","A ação visa obter um benefício previdenciário de pensão por morte devido ao óbito do suposto ex-companheiro em 13/05/1999. O requerimento foi feito em 18/03/2013. Para conceder a pensão, é necessário comprovar que o falecido era segurado do Regime Geral de Previdência Social, que ele não perdeu a qualidade de segurado, o óbito e a relação de parentesco que justifica a dependência. A autora não apresentou documentos comprovando a união estável, apesar de ter afirmado ter vivido em uma relação por vários anos. Além disso, ela não conseguiu comprovar seus endereços e a relação recente com o falecido. Por falta de provas, a pensão não pode ser concedida. O pedido é improcedente. As custas e honorários advocatícios são dispensados. Partes intimadas. Recife, data. Marcos Antônio Maciel Saraiva.",29.91,32.85,2.9400000000000013,0.8065586090087891,181,86,95,
"SENTENÇA I- Relatório Por força do disposto no caput, do art. 38, da Lei no 9.099/95, combinado com o art. 1o da Lei no. 10.259/2001, dispenso a feitura do relatório, passo, pois, à fundamentação. II- Fundamentação Trata-se de demanda executiva ajuizada por WANDERLEY RODRIGUES DOS SANTOS contra a Universidade Tiradentes – UNIT e a Caixa Econômica Federal – CEF, na qual pleiteia, à título de antecipação de tutela, a reinclusão no FIES, subtraindo o valor das parcelas do período letivo de 2017/1 e da parcela referente à matrícula 2017/2. O autor alega, em apertada síntese, que cursa Direito na UNIT mediante contrato de o programa de Financiamento Estudantil - FIES desde 29/08/2014, o qual custeia 75% do valor do curso. Aduz que não foi possível realizar o aditamento referente ao período letivo 2017/1 no sistema do FIES, sob a justificativa da existência de duas justificações de rendimento acadêmico inferior a 75%, motivo pelo qual o contrato foi cancelado. Juntou aos autos título judicial coletivo da TRF1a-região, Apelação no 0005272-13.2001.4.013800 (anexos 10 a 12). Pois bem, inicialmente devo registrar que, em ações coletivas em que se busca a defesa de direitos individuais homogêneos, é possível o cumprimento ou execução das pretensões individuais, desde que se comprove a titularidade do direito material lesado (STJ REsp 869.583). No entanto, compulsando o título judicial coletivo proferido pelo TRF-1a região nos autos da Apelação no 0005272-13.2001.4.013800 (anexos 10 a 12), verifica-se, de plano, que o autor não detém legitimidade ativa para a presente ação executiva e tampouco a ré UNIT possui legitimidade passiva. O referido Acórdão do TRF-1a região se refere à Ação Civil Pública no 2001.38.03.00.5394-5/MG, ajuizada pelo Ministério Público Federal em face das instituições de ensino Escola Superior de Ciências Contábeis e Administração de Ituiutaba – ECCAI, Centro Universitário do Triângulo – UNITRI, Instituto Superior de Ensino e Pesquisa (Fundação Educacional de Ituiutaba) – ISEPI e Caixa Econômica Federal – CEF, na defesa de interesses individuais homogêneos lesados na abusividade da exclusão automática de estudantes do FIES por insuficiência de aproveitamento acadêmico. Vê-se, portanto, que a requerida Universidade Tiradentes – UNIT sequer foi parte na mencionada ação coletiva, não sendo, por isso, o autor, na condição de estudante desta instituição de ensino superior, abrangido pelos efeitos da coisa julgada do título judicial coletivo em referência. Também não recai sobre a ré UNIT os efeitos da coisa julgada da referida ação coletiva, não sendo ela parte legitima para se exigir o cumprimento da decisão. Neste sentir, nos termos do art. 485, VI, do NCPC, deve ser extinto o processo, sem resolução de mérito, quando verificar ausência de legitimidade ou de interesse processual. III. DISPOSITIVO. Pelo exposto, extingo o feito, sem resolução do mérito, nos termos do art 485, inciso VI, do Código de Processo Civil de 2015.  Sem custas e sem honorários. Intimem-se.  Após o trânsito em julgado, arquivem-se os autos. Pedro Esperanza Sudário Juiz Federal Substituto respondendo pela 9a Vara","I - Relatório: De acordo com a Lei 9.099/95 e a Lei 10.259/2001, não é necessário fazer o relatório, então passo diretamente à fundamentação.

II - Fundamentação: Wanders Rodrigues dos Santos está ajuizando uma ação contra a Universidade Tiradentes (UNIT) e a Caixa Econômica Federal (CEF), pedindo que ele seja reincluído no FIES. Ele afirma que pagava o FIES desde 2014, mas o contrato foi cancelado por problemas com as notas. Ele quer voltar ao FIES, subtraindo os valores pagos pelos períodos letivos de 2017/1 e 2017/2.

Ele apresentou um documento judicial coletivo que mostra que ele não tem direito para ação e a UNIT também não está envolvida naquela ação. Por isso, a ação não pode seguir em frente. De acordo com a lei, se não houver legitimidade, a ação deve ser encerrada.

III - Dispositivo: Encerro a ação sem decidir o caso. Sem custas e honorários. Informem os interessados. Após o veredicto, arquive as peças. Pedro Esperanza Sudário, juiz substituto da 9a vara.",24.85,46.29,21.439999999999998,0.8082507848739624,241,105,136,
