original_text,paraphrase,sample_id,flesch_original,flesch_paraphrase,flesch_diff,sim,diversidade_original,diversidade_paraphrase,diversidade_diff,rotulo
"Extrato de Ata - 06/11/2014
PLENÁRIO
EXTRATO DE ATA
EMB.DECL. NO AG.REG. EM MANDADO DE SEGURANÇA 32.714
PROCED. : MATO GROSSO DO SUL
RELATORA : MIN. ROSA WEBER
EMBTE.(S) : ROSELY GOULART OLIVEIRA
ADV.(A/S) : ALTAIR LEONEL DA SILVA
EMBDO.(A/S) : SEGUNDA TURMA DO SUPREMO TRIBUNAL FEDERAL
Decisão: O Tribunal, por unanimidade e nos termos do voto da 
Relatora,  rejeitou  os  embargos  de  declaração.  Ausente, 
justificadamente,  o  Ministro  Marco  Aurélio,  que  participa,  a 
convite da Academia Paulista de Magistrados e da Universidade de 
Paris 1 – Sorbonne, do 7º Colóquio Internacional sobre o Direito e 
a Governança da Sociedade de Informação – “O Impacto da Revolução 
Digital sobre o Direito”, na Universidade de Paris 1 – Sorbonne, 
na França. Ausente, neste julgamento, o Ministro Gilmar Mendes. 
Presidiu o julgamento o Ministro Ricardo Lewandowski. Plenário, 
06.11.2014.
 
Presidência do Senhor Ministro Ricardo Lewandowski. Presentes 
à  sessão  os  Senhores  Ministros  Celso  de  Mello,  Gilmar  Mendes, 
Cármen Lúcia, Dias Toffoli, Luiz Fux, Rosa Weber, Teori Zavascki e 
Roberto Barroso.
Vice-Procuradora-Geral da República, Dra. Ela Wiecko Volkmer 
de Castilho.
p/ Fabiane Pereira de Oliveira Duarte
Assessora-Chefe do Plenário
Documento assinado digitalmente conforme MP n° 2.200-2/2001 de 24/08/2001, que institui a Infra-estrutura de Chaves Públicas Brasileira - ICP-Brasil. O
documento pode ser acessado no endereço eletrônico http://www.stf.jus.br/portal/autenticacao/autenticarDocumento.asp sob o número 7335944
Supremo Tribunal Federal
Inteiro Teor do Acórdão - Página 23 de 23
","Extrato de Ata - 06/11/2014  
PLENÁRIO  
EXTRATO DE ATA  
EMB.DECL. NO AG.REG. EM MANDADO DE SEGURANÇA 32.714  
PROCED. : MATO GROSSO DO SUL  
RELATORA : MIN. ROSA WEBER  
EMBTE.(S) : ROSELY GOULART OLIVEIRA  
ADV.(A/S) : ALTAIR LEONEL DA SILVA  
EMBDO.(A/S) : SEGUNDA TURMA DO SUPREMO TRIBUNAL FEDERAL  

Decisão: O tribunal rejeitou os embargos de declaração, por unanimidade e conforme o voto da relatora. O ministro Marco Aurélio não estava presente, pois participava de um colóquio internacional. Também não estava presente o ministro Gilmar Mendes. O julgamento foi presidido pelo ministro Ricardo Lewandowski. Data: 06.11.2014.  

Presentes na sessão: Celso de Mello, Gilmar Mendes, Cármen Lúcia, Dias Toffoli, Luiz Fux, Rosa Weber, Teori Zavascki e Roberto Barroso.  
Vice-Procuradora-Geral da República: Dra. Ela Wiecko Volkmer de Castilho.  
p/ Fabiane Pereira de Oliveira Duarte  
Assessora-Chefe do Plenário  

Documento assinado digitalmente conforme a lei que instituiu o ICP-Brasil. Pode ser acessado no endereço http://www.stf.jus.br/portal/autenticacao/autenticarDocumento.asp com o número 7335944.  
Supremo Tribunal Federal  
Inteiro Teor do Acórdão - Página 23 de 23",26005,43.23,48.31,5.080000000000005,0.9753004312515259,150,127,23,
"Voto - MIN. LUIZ FUX
20/05/2014 PRIMEIRA TURMA
MANDADO DE SEGURANÇA 31.271 DISTRITO FEDERAL
V O T O
O SENHOR MINISTRO LUIZ FUX (RELATOR): A pretensão deduzida 
pelo Impetrante merece acolhimento. 
Com efeito, como bem lançado no parecer da PGR, a determinação 
emanada dos mandados de segurança originários do TJDFT devem ser 
cumpridas pela autoridade administrativa a que se destinam, não sendo 
lícito ao agente público, qualquer que seja ele, aferir a validade ou não de 
uma decisão  judicial.  E  essa  conclusão  se  impõe  ainda  que  a  decisão 
judicial seja questionável sob o ângulo legal ou constitucional. Deveras, 
permitir que a Administração Pública (de todos os Poderes da República) 
possa  avaliar  se  uma  decisão  judicial  deve  ou  não  ser  cumprida 
representaria  a  falência  do  Poder  Judiciário.  Contra  decisões  judiciais 
viciadas  há remédios  judiciais  próprios  e  idôneos a  saná-las,  inclusive 
mecanismos de urgência (v.g., suspensão de segurança e antecipação de 
tutela recursal). 
O que se está aqui a afirmar é que a autoridade administrativa não 
está  autorizada a  controlar  a  validade do  comando judicial  que lhe  é 
dirigido. Admitir o contrário redundaria em um absurdo evidente: seria 
um  contrassenso  que  a  Fazenda  Pública  interpusesse  recursos  em 
processuais judiciais, sendo certo que lhe seria mais fácil e supostamente 
legítimo  reconhecer,  sponte  propria,  o  vício  que  motivaria  o  recurso  e, 
assim, negar-se a cumprir o ato judicial. Reinaria o caos em sociedade.
Ademais, deve-se notar que, na espécie, não há qualquer indício de 
que o impetrante tenha agido com má-fé ou intenção deliberada de violar 
a  Lei  nº  9.494/1997.  Muito  ao revés.  Os dados trazidos aos  autos,  nos 
limites permitidos pela via estreita do mandado de segurança, revelam 
Supremo Tribunal Federal
Documento assinado digitalmente conforme MP n° 2.200-2/2001 de 24/08/2001, que institui a Infraestrutura de Chaves Públicas Brasileira - ICP-Brasil. O
documento pode ser acessado no endereço eletrônico http://www.stf.jus.br/portal/autenticacao/ sob o número 5968514.
Inteiro Teor do Acórdão - Página 6 de 10
Voto - MIN. LUIZ FUX
MS 31271 / DF 
que havia base fática objetiva apta a despertar no então presidente do 
TJDFT a confiança quanto à regularidade jurídica de sua conduta. 
De  fato,  os  pagamentos  foram  realizados  com  fundamento  em 
determinação judicial, exaradas em mandados de segurança impetrados 
originariamente perante o próprio Tribunal de Justiça do Distrito Federal 
e Territórios. Não havendo previsão expressa no acórdão mandamental 
no sentido de que sua execução somente poderá ocorrer após o trânsito 
em  julgado,  a  autoridade  administrativa  encarregada  de  executá-lo 
deverá cumpri-lo tão logo seja notificada da decisão, uma vez que esta é a 
regra geral aplicável à matéria, como preceitua a doutrina, verbis:
“A sentença em mandado de segurança será, em caso de 
procedência,  em  regra,  mandamental.  (…)  o  que  importa  é 
perceber  que  a  sentença  mandamental  não  necessita  de 
provocação para que possa ser cumprida. Por outras palavras, 
não  existe  execução  de  sentença  mandamental,  que  exija  a 
iniciativa da parte autora. A sentença mandamental é cumprida 
ex officio,  independentemente de novo pedido, e sem que seja 
necessário extrair ‘carta de sentença’ ou documento semelhante. 
Aliás, o cumprimento dessa sentença se dá nos autos em que a 
ordem é  emitida,  carecendo de  maiores  formalidades.  Desde 
que eficaz a sentença – ou seja, se não houver recurso com efeito 
suspensivo, o que, como se verá, é a regra – emite-se ordem, por 
meio de ofício, à autoridade coatora , que deve providenciar seu 
imediato cumprimento.
Não  sendo  obedecida  a  determinação  judicial,  estará  o 
renitente  sujeito  à  sanção  respectiva.  Tradicionalmente, 
entende-se que o descumprimento de ordem de mandado de 
segurança sujeita o infrator às sanções impostas pelo crime de 
desobediência (art. 330 do CP)”. 
(MARINONI, Luiz Guilherme. Procedimentos especiais. São 
Paulo: Editora Revista dos Tribunais, 2009, p. 254-255). 
Nesse cenário, seria equivocado exigir da autoridade administrativa 
2 
Supremo Tribunal Federal
Documento assinado digitalmente conforme MP n° 2.200-2/2001 de 24/08/2001, que institui a Infraestrutura de Chaves Públicas Brasileira - ICP-Brasil. O
documento pode ser acessado no endereço eletrônico http://www.stf.jus.br/portal/autenticacao/ sob o número 5968514.
Inteiro Teor do Acórdão - Página 7 de 10
Voto - MIN. LUIZ FUX
MS 31271 / DF 
a responsabilidade pela avaliação, em cada caso, da eficácia imediata (ou 
não) de decisão em mandado de segurança. Cabe, isto sim, à autoridade 
judiciária deixar  claro  e  inequívoco,  no  bojo  do  próprio  provimento 
mandamental,  se sua eficácia é imediata ou não. Havendo omissão no 
acórdão  quanto  ao  ponto,  como  ocorre  na  espécie,  não  compete  à 
autoridade administrativa conjecturar sobre a eficácia do comando que 
lhe  é  dirigido.  A regra  é  a  execução  imediata,  o  que  é  especialmente 
verdadeiro  no  presente  caso,  em  que  os  mandados  de  segurança  em 
questão eram todos originários do TJDFT, não estando, pois, sujeitos ao 
reexame necessário. 
Uma  ressalva  aqui  é  necessária.  Não  se  quer,  com  o  presente 
entendimento,  afirmar  que  a  União  tenha  sido  privada  do  direito  de 
reaver os valores que tenham sido pagos irregularmente a servidores do 
TJDFT. Afinal, aqueles que tenham recebido verbas públicas com base em 
decisão judicial  ainda não transitada em julgado sujeitam-se aos riscos 
inerentes à execução movida e, portanto, deverão, a princípio, devolver 
os valores recebidos. Ocorre que, com bem apontado pelo Impetrante, “as  
consequências  jurídicas,  no  caso  de  reforma  de  sentença  objeto  de  execução  
provisória,  só  afetam  o  exequente  (art.  475-O  do  CPC)”.  A  autoridade 
administrativa  que  apenas  cumpriu  a  determinação  judicial  não  está 
sujeita a qualquer apenamento administrativo ou judicial.  
Por fim,  ainda que sem importância imediata para o desfecho do 
presente caso, deve-se registrar que a primeira causa petendi invocada pelo 
impetrante não merece acolhimento, sendo certo que a competência do 
Conselho  Nacional  de  Justiça  para  apreciar  a  legalidade  dos  atos 
administrativos praticados por membros ou órgãos do Poder Judiciário 
não  afasta  a  competência  constitucional  do  Tribunal  de  Contas  para 
fiscalizar  a  atividade  financeira  e  contábil  dos  Poder  Judiciário,  como 
dispõe a literalidade do art. 103-B, §4º, II, da Constituição da República.
Ex positis, voto pela concessão da segurança pleiteada para anular a 
3 
Supremo Tribunal Federal
Documento assinado digitalmente conforme MP n° 2.200-2/2001 de 24/08/2001, que institui a Infraestrutura de Chaves Públicas Brasileira - ICP-Brasil. O
documento pode ser acessado no endereço eletrônico http://www.stf.jus.br/portal/autenticacao/ sob o número 5968514.
Inteiro Teor do Acórdão - Página 8 de 10
Voto - MIN. LUIZ FUX
MS 31271 / DF 
multa  de  R$  15.000,00  (quinze  mil  reais)  imposta  ao  impetrante  pelo 
Tribunal de Contas da União no Acórdão nº 2640/2010-TCU – Plenário, 
prolatado na sessão de 6.10.2010, Ata nº 37/2010.
4 
Supremo Tribunal Federal
Documento assinado digitalmente conforme MP n° 2.200-2/2001 de 24/08/2001, que institui a Infraestrutura de Chaves Públicas Brasileira - ICP-Brasil. O
documento pode ser acessado no endereço eletrônico http://www.stf.jus.br/portal/autenticacao/ sob o número 5968514.
Inteiro Teor do Acórdão - Página 9 de 10
","O ministro Luiz Fux aprovou a solicitação do impetrante. Ele afirma que as decisões judiciais devem ser cumpridas pelas autoridades administrativas, e não podem ser analisadas por elas para verificar se são válidas. Isso porque permitir que a administração avalie a validade de uma decisão judicial seria um problema grave, já que o poder judicial é responsável por isso.

O ministro também disse que não há indícios de que o impetrante tenha agido com má-fé ou intenção de violar a lei. Na verdade, os dados mostram que o presidente do TJDFT confiou na regularidade da decisão judicial. Os pagamentos foram feitos com base em decisões judiciais, e não houve previsão no acórdão para que a execução só ocorresse após o trânsito em julgado. Portanto, a autoridade deve cumprir a decisão assim que for notificada.

O ministro também mencionou que não é correto exigir da administração avaliar se uma decisão judicial é válida ou não. Isso cabe ao poder judiciário. Se o acórdão não deixar claro se a decisão é imediata, a administração não pode supor isso.

Por fim, o ministro disse que a União não perdeu direito a recuperar valores pagos irregularmente, mas a autoridade que apenas cumpriu a decisão judicial não está sujeita a punições. O caso envolve uma multa de R$15.000,00 imposta pelo TCU, mas essa multa não é acolhida.",24855,25.16,28.33,3.169999999999998,0.868450403213501,452,130,322,
"Voto - MIN. CÁRMEN LÚCIA
13/12/2011 PRIMEIRA TURMA
HABEAS CORPUS 110.951 RIO GRANDE DO SUL
VOTO
A SENHORA MINISTRA CÁRMEN LÚCIA (PRESIDENTE) -  A 
pena parece alta mesmo, mas eu não me animo a superar exatamente em 
razão dessas peculiaridades. Peço vênia ao Ministro Marco Aurélio para 
acompanhar o Relator.
* * * * *
Supremo Tribunal Federal
Documento assinado digitalmente conforme MP n° 2.200-2/2001 de 24/08/2001, que institui a Infraestrutura de Chaves Públicas Brasileira - ICP-Brasil. O
documento pode ser acessado no endereço eletrônico http://www.stf.jus.br/portal/autenticacao/ sob o número 1685139.
Inteiro Teor do Acórdão - Página 16 de 17
","Voto - MIN. CÁRMEN LÚCIA  
13/12/2011 PRIMEIRA TURMA  
HABEAS CORPUS 110.951 RIO GRANDE DO SUL  
VOTO  
A pena parece alta, mas não vou me animar a superá-la por causa dessas particularidades. Peço vênia ao Ministro Marco Aurélio para acompanhar o Relator.  

Supremo Tribunal Federal  
Documento assinado digitalmente conforme MP n° 2.200-2/2001 de 24/08/2001, que institui a Infraestrutura de Chaves Públicas Brasileira - ICP-Brasil. O documento pode ser acessado no endereço eletrônico http://www.stf.jus.br/portal/autenticacao/ sob o número 1685139.  
Inteiro Teor do Acórdão - Página 16 de 17",36396,57.04,64.78,7.740000000000002,0.9787923097610474,78,74,4,
"Ementa e Acórdão
29/06/2018 SEGUNDA TURMA
AG.REG. NO HABEAS CORPUS 145.983 MINAS GERAIS
RELATOR : MIN. DIAS TOFFOLI
AGTE.(S) :ANDRÉ NICOLAU DE SOUZA 
ADV.(A/S) :DEFENSOR PÚBLICO-GERAL FEDERAL 
AGDO.(A/S) :RELATOR DO HC Nº 360.477  DO SUPERIOR 
TRIBUNAL DE JUSTIÇA 
EMENTA
Agravo regimental  em  habeas corpus.  Constitucional.  Processual 
penal. Excesso de prazo  no julgamento de mérito do HC dirigido ao 
STJ.  Não  ocorrência.  Writ  impetrado  àquela  Corte  com  regular  e 
proporcional andamento. Regimental não provido.
ACÓRDÃO
Vistos, relatados e discutidos estes autos, acordam os Ministros da 
Segunda Turma do Supremo Tribunal Federal, em sessão virtual de 22 a 
28/6/2018, na conformidade da ata do julgamento, por unanimidade de 
votos, em negar provimento ao agravo regimental, nos termos do voto do 
Relator.
Brasília, 29 de junho de 2018.
MINISTRO DIAS TOFFOLI
Relator
Documento assinado digitalmente conforme MP n° 2.200-2/2001 de 24/08/2001, que institui a Infraestrutura de Chaves Públicas Brasileira - ICP-Brasil. O
documento pode ser acessado no endereço eletrônico http://www.stf.jus.br/portal/autenticacao/ sob o número 747993988.
Supremo Tribunal Federal
Inteiro Teor do Acórdão - Página 1 de 5
","Ementa e Acórdão  
29/06/2018 SEGUNDA TURMA  
AG.REG. NO HABEAS CORPUS 145.983 MINAS GERAIS  
RELATOR : MIN. DIAS TOFFOLI  
AGTE.(S) :ANDRÉ NICOLAU DE SOUZA  
ADV.(A/S) :DEFENSOR PÚBLICO-GERAL FEDERAL  
AGDO.(A/S) :RELATOR DO HC Nº 360.477 DO SUPERIOR TRIBUNAL DE JUSTIÇA  

Agravo regimental em habeas corpus. Constitucional. Processual penal. O julgamento do HC dirigido ao STJ não teve excesso de prazo. O writ foi impetrado com regularidade e proporcionalidade. O agravo regimental não foi provido.  

Acórdão  
Vistos, relatados e discutidos estes autos, acordam os Ministros da Segunda Turma do Supremo Tribunal Federal, em sessão virtual de 22 a 28/6/2018, na conformidade da ata do julgamento, por unanimidade de votos, em negar provimento ao agravo regimental, nos termos do voto do Relator.  

Brasília, 29 de junho de 2018.  
MINISTRO DIAS TOFFOLI  
Relator  

Documento assinado digitalmente conforme MP n° 2.200-2/2001 de 24/08/2001, que institui a Infraestrutura de Chaves Públicas Brasileira - ICP-Brasil. O documento pode ser acessado no endereço eletrônico http://www.stf.jus.br/portal/autenticacao/ sob o número 747993988.  

Supremo Tribunal Federal  
Inteiro Teor do Acórdão - Página 1 de 5",59516,62.89,63.18,0.28999999999999915,0.9506654739379883,116,113,3,
"Relatório
20/11/2012 PRIMEIRA TURMA
EMB.DECL. NO AG.REG. EM MANDADO DE SEGURANÇA 26.792 PARANÁ
RELATOR : MIN. DIAS TOFFOLI
EMBTE.(S) :UNIÃO 
ADV.(A/S) :ADVOGADO-GERAL DA UNIÃO 
EMBDO.(A/S) :PAULO ROBERTO SELEGUIM 
ADV.(A/S) :ALEXANDRE STURION DE PAULA 
INTDO.(A/S) :TRIBUNAL DE CONTAS DA UNIÃO (TC Nº 
01774120031) 
ADV.(A/S) :ADVOGADO-GERAL DA UNIÃO 
INTDO.(A/S) :GERÊNCIA EXECUTIVA DO INSTITUTO NACIONAL 
DO SEGURO SOCIAL EM LONDRINA 
PROC.(A/S)(ES) :PROCURADOR-GERAL FEDERAL 
RELATÓRIO
O SENHOR MINISTRO DIAS TOFFOLI (RELATOR):
Trata-se  de  tempestivos  embargos  de  declaração  (fls.  388/394), 
opostos pela UNIÃO contra acórdão proferido pela Primeira Turma desta 
Corte, assim ementado:
“Agravo regimental em mandado de segurança. Tribunal 
de  Contas  da  União.  Impetração  em  juízo  incompetente 
dentro do prazo decadencial de 120 dias. Não ocorrência da 
consumação da decadência.  Agravo não provido.
1.  A questão  suscitada  na  peça  recursal  trata, 
especificamente, de matéria de ordem pública,  consistente na 
alegada incidência da decadência do mandamus. 
2.  É  posição  pacífica  da  jurisprudência  desta  Suprema 
Corte que o prazo decadencial para ajuizamento do mandado 
de  segurança,  mesmo  que  tenha  ocorrido  perante  juízo 
absolutamente  incompetente,  há de ser  aferido pela  data  em 
que  foi  originariamente  protocolizado.  Decadência  não 
configurada. Precedentes.
3. Agravo regimental não provido” (fl. 381).
Documento assinado digitalmente conforme MP n° 2.200-2/2001 de 24/08/2001, que institui a Infraestrutura de Chaves Públicas Brasileira - ICP-Brasil. O
documento pode ser acessado no endereço eletrônico http://www.stf.jus.br/portal/autenticacao/ sob o número 3170509.
Supremo Tribunal Federal
Inteiro Teor do Acórdão - Página 3 de 8
Relatório
MS 26.792 AGR-ED / PR 
Alega a embargante que houve “nítido erro de fato” e contradição 
no  acórdão,  devendo  os  declaratórios  serem  acolhidos  de  forma 
excepcional,  uma  vez  que  objetivam  a  reforma  do  julgado  por  eles 
combatido.
Argumenta que
“[a]  decisão  proferida  neste  mandado  de  segurança, 
devidamente mantida pelo acórdão ora embargado, partiu de 
premissa  de  fato  equivocada para  conceder  parcialmente  a 
segurança e determinar que nova decisão passe a observar o 
contraditório e a ampla defesa: o termo inicial para o prazo de 
cinco  anos  conta-se  do  ato  inicial  de  concessão  da 
aposentadoria.
Ocorre  que  a  orientação  sedimentada  nesse  STF  é  no 
sentido de que o marco inicial para o lapso temporal de cinco 
anos é a entrada do processo na Corte de Contas e não o ato 
inicial de concessão da aposentadoria” (fl. 390).
Postula, por isso, o conhecimento dos embargos e o seu provimento, 
para
“que seja sanado o erro de fato e a contradição existentes 
no  acórdão  embargado,  para  que,  declarando  não  ter  o 
Tribunal de Contas ultrapassado o prazo de 05 anos, que tem 
seu termo inicial com o recebimento do feito naquela Corte de 
Contas, seja ao final denegada a segurança” (fl. 394).
É o relatório.
2 
Documento assinado digitalmente conforme MP n° 2.200-2/2001 de 24/08/2001, que institui a Infraestrutura de Chaves Públicas Brasileira - ICP-Brasil. O
documento pode ser acessado no endereço eletrônico http://www.stf.jus.br/portal/autenticacao/ sob o número 3170509.
Supremo Tribunal Federal
Inteiro Teor do Acórdão - Página 4 de 8
","Relatório  
20/11/2012 PRIMEIRA TURMA  
EMB.DECL. NO AG.REG. EM MANDADO DE SEGURANÇA 26.792 PARANÁ  
RELATOR : MIN. DIAS TOFFOLI  
EMBTE.(S) :UNIÃO  
ADV.(A/S) :ADVOGADO-GERAL DA UNIÃO  
EMBDO.(A/S) :PAULO ROBERTO SELEGUIM  
ADV.(A/S) :ALEXANDRE STURION DE PAULA  
INTDO.(A/S) :TRIBUNAL DE CONTAS DA UNIÃO (TC Nº 01774120031)  
ADV.(A/S) :ADVOGADO-GERAL DA UNIÃO  
INTDO.(A/S) :GERÊNCIA EXECUTIVA DO INSTITUTO NACIONAL DO SEGURO SOCIAL EM LONDRINA  
PROC.(A/S)(ES) :PROCURADOR-GERAL FEDERAL  

O relator recebeu embargos de declaração, opostos pela União contra um acórdão da Primeira Turma. O acórdão diz que o mandado de segurança foi ajuizado em juízo incompetente, mas não houve decadência. A União alega que há erro no acórdão e quer que os declaratórios sejam acolhidos para corrigir o julgado. Ela afirma que a decisão do mandado partiu de uma premissa errada, pois o prazo de cinco anos começa com a entrada do processo na Corte de Contas, não com a concessão da aposentadoria. A União pede que os embargos sejam conhecidos e providos para sanar o erro e rejeitar a segurança.",21119,43.35,46.03,2.6799999999999997,0.8871430158615112,230,104,126,
"Voto - MIN. MARCO AURÉLIO
09/08/2011 PRIMEIRA TURMA
HABEAS CORPUS 105.833 SÃO PAULO
V O T O
O SENHOR MINISTRO MARCO AURÉLIO (RELATOR) – Em 6 de 
novembro de 2010, implementei a medida acauteladora,  fazendo-o nos 
seguintes termos:
[...]
2. Devem-se lançar algumas premissas quanto à espécie de 
prisão  precária  e  efêmera  que  é  a  temporária.  Não  se  pode 
cogitar  da  medida  a  partir  da  simples  gravidade  do  crime 
supostamente  praticado  pelo   cidadão.  A ordem jurídica  em 
vigor  não  agasalha  a  automaticidade  que,  do  entendimento 
contrário,  ocorreria.  Também não cabe determinar a custódia 
para  intimidar,  ou  melhor,  fragilizar  o  acusado.  Mostra-se 
necessário que o contexto revele ser imprescindível a apuração 
dos fatos, cumprindo mencionar o móvel a conduzir à exceção – 
prender-se temporariamente quando ainda se está na fase de 
inquérito.
No  caso,  as  investigações  decorreram  de  denúncias 
anônimas presente a adulteração de combustível. A leitura da 
peça manuscrita relativa à custódia temporária leva a concluir-
se  que  se  potencializou,  a  mais  não  poder,  o  eventual 
envolvimento  do  paciente  em  episódios  glosados 
criminalmente.  Procedeu-se  com  sucesso,  conforme  admitido 
por  autoridade  policial,  à  busca  e  apreensão  de  bens.  Além 
disso, no depoimento citado, de Michele de Souza Lima, não se 
constata a base para dizer-se da influência sobre testemunhas 
ou da ameaça a elas.
Documento assinado digitalmente conforme MP n° 2.200-2/2001 de 24/08/2001, que institui a Infraestrutura de Chaves Públicas Brasileira - ICP-Brasil. O
documento pode ser acessado no endereço eletrônico http://www.stf.jus.br/portal/autenticacao/ sob o número 1827690.
Supremo Tribunal Federal
Inteiro Teor do Acórdão - Página 7 de 16
Voto - MIN. MARCO AURÉLIO
HC 105.833 / SP 
Vale  consignar,  aliás,  que  o  que  assentado  resulta  da 
capacidade intuitiva do autor  da decisão.  A possibilidade de 
cidadão  sob  investigação  criminal  vir  a  influenciar  ou  a 
intimidar testemunhas não serve a respaldar a prisão, no que se 
apresenta sem ter-se a culpa formada.  Faz-se indispensável a 
concretude  de  atos  à  margem  da  ordem  jurídica  visando 
embaralhar as investigações e disso não há notícia na situação 
concreta. Em síntese, o pronunciamento está fundamentado em 
generalidade incompatível com a constrição formalizada.
[...]
Concedo a ordem, para tornar definitiva a liminar. É como voto.
2 
Documento assinado digitalmente conforme MP n° 2.200-2/2001 de 24/08/2001, que institui a Infraestrutura de Chaves Públicas Brasileira - ICP-Brasil. O
documento pode ser acessado no endereço eletrônico http://www.stf.jus.br/portal/autenticacao/ sob o número 1827690.
Supremo Tribunal Federal
Inteiro Teor do Acórdão - Página 8 de 16
","Voto - MIN. MARCO AURÉLIO  
09/08/2011 PRIMEIRA TURMA  
HABEAS CORPUS 105.833 SÃO PAULO  

O ministro Marco Aurélio, relator, decidiu que a medida de prisão temporária foi implementada em 6 de novembro de 2010. Ele explicou que não se pode decidir por causa da gravidade do crime, mas sim com base no contexto. A prisão temporária só deve ser usada quando há necessidade de investigar os fatos, ainda na fase de inquérito.  

No caso, as investigações foram feitas a partir de denúncias anônimas e adulteração de combustível. A busca por bens foi bem-sucedida. Não houve indicação de que o paciente influenciou ou ameaçou testemunhas.  

O documento foi assinado digitalmente conforme regras do MP n° 2.200-2/2001. O voto confirma a ordem, tornando a liminar definitiva.",30853,36.43,48.69,12.259999999999998,0.848534345626831,221,90,131,
"Voto - MIN. DIAS TOFFOLI
05/02/2013 PRIMEIRA TURMA
HABEAS CORPUS 108.403 RIO GRANDE DO SUL
VOTO
O SENHOR MINISTRO DIAS TOFFOLI:
Senhor Presidente, peço vênia à divergência para acompanhar Vossa 
Excelência. Aqui há reiteração de conduta. Na linha da jurisprudência, eu 
acompanho Vossa Excelência.
Documento assinado digitalmente conforme MP n° 2.200-2/2001 de 24/08/2001, que institui a Infraestrutura de Chaves Públicas Brasileira - ICP-Brasil. O
documento pode ser acessado no endereço eletrônico http://www.stf.jus.br/portal/autenticacao/ sob o número 3414527.
Supremo Tribunal Federal
Inteiro Teor do Acórdão - Página 17 de 19
","Voto - MIN. DIAS TOFFOLI  
05/02/2013 PRIMEIRA TURMA  
HABEAS CORPUS 108.403 RIO GRANDE DO SUL  
VOTO  

O ministro Dias Toffoli:  
Senhor Presidente, peço vênia para divergir com Vossa Excelência. Há repetição de comportamento. Segundo a jurisprudência, eu acordo com Vossa Excelência.  

O documento foi assinado digitalmente conforme a medida provisória n° 2.200-2/2001, de 24/08/2001, que cria a Infraestrutura de Chaves Públicas Brasileira - ICP-Brasil. O documento pode ser acessado no endereço http://www.stf.jus.br/portal/autenticacao/ com o número 3414527.  

Supremo Tribunal Federal  
Inteiro Teor do Acórdão - Página 17 de 19",33804,56.68,60.91,4.229999999999997,0.9754776358604431,71,68,3,
"Voto - MIN. MARCO AURÉLIO
02/09/2014 PRIMEIRA TURMA
AG.REG. NO INQUÉRITO 2.828 RONDÔNIA
V O T O
O  SENHOR  MINISTRO  MARCO  AURÉLIO  (RELATOR)  –  Os 
pressupostos de recorribilidade estão atendidos. O agravo veio subscrito 
por  profissionais  da  advocacia  devidamente  credenciados,  tendo  sido 
protocolado no  prazo  legal.  O ato  impugnado foi  disponibilizado por 
meio de aviso de recebimento em 17 de setembro de 2012, segunda-feira, 
verificando-se a interposição no dia 24 de setembro imediato, dentro do 
prazo de cinco dias. Conheço do recurso. 
A competência do Supremo é de direito estrito: os parâmetros são os 
contidos na Constituição Federal. Normas instrumentais comuns, como 
as do Código de Processo Penal relativas à continência e à conexão, não a 
alteram. Há de observar-se o princípio da especialidade, valendo ressaltar 
que se trata de competência absoluta – funcional.  O inquérito deve ter 
sequência  neste  Tribunal  quanto  ao  detentor  da  prerrogativa  de  foro, 
senador Ivo Narciso Cassol, remetendo-se os autos à Procuradoria Geral 
da República em virtude dos documentos encaminhados pelo Estado de 
Rondônia.
Reiterando  a  necessidade  de  adotar  entendimento  único,  sem 
qualquer variação, desprovejo este regimental.
Documento assinado digitalmente conforme MP n° 2.200-2/2001 de 24/08/2001, que institui a Infraestrutura de Chaves Públicas Brasileira - ICP-Brasil. O
documento pode ser acessado no endereço eletrônico http://www.stf.jus.br/portal/autenticacao/ sob o número 6669824.
Supremo Tribunal Federal
Inteiro Teor do Acórdão - Página 5 de 7
","Voto - MIN. MARCO AURÉLIO  
02/09/2014 PRIMEIRA TURMA  
AG.REG. NO INQUÉRITO 2.828 RONDÔNIA  

O senhor ministro Marco Aurélio (relator) – os pressupostos de recorribilidade estão atendidos. O agravo veio subscrito por profissionais da advocacia devidamente credenciados, tendo sido protocolado no prazo legal. O ato impugnado foi disponibilizado por meio de aviso de recebimento em 17 de setembro de 2012, sendo interposto no dia 24 de setembro, dentro do prazo de cinco dias. Conheço do recurso.  

A competência do Supremo é de direito estrito: os parâmetros são os contidos na Constituição Federal. Normas instrumentais, como as do Código de Processo Penal, não a alteram. Há de observar-se o princípio da especialidade, valendo ressaltar que se trata de competência absoluta – funcional. O inquérito deve ter sequência neste Tribunal quanto ao detentor da prerrogativa de foro, senador Ivo Narciso Cassol, remetendo-se os autos à Procuradoria Geral da República em virtude dos documentos encaminhados pelo Estado de Rondônia.  

Reiterando a necessidade de adotar entendimento único, desprovejo este regimental.  

Documento assinado digitalmente conforme MP n° 2.200-2/2001 de 24/08/2001, que institui a Infraestrutura de Chaves Públicas Brasileira - ICP-Brasil. O documento pode ser acessado no endereço eletrônico http://www.stf.jus.br/portal/autenticacao/ sob o número 6669824.  

Supremo Tribunal Federal  
Inteiro Teor do Acórdão - Página 5 de 7",6718,32.68,35.34,2.6600000000000037,0.9879584312438965,161,149,12,
"Relatório
13/10/2015 SEGUNDA TURMA
AG.REG. NO RECURSO ORDINÁRIO EM HABEAS CORPUS 121.835 
PERNAMBUCO
RELATOR : MIN. CELSO DE MELLO
AGTE.(S) :MINISTÉRIO PÚBLICO FEDERAL 
PROC.(A/S)(ES) :PROCURADOR-GERAL DA REPÚBLICA 
AGDO.(A/S) : JOSÉ PORFÍRIO DE OLIVEIRA 
ADV.(A/S) :FERNANDO AUGUSTO FERNANDES E OUTRO(A/S)
R E L A T Ó R I O
O SENHOR MINISTRO CELSO DE MELLO – (Relator):  Trata-se 
de recurso de agravo que,  tempestivamente interposto  pelo Ministério 
Público  Federal,  insurge-se contra  decisão  que,  por  mim proferida,  deu 
provimento ao presente recurso ordinário.
A parte agravante, ao impugnar a decisão ora recorrida, alega, em suas 
razões, o que se segue:
“O ‘decisum’  ora  impugnado  entendeu  por  extinguir  o  
processo  penal  em  relação  aos  seguintes  delitos:  (i)  art.  4º,  
inciso  V,  da  Lei  nº  8.137/90,  por  inépcia  formal  da  denúncia;  e  
(ii) art. 1º,  inciso VII,  da Lei nº 9.613/98, na redação anterior às  
Leis  nºs  12.683/2012  e  12.850/2013,  por  atipicidade  penal  da  
conduta. 
No  entanto,  com  a  devida  vênia,  a  conclusão quanto  ao  
segundo item acima mencionado está equivocada.
Embora  o  Plenário  desta  Corte  tenha  adotado  na  
AP  470/MG o  entendimento  pela  impossibilidade  de  utilizar  o 
conceito de organização criminosa da Convenção de Palermo  
para fins de tipificação do crime de lavagem de dinheiro, previsto no  
art.  1º,  inciso  VII,  da  Lei  nº  9.613/98,  antes  da  alteração  
Documento assinado digitalmente conforme MP n° 2.200-2/2001 de 24/08/2001, que institui a Infraestrutura de Chaves Públicas Brasileira - ICP-Brasil. O
documento pode ser acessado no endereço eletrônico http://www.stf.jus.br/portal/autenticacao/ sob o número 9810011.
Supremo Tribunal Federal
Inteiro Teor do Acórdão - Página 3 de 13
Relatório
RHC 121835 AGR / PE 
promovida  pela  Lei  nº  12.683/12,  esse  órgão  ministerial  vai  se  
permitir fazer algumas ponderações, considerando que aquela decisão  
não  foi  unânime  e  ocorreu  numa  composição  do  tribunal  
substancialmente diferente.
A definição do que seja ‘organização criminosa’ consta da  
Convenção  de  Palermo  e  foi  internalizada  no  Brasil  pelo  Decreto  
Legislativo nº 231/03 e pelo Decreto nº 5.015/04, a saber:
‘Artigo  2. Para  efeitos  da  presente  Convenção,  
entende-se por:  a) ‘Grupo criminoso organizado’ – grupo  
estruturado  de três  ou mais  pessoas, existente  há algum  
tempo  e  atuando  concertadamente  com  o  propósito  de  
cometer  uma  ou  mais  infrações  graves  ou  enunciadas  na  
presente  Convenção,  com  a  intenção  de  obter,  direta  ou  
indiretamente,  um  benefício  econômico  ou  outro  benefício  
material.’
Levando-se em consideração a definição acima,  a  inicial  
acusatória  apresenta  todos  os  elementos  imprescindíveis  à  
configuração  de  uma  organização  criminosa,  demonstrando  
claramente que os acusados se associaram para cometer, além deste  
último, crimes de sonegação fiscal e lavagem de dinheiro.
Não há, pela utilização do conceito acima mencionado  
como crime antecedente da lavagem de dinheiro, violação alguma  
ao princípio da legalidade estrita em matéria penal, pois  este  é  
pertinente à definição do delito e de suas respectivas penas. Ele  
não impede que se faça uso de compreensão corriqueira ou de conceito  
importado  de  outras  áreas  do  conhecimento  para  aspectos  
periféricos dos direitos penal e processual penal.
No caso,  a  organização criminosa mencionada nos autos,  da  
qual  o  paciente  é  apontado  como  líder,  começou  a  empreitada  
criminosa em 1998 e continuou mesmo após a edição dos referidos  
decretos legislativos (…).
…...................................................................................................
Dessa  forma,  incide,  na  espécie,  o  enunciado  da  
Súmula  nº  711/STF,  segundo  o  qual  ‘a  lei  penal  mais  grave  
2 
Documento assinado digitalmente conforme MP n° 2.200-2/2001 de 24/08/2001, que institui a Infraestrutura de Chaves Públicas Brasileira - ICP-Brasil. O
documento pode ser acessado no endereço eletrônico http://www.stf.jus.br/portal/autenticacao/ sob o número 9810011.
Supremo Tribunal Federal
Inteiro Teor do Acórdão - Página 4 de 13
Relatório
RHC 121835 AGR / PE 
aplica-se  ao  crime  continuado  ou  ao  crime  permanente,  se  a  sua  
vigência é anterior à cessação da continuidade ou da permanência’.
E ainda que  tais  delitos  não  tivessem sido  alcançados  
pela  referida  convenção,  seria  possível  a  complementação  do  
inciso  VII  do  art.  1º  da  Lei  nº  9.613/98,  na  redação  anterior  à  
Lei nº 12.683/12, pelo art. 288 do Código Penal, que prevê o crime de  
quadrilha em um aspecto mais reduzido.
…...................................................................................................
De  resto,  esse  órgão  ministerial  reitera  os  termos  do  
parecer  anteriormente  apresentado,  cujas  razões  são  aqui  
reafirmadas.” (grifei)
Por não me convencer das razões expostas pela parte ora agravante, 
submeto à apreciação desta colenda Turma o presente recurso de agravo.
É o relatório.
3 
Documento assinado digitalmente conforme MP n° 2.200-2/2001 de 24/08/2001, que institui a Infraestrutura de Chaves Públicas Brasileira - ICP-Brasil. O
documento pode ser acessado no endereço eletrônico http://www.stf.jus.br/portal/autenticacao/ sob o número 9810011.
Supremo Tribunal Federal
Inteiro Teor do Acórdão - Página 5 de 13
","Relatório  
13/10/2015 SEGUNDA TURMA  
AG.REG. NO RECURSO ORDINÁRIO EM HABEAS CORPUS 121.835  
PERNAMBUCO  
RELATOR : MIN. CELSO DE MELLO  
AGTE.(S) :MINISTÉRIO PÚBLICO FEDERAL  
PROC.(A/S)(ES) :PROCURADOR-GERAL DA REPÚBLICA  
AGDO.(A/S) : JOSÉ PORFÍRIO DE OLIVEIRA  
ADV.(A/S) :FERNANDO AUGUSTO FERNANDES E OUTRO(A/S)  

O MINISTRO CELSO DE MELLO, relator, trata-se de recurso de agravo interposto pelo Ministério Público Federal contra uma decisão que deu provimento ao presente recurso. A parte agravante argumenta que a decisão foi equivocada. 

Ela afirma que a decisão acolheu o entendimento de que dois crimes foram extintos por motivos formais e de atipicidade, mas que essa conclusão está errada. O ministro concorda com a parte agravante, pois o conceito de organização criminosa, utilizado no segundo item, não é inaplicável, já que a definição está clara na Convenção de Palermo e no Brasil, em decretos legais. 

O caso mostra que os acusados se associaram para cometer vários crimes, incluindo lavagem de dinheiro. O uso do conceito de organização criminosa não viola o princípio da legalidade estrita, pois ele é parte da definição do crime. 

Além disso, a lei penal mais grave aplica-se ao crime continuado ou permanente se sua vigência foi antes da cessação do crime. Mesmo que o conceito de organização criminosa não tivesse sido usado, poderia ser aplicado outro crime previsto na lei.  

O relator reforça as razões apresentadas no parecer anterior e submete o recurso à Turma.",47296,28.39,29.73,1.3399999999999999,0.9092597365379333,344,144,200,
"Voto - MIN. CÁRMEN LÚCIA
28/08/2012 PRIMEIRA TURMA
EMB.DECL. NOS EMB.DECL. NOS EMB.DECL. NOS EMB.DECL. NO AG.REG. 
NO AGRAVO DE INSTRUMENTO 601.293 MINAS GERAIS
V O T O
A SENHORA MINISTRA CÁRMEN LÚCIA (Relatora):
1.  Inicialmente,  observa-se  que  os  Embargantes  comprovaram  o 
recolhimento da multa fixada em 1% sobre o valor corrigido da causa, nos 
termos do art. 538, parágrafo único, c/c arts. 14, inc. II e III, e 17, inc. VII, 
do Código de Processo Civil (fls. 634-636).
2. Razão jurídica não assiste aos Embargantes.
3. Os  embargos  de  declaração  não  se  prestam  para  provocar  a 
reforma da decisão embargada, salvo no ponto em que esta tenha sido 
omissa, contraditória ou obscura, nos moldes do art. 535 do Código de 
Processo Civil, o que não se dá na espécie.
4.  Os  Embargantes  insistem  na  pretensão  de  rediscutir  o  que 
assentado no julgamento do agravo regimental  no presente agravo de 
instrumento, o que não viabiliza o conhecimento dos quartos embargos 
de declaração com esse objetivo (AI 490.707-AgR-ED-ED ED, de minha 
relatoria, Primeira Turma, DJe 20.2.2009).
5. Cumpre  anotar,  ao  final,  que  é  evidente  que  a  reiteração  do 
recurso sem a demonstração do desacerto da decisão recorrida configura 
a intenção protelatória da parte e permite a adoção de providência no 
sentido  de  determinar  a  baixa  imediata  dos  autos  e  a  execução  do 
julgado.
Confiram-se os seguintes julgados:
 
“EMBARGOS DE DECLARAÇÃO NOS EMBARGOS DE  
Supremo Tribunal Federal
Documento assinado digitalmente conforme MP n° 2.200-2/2001 de 24/08/2001, que institui a Infraestrutura de Chaves Públicas Brasileira - ICP-Brasil. O
documento pode ser acessado no endereço eletrônico http://www.stf.jus.br/portal/autenticacao/ sob o número 2764335.
Inteiro Teor do Acórdão - Página 5 de 10
Voto - MIN. CÁRMEN LÚCIA
AI 601.293 AGR-ED-ED-ED-ED / MG 
DIVERGÊNCIA  NOS  EMBARGOS  DE  DECLARAÇÃO  NO  
AGRAVO  REGIMENTAL  NO  AGRAVO  DE  INSTRUMENTO.  
PROCESSUAL  CIVIL.  EMBARGOS  DE  DIVERGÊNCIA.  
DESERÇÃO:  AUSÊNCIA  DE  COMPROVAÇÃO  DO  
PAGAMENTO DO PREPARO. EMBARGOS DE DECLARAÇÃO  
REJEITADOS. 1. É pacífica a jurisprudência do Supremo Tribunal  
Federal  no  sentido  de  que  compete  à  parte  recorrente  comprovar  o  
recolhimento  do  preparo  no  ato  da  interposição  do  recurso.  
Precedentes. 2. Determinação de baixa imediata dos autos à origem”  
(AI 754.794-AgR-ED-EDv-ED, de minha relatoria, Plenário, DJe 
20.8.2010).
“TERCEIROS  EMBARGOS  DE  DECLARAÇÃO  (...)  
RECONHECIMENTO  DO  INTUITO  PROCRASTINATÓRIO  
DOS  EMBARGOS  DE  DECLARAÇÃO  -  EXECUÇÃO  
IMEDIATA  DA  DECISÃO,  INDEPENDENTEMENTE  DA 
PUBLICAÇÃO  DO  RESPECTIVO  ACÓRDÃO  -  
POSSIBILIDADE  -  EMBARGOS  DE  DECLARAÇÃO  NÃO  
CONHECIDOS. (...). UTILIZAÇÃO ABUSIVA DOS EMBARGOS  
DE  DECLARAÇÃO.  POSSIBILIDADE  DE  IMEDIATA 
EXECUÇÃO  DA  DECISÃO  EMANADA  DO  SUPREMO  
TRIBUNAL FEDERAL. -  A reiteração de  embargos  de  declaração,  
sem  que  se  registre  qualquer  dos  pressupostos  legais  de  
embargabilidade  (CPC,  art.  535),  reveste-se  de  caráter  abusivo  e  
evidencia  o intuito protelatório  que anima a conduta processual  da  
parte recorrente. O propósito revelado pela embargante, de impedir a  
consumação do trânsito em julgado de decisão que lhe foi inteiramente  
desfavorável - valendo-se, para esse efeito, da utilização sucessiva e  
procrastinatória de embargos declaratórios incabíveis - constitui fim  
ilícito  que  desqualifica  o  comportamento  processual  da  parte  
recorrente e que autoriza, em consequência, o imediato cumprimento  
da  decisão  emanada  desta  Suprema  Corte,  independentemente  da  
publicação do acórdão consubstanciador do respectivo julgamento e de  
eventual interposição de novos embargos de declaração ou de qualquer  
outra  espécie  recursal.  Precedentes” (AI  311.596-AgR-ED-ED-ED, 
Rel. Min. Celso de Mello, Segunda Turma, DJ 22.9.2006).  
2 
Supremo Tribunal Federal
Documento assinado digitalmente conforme MP n° 2.200-2/2001 de 24/08/2001, que institui a Infraestrutura de Chaves Públicas Brasileira - ICP-Brasil. O
documento pode ser acessado no endereço eletrônico http://www.stf.jus.br/portal/autenticacao/ sob o número 2764335.
Inteiro Teor do Acórdão - Página 6 de 10
Voto - MIN. CÁRMEN LÚCIA
AI 601.293 AGR-ED-ED-ED-ED / MG 
6. Assim, nos termos do entendimento firmado pela Primeira Turma, 
não conheço dos embargos de declaração e determino a baixa imediata 
dos autos à origem. 
3 
Supremo Tribunal Federal
Documento assinado digitalmente conforme MP n° 2.200-2/2001 de 24/08/2001, que institui a Infraestrutura de Chaves Públicas Brasileira - ICP-Brasil. O
documento pode ser acessado no endereço eletrônico http://www.stf.jus.br/portal/autenticacao/ sob o número 2764335.
Inteiro Teor do Acórdão - Página 7 de 10
","Voto - MIN. CÁRMEN LÚCIA  
28/08/2012 PRIMEIRA TURMA  
EMB.DECL. NOS EMB.DECL. NOS EMB.DECL. NOS EMB.DECL. NO AG.REG.  
NO AGRAVO DE INSTRUMENTO 601.293 MINAS GERAIS  

A ministra Carmen Lucia (relatora) diz que os embargantes comprovaram o pagamento de uma multa de 1% sobre o valor da causa, conforme o artigo 538 do Código de Processo Civil. Não há razão jurídica para os embargos. Os embargos não permitem reformar a decisão, exceto se houver omissão ou obscuridade. O que não ocorreu no caso.  

Os embargantes querem reabrir um ponto já decidido, o que não permite conhecer seus embargos. A repetição dos recursos sem mostrar erro na decisão é protelatória e justifica a baixa imediata do processo.  

Confiram os julgamentos:  
- O Supremo Tribunal Federal diz que a parte precisa comprovar o pagamento do preparo no momento do recurso.  
- A reiteração dos embargos sem base legal é abusiva e permite a execução imediata da decisão, mesmo sem publicar o acórdão.  

Assim, não conheço dos embargos e determino a baixa imediata do processo.",72227,46.32,55.71,9.39,0.8819631934165955,253,99,154,
"Relatório
07/10/2016 SEGUNDA TURMA
AG.REG. NO RECURSO EXTRAORDINÁRIO COM AGRAVO 852.897 RIO 
GRANDE DO SUL
RELATOR : MIN. GILMAR MENDES
AGTE.(S) :GARIGRAF ARTES GRÁFICAS LTDA 
ADV.(A/S) :VALMOR LUIZ FIORINI E OUTRO(A/S)
AGDO.(A/S) :ESTADO DO RIO GRANDE DO SUL 
PROC.(A/S)(ES) :PROCURADOR-GERAL DO ESTADO DO RIO 
GRANDE DO SUL 
AGDO.(A/S) :MUNICÍPIO DE GARIBALDI 
PROC.(A/S)(ES) :LETÍCIA DAMIN E OUTRO(A/S)
R E L A T Ó R I O
O  SENHOR MINISTRO GILMAR MENDES (RELATOR): Trata-se  de 
agravo regimental em recurso extraordinário com agravo contra decisão 
que negou provimento a recurso, sob o fundamento de que a natureza da 
matéria versada nos autos reveste-se de índole infraconstitucional, bem 
como em razão da incidência da Súmula 279.
No agravo regimental, sustenta-se que a jurisprudência desta Corte é 
no sentido de que “parte substancial das operações da replicante (embalagens,  
rótulos,  etc.)  está  no  campo  de  incidência  do  ICMS,  o  que  afasta,  assim,  a  
incidência do tributo municipal (ISSQN)”. (eDOC 8, p. 18)
É o relatório.
Documento assinado digitalmente conforme MP n° 2.200-2/2001 de 24/08/2001, que institui a Infraestrutura de Chaves Públicas Brasileira - ICP-Brasil. O
documento pode ser acessado no endereço eletrônico http://www.stf.jus.br/portal/autenticacao/ sob o número 11880434.
Supremo Tribunal Federal
Inteiro Teor do Acórdão - Página 2 de 8
","Relatório  
07/10/2016 SEGUNDA TURMA  
AG.REG. NO RECURSO EXTRAORDINÁRIO COM AGRAVO 852.897 RIO GRANDE DO SUL  
RELATOR : MIN. GILMAR MENDES  
AGTE.(S) : GARIGRAF ARTES GRÁFICAS LTDA  
ADV.(A/S) : VALMOR LUIZ FIORINI E OUTRO(A/S)  
AGDO.(A/S) : ESTADO DO RIO GRANDE DO SUL  
PROC.(A/S)(ES) : PROCURADOR-GERAL DO ESTADO DO RIO GRANDE DO SUL  
AGDO.(A/S) : MUNICÍPIO DE GARIBALDI  
PROC.(A/S)(ES) : LETÍCIA DAMIN E OUTRO(A/S)  

O ministro Gilmar Mendes (relator) disse que o caso é um agravo regimental em um recurso extraordinário com agravo contra uma decisão que negou provimento a um recurso. A razão foi que a matéria envolvida não está no campo da Constituição e também porque a Súmula 279 se aplica. No agravo, diz-se que a jurisprudência da Corte afirma que parte das operações da empresa (embalagens, rótulos etc.) estão sob o ICMS, o que faz com que o ISSQN não seja aplicável.  

Documento assinado digitalmente conforme MP n° 2.200-2/2001 de 24/08/2001, que institui a ICP-Brasil. O documento pode ser acessado no endereço eletrônico http://www.stf.jus.br/portal/autenticacao/ sob o número 11880434.  
Supremo Tribunal Federal  
Inteiro Teor do Acórdão - Página 2 de 8",115463,55.63,63.41,7.779999999999994,0.9504808783531189,130,116,14,
"Extrato de Ata - 12/11/2013
SEGUNDA TURMA
EXTRATO DE ATA
HABEAS CORPUS 109.047
PROCED. : DISTRITO FEDERAL
RELATORA : MIN. CÁRMEN LÚCIA
PACTE.(S) : EDUARDO DE OLIVEIRA SOUSA
IMPTE.(S) : DEFENSORIA PÚBLICA DA UNIÃO
PROC.(A/S)(ES) : DEFENSOR PÚBLICO-GERAL FEDERAL
COATOR(A/S)(ES) : SUPERIOR TRIBUNAL MILITAR
Decisão: A Turma, por votação unânime, denegou a ordem, nos 
termos do voto da Relatora. 2ª Turma, 12.11.2013. 
Presidência da Senhora Ministra Cármen Lúcia. Presentes à 
sessão os Senhores Ministros Celso de Mello, Gilmar Mendes, 
Ricardo Lewandowski e Teori Zavascki.
Subprocurador-Geral  da  República,  Dr.  Paulo  Gustavo  Gonet 
Branco.
Ravena Siqueira
Secretária Substituta
Documento assinado digitalmente conforme MP n° 2.200-2/2001 de 24/08/2001, que institui a Infra-estrutura de Chaves Públicas Brasileira - ICP-Brasil. O
documento pode ser acessado no endereço eletrônico http://www.stf.jus.br/portal/autenticacao/autenticarDocumento.asp sob o número 4872699
Supremo Tribunal Federal
Inteiro Teor do Acórdão - Página 8 de 8
","Extrato de Ata - 12/11/2013  
SEGUNDA TURMA  
EXTRATO DE ATA  
HABEAS CORPUS 109.047  
PROCEDÊNCIA: DISTRITO FEDERAL  
RELATORA: MIN. CÁRMEN LÚCIA  
PACTE(S): EDUARDO DE OLIVEIRA SOUSA  
IMPTE(S): DEFENSORIA PÚBLICA DA UNIÃO  
PROC.(A/S)(ES): DEFENSOR PÚBLICO-GERAL FEDERAL  
COATOR(A/S)(ES): SUPERIOR TRIBUNAL MILITAR  
Decisão: A Turma, por unanimidade, negou a ordem, conforme o voto da Relatora. 2ª Turma, 12.11.2013.  
Presidência da Senhora Ministra Cármen Lúcia. Presentes: Celso de Mello, Gilmar Mendes, Ricardo Lewandowski e Teori Zavascki.  
Subprocurador-Geral da República, Dr. Paulo Gustavo Gonet Branco.  
Ravena Siqueira, Secretária Substituta.  
Documento assinado digitalmente conforme a MP n° 2.200-2/2001, que cria o ICP-Brasil. Pode ser acessado no endereço http://www.stf.jus.br/portal/autenticacao/autenticarDocumento.asp com o número 4872699.  
Supremo Tribunal Federal  
Inteiro Teor do Acórdão - Página 8 de 8",34434,50.44,53.9,3.460000000000001,0.9563558101654053,110,97,13,
"Voto - MIN. ROBERTO BARROSO
14/10/2016 PRIMEIRA TURMA
AG.REG. NO RECURSO EXTRAORDINÁRIO COM AGRAVO 988.350 MATO 
GROSSO DO SUL
V O T O 
O SENHOR MINISTRO LUÍS ROBERTO BARROSO (RELATOR): 
1. O recurso não deve ser provido, tendo em vista que a parte 
recorrente  não  trouxe  novos  argumentos  suficientes  para  modificar  a 
decisão ora agravada. 
2. A alegada  violação  aos  dispositivos  constitucionais,  nos 
termos trazidos na petição de recurso extraordinário, não foi objeto de 
apreciação pelo acórdão do Tribunal de origem, de modo que o recurso 
extraordinário  carece  do  necessário  prequestionamento,  nos  termos da 
Súmula 282/STF. No caso, “a simples oposição dos embargos de declaração sem  
o  efetivo  debate  no  Tribunal  de  origem,  acerca  da  matéria  versada  pelos  
dispositivos  constitucionais  apontados  como  malferidos,  não  supre  a  falta  do  
requisito  do  prequestionamento,  viabilizador  da  abertura  da  instância  
extraordinária. Incidência da Súmula n. 282 do Supremo Tribunal Federal” (RE 
694.298-AgR, Rel. Min. Luiz Fux). 
3. Ademais,  tal  como  consta  na  decisão  agravada,  para 
chegar a conclusão diversa do acórdão recorrido,  seriam necessárias a 
análise  da  legislação  infraconstitucional  pertinente  e  uma  nova 
reapreciação  dos  fatos  e  do  material  probatório  constante  dos  autos 
(Súmula 279/STF), procedimentos inviáveis em recurso extraordinário. 
4. Diante do exposto, nego provimento ao agravo interno. 
Supremo Tribunal Federal
Documento assinado digitalmente conforme MP n° 2.200-2/2001 de 24/08/2001, que institui a Infraestrutura de Chaves Públicas Brasileira - ICP-Brasil. O
documento pode ser acessado no endereço eletrônico http://www.stf.jus.br/portal/autenticacao/ sob o número 11909570.
Inteiro Teor do Acórdão - Página 7 de 8
","Voto – MIN. ROBERTO BARROSO  
14/10/2016 PRIMEIRA TURMA  
AG.REG. NO RECURSO EXTRAORDINÁRIO COM AGRAVO 988.350 MATO GROSSO DO SUL  

O SENHOR MINISTRO LUÍS ROBERTO BARROSO (RELATOR):  

1. O recurso não deve ser acatado, pois a parte que reclama não apresentou novos argumentos suficientes para mudar a decisão já tomada.  

2. A acusação de violação da Constituição não foi analisada pelo tribunal original, então o recurso não tem base legal para ser considerado. Isso está em linha com a Súmula 282 do STF.  

3. Para alterar a decisão, seria necessário analisar leis secundárias e reavaliar os fatos, algo que não é possível em um recurso extraordinário.  

4. Por isso, nego provimento ao agravo interno.  

Supremo Tribunal Federal  
Documento assinado digitalmente conforme MP n° 2.200-2/2001 de 24/08/2001, que institui a Infraestrutura de Chaves Públicas Brasileira - ICP-Brasil. O documento pode ser acessado no endereço eletrônico http://www.stf.jus.br/portal/autenticacao/ sob o número 11909570.  
Inteiro Teor do Acórdão - Página 7 de 8",135394,33.54,55.86,22.32,0.9234323501586914,158,110,48,
"Extrato de Ata - 25/08/2016
PLENÁRIO
EXTRATO DE ATA
AÇÃO DIRETA DE INCONSTITUCIONALIDADE 5.491
PROCED. : DISTRITO FEDERAL
RELATOR : MIN. DIAS TOFFOLI
REQTE.(S) : SOLIDARIEDADE
ADV.(A/S) : TIAGO CEDRAZ LEITE OLIVEIRA (23167/DF) E OUTRO(A/S)
INTDO.(A/S) : PRESIDENTE DA REPÚBLICA
PROC.(A/S)(ES) : ADVOGADO-GERAL DA UNIÃO
INTDO.(A/S) : CONGRESSO NACIONAL
PROC.(A/S)(ES) : ADVOGADO-GERAL DA UNIÃO
Decisão: Após o voto do Ministro Dias Toffoli (Relator), que 
julgava  improcedente  o  pedido  formulado  na  ação,  no  que  foi 
acompanhado pelos Ministros Roberto Barroso e Ricardo Lewandowski 
(Presidente),  o  julgamento  foi  suspenso.  Falou  pela  Advocacia-
Geral da União a Dra. Gracie Maria Fernandes Mendonça, Secretária-
Geral de Contencioso. Plenário, 24.08.2016.
Decisão: O  Tribunal,  por  maioria  e  nos  termos  do  voto  do 
Relator,  julgou  improcedente  o  pedido  formulado,  vencidos  o 
Ministro Edson Fachin, que dava parcial procedência ao pedido, e 
os  Ministros  Marco  Aurélio  e  Celso  de  Mello,  que  o  julgavam 
procedente.  Ausentes,  justificadamente,  os  Ministros  Ricardo 
Lewandowski (Presidente) e Roberto Barroso. Presidiu o julgamento 
a Ministra Cármen Lúcia (Vice-Presidente). Plenário, 25.08.2016.
 
Presidência  da  Senhora  Ministra  Cármen  Lúcia  (Vice-
Presidente).  Presentes  à  sessão  os  Senhores  Ministros  Celso  de 
Mello, Marco Aurélio, Gilmar Mendes, Dias Toffoli, Luiz Fux, Rosa 
Weber, Teori Zavascki e Edson Fachin.
Ausentes, justificadamente, os Ministros Ricardo Lewandowski 
(Presidente) e Roberto Barroso.
Subprocurador-Geral da República, Dr. Odim Brandão Ferreira.
p/ Maria Sílvia Marques dos Santos
Assessora-Chefe do Plenário
Documento assinado digitalmente conforme MP n° 2.200-2/2001 de 24/08/2001, que institui a Infra-estrutura de Chaves Públicas Brasileira - ICP-Brasil. O
documento pode ser acessado no endereço eletrônico http://www.stf.jus.br/portal/autenticacao/autenticarDocumento.asp sob o número 11636852
Supremo Tribunal Federal
Inteiro Teor do Acórdão - Página 195 de 195
","Extrato de Ata - 25/08/2016  
PLENÁRIO  
EXTRATO DE ATA  
AÇÃO DIRETA DE INCONSTITUCIONALIDADE 5.491  
PROCEDÊNCIA: DISTRITO FEDERAL  
RELATOR: MIN. DIAS TOFFOLI  
REQTE.: SOLIDARIEDADE  
ADV.(A/S): TIAGO CEDRAZ LEITE OLIVEIRA (23167/DF) E OUTRO(A/S)  
INTDO.(A/S): PRESIDENTE DA REPÚBLICA  
PROC.(A/S)(ES): ADVOGADO-GERAL DA UNIÃO  
INTDO.(A/S): CONGRESSO NACIONAL  
PROC.(A/S)(ES): ADVOGADO-GERAL DA UNIÃO  

Decisão: Após o voto do Ministro Dias Toffoli (Relator), que julgava o pedido improcedente, foi acompanhado pelos Ministros Roberto Barroso e Ricardo Lewandowski. O julgamento foi suspenso. Falou pela Advocacia-Geral da União a Dra. Gracie Maria Fernandes Mendonça, Secretária-Geral de Contencioso. Plenário, 24.08.2016.

Decisão: O Tribunal, por maioria e nos termos do voto do Relator, julgou o pedido improcedente. Venceu o Ministro Edson Fachin, que dava parcial procedência ao pedido, e os Ministros Marco Aurélio e Celso de Mello, que o julgavam procedente. Ausentes, justificadamente, os Ministros Ricardo Lewandendid (Presidente) e Roberto Barroso. Presidiu o julgamento a Ministra Cármen Lúcia (Vice-Presidente). Plenário, 25.08.2016.

Presidência da Senhora Ministra Cármen Lúcia (Vice-Presidente). Presentes à sessão os Ministros Celso de Mello, Marco Aurélio, Gilmar Mendes, Dias Toffoli, Luiz Fux, Rosa Weber, Teori Zavascki e Edson Fachin. Ausentes, justificadamente, os Ministros Ricardo Lewandowski (Presidente) e Roberto Barroso.

Subprocurador-Geral da República, Dr. Odim Brandão Ferreira.  
p/ Maria Sílvia Marques dos Santos  
Assessora-Chefe do Plenário  
Documento assinado digitalmente conforme MP n° 2.200-2/2001 de 24/08/2001, que institui a Infra-estrutura de Chaves Públicas Brasileira - ICP-Brasil. O documento pode ser acessado no endereço eletrônico http://www.stf.jus.br/portal/autenticacao/autenticarDocumento.asp sob o número 11636852  
Supremo Tribunal Federal  
Inteiro Teor do Acórdão - Página 195 de 195",12419,34.24,36.68,2.4399999999999977,0.980379581451416,157,154,3,
"Relatório
05/08/2014 SEGUNDA TURMA
AG.REG. EM MANDADO DE SEGURANÇA 31.955 BAHIA
RELATORA : MIN. CÁRMEN LÚCIA
AGTE.(S) :MARIA ALMEIDA OLIVEIRA DOS SANTOS E 
OUTRO(A/S)
ADV.(A/S) : JOSE CARLOS TEIXEIRA TORRES JUNIOR E 
OUTRO(A/S)
AGDO.(A/S) :RELATORA DO ARE Nº 671159  DO SUPREMO 
TRIBUNAL FEDERAL 
ADV.(A/S) :ADVOGADO-GERAL DA UNIÃO 
LIT.PAS.(A/S) :ESTADO DA BAHIA 
PROC.(A/S)(ES) :PROCURADOR-GERAL DO ESTADO DA BAHIA 
R E L A T Ó R I O
A SENHORA MINISTRA CÁRMEN LÚCIA (RELATORA): 
1.  Em  21.3.2013,  indeferi  a  petição  inicial  deste  mandado  de 
segurança impetrado por  Maria  Almeida Oliveira  dos Santos  e  outros 
contra  decisão  proferida  pela  Ministra  Rosa  Weber  no  Recurso 
Extraordinário com Agravo n. 671.159, no sentido da aplicação dos arts. 
543-B,  do  Código  de  Processo  Civil,  e  328,  do  Regimento  Interno  do 
Supremo  Tribunal  Federal,  tendo  em  vista  o  reconhecimento  da 
repercussão geral sobre a “questão atinente ao direito de servidores inativos a  
continuar situados no último nível da carreira (nível no qual foram aposentados),  
mesmo  diante  da  reestruturação  do  plano  de  cargos  e  salários”  (Recurso 
Extraordinário  n.  606.199,  Relator  o  Ministro  Ayres  Britto,  Plenário 
virtual, DJe 11.4.2012).
2. Publicada  essa  decisão  no  DJe  de  1º.4.2013,  interpõem  os 
Impetrantes,  ora  Agravantes,  em  8.4.2013,  tempestivamente,  agravo 
regimental.
Supremo Tribunal Federal
Documento assinado digitalmente conforme MP n° 2.200-2/2001 de 24/08/2001, que institui a Infraestrutura de Chaves Públicas Brasileira - ICP-Brasil. O
documento pode ser acessado no endereço eletrônico http://www.stf.jus.br/portal/autenticacao/ sob o número 6495563.
Inteiro Teor do Acórdão - Página 3 de 8
Relatório
MS 31955 AGR / BA 
3. Alegam, preliminarmente, a nulidade da decisão proferida, sob o 
argumento de que o art. 205 do Regimento Interno do Supremo Tribunal 
Federal  somente  autoriza  o  julgamento  monocrático  do  mandado  de 
segurança após a juntada das informações da autoridade coatora e do 
parecer do Procurador-Geral da República.
Sustentam que a aplicação da sistemática de repercussão geral não é 
ato  judicial  passível  de  recurso,  sendo,  por  isso,  possível  a  sua 
impugnação por mandado de segurança.
Afirmam que o recurso extraordinário devolvido foi interposto para 
a análise de direito local,  devendo, por isso, ter sido confirmada a sua 
inadmissão,  e não inserido no procedimento da repercussão geral,  sob 
pena  de  afronta  ao  princípio  da  segurança  jurídica,  considerando  a 
existência de precedentes negando seguimento a recursos sobre a mesma 
matéria.
4. Requerem  a  reconsideração  da  decisão  agravada,  com  o 
processamento do mandado de segurança.
É o relatório.
2 
Supremo Tribunal Federal
Documento assinado digitalmente conforme MP n° 2.200-2/2001 de 24/08/2001, que institui a Infraestrutura de Chaves Públicas Brasileira - ICP-Brasil. O
documento pode ser acessado no endereço eletrônico http://www.stf.jus.br/portal/autenticacao/ sob o número 6495563.
Inteiro Teor do Acórdão - Página 4 de 8
","Relatório  
05/08/2014 SEGUNDA TURMA  
AG.REG. EM MANDADO DE SEGURANÇA 31.955 BAHIA  
RELATORA : MIN. CÁRMEN LÚCIA  
AGTE.(S) :MARIA ALMEIDA OLIVEIRA DOS SANTOS E OUTRO(A/S)  
ADV.(A/S) : JOSE CARLOS TEIXEIRA TORRES JUNIOR E OUTRO(A/S)  
AGDO.(A/S) :RELATORA DO ARE Nº 671159 DO SUPREMO TRIBUNAL FEDERAL  
ADV.(A/S) :ADVOGADO-GERAL DA UNIÃO  
LIT.PAS.(A/S) :ESTADO DA BAHIA  
PROC.(A/S)(ES) :PROCURADOR-GERAL DO ESTADO DA BAHIA  

RELATÓRIO  
A MINISTRA CÁRMEN LÚCIA (RELATORA):  
1. Em 21.3.2013, indeferi a petição inicial deste mandado de segurança impetrado por Maria Almeida Oliveira dos Santos e outros contra decisão da Ministra Rosa Weber no Recurso Extraordinário n. 671.159, pois a aplicação dos arts. 543-B do Código de Processo Civil e 328 do Regimento Interno do Supremo Tribunal Federal não era válida, por causa de uma repercussão geral sobre o direito de servidores inativos continuar no último nível da carreira.  
2. Após a decisão ser publicada no DJe em 1º.4.2013, os impetrantes interporam um agravo regimental em 8.4.2013.  
3. Alegam que a decisão é nula porque o art. 205 do Regimento Interno do Supremo Tribunal Federal exige a juntada de informações da autoridade coatora e do Procurador-Geral da República antes de julgar um mandado de segurança. Também dizem que a aplicação da sistemática de repercussão geral não é um ato judicial que pode ser impugnado por mandado de segurança.  
4. Pedem a reconsideração da decisão, com o processamento do mandado de segurança.  
É o relatório.",25425,42.61,55.76,13.149999999999999,0.9224696159362793,214,120,94,
"Relatório
12/11/2018 PLENÁRIO
AG.REG. NO RECURSO EXTRAORDINÁRIO COM AGRAVO 1.159.256 RIO 
DE JANEIRO
RELATOR : MINISTRO PRESIDENTE
AGTE.(S) :LABORATORIOS MEDICOS DR ELIEL FIGUEIREDO 
LTDA 
ADV.(A/S) :RENATA PASSOS BERFORD GUARANA 
VASCONCELLOS 
ADV.(A/S) :MARCOS SILVERIO DE CARVALHO 
AGDO.(A/S) :UNIÃO 
PROC.(A/S)(ES) :PROCURADOR-GERAL DA FAZENDA NACIONAL 
RELATÓRIO
O SENHOR MINISTRO DIAS TOFFOLI (PRESIDENTE):  
Trata-se de tempestivo agravo regimental contra decisão proferida 
pela  Presidência  da  Corte,  mediante  a  qual  negou-se  seguimento  ao 
recurso, sob os fundamentos de aplicação da sistemática da repercussão 
geral pelo Tribunal de origem, ausência de ofensa constitucional direta e 
incidência das Súmulas 279 e 282/STF.
Sustenta a parte agravante a inexistência dos referidos óbices.
Em atenção ao princípio da celeridade processual e por não verificar 
prejuízo à parte agravada, deixo de abrir prazo para contrarrazões.
É o relatório.
Documento assinado digitalmente conforme MP n° 2.200-2/2001 de 24/08/2001. O documento pode ser acessado pelo endereço
http://www.stf.jus.br/portal/autenticacao/autenticarDocumento.asp sob o código E12E-2AD6-8F62-819A e senha 3B64-511C-F9F1-0E0F
Supremo Tribunal Federal
Inteiro Teor do Acórdão - Página 4 de 9
","Relatório  
12/11/2018 PLENÁRIO  
AG.REG. NO RECURSO EXTRAORDINÁRIO COM AGRAVO 1.159.256 RIO DE JANEIRO  
RELATOR : MINISTRO PRESIDENTE  
AGTE.(S) : LABORATORIOS MEDICOS DR ELIEL FIGUEIREDO LTDA  
ADV.(A/S) : RENATA PASSOS BERFORD GUARANA VASCONCELLOS  
ADV.(A/S) : MARCOS SILVERIO DE CARVALHO  
AGDO.(A/S) : UNIÃO  
PROC.(A/S)(ES) : PROCURADOR-GERAL DA FAZENDA NACIONAL  

O MINISTRO DIAS TOFFOLI (PRESIDENTE):  
Trata-se de um agravo contra a decisão que negou seguimento a um recurso, baseando-se na sistemática de repercussão geral do tribunal de origem, falta de ofensa constitucional direta e as Súmulas 279 e 282/STF. A parte agravante afirma que esses fundamentos não existem. Considerando o princípio da celeridade processual e o fato de não haver prejuízo à parte agravada, não foi aberto prazo para contrarrazões.  
É o relatório.  

Documento assinado digitalmente conforme MP n° 2.200-2/2001 de 24/08/2001. O documento pode ser acessado pelo endereço http://www.stf.jus.br/portal/autenticacao/autenticarDocumento.asp sob o código E12E-2AD6-8F62-819A e senha 3B64-511C-F9F1-0E0F  
Supremo Tribunal Federal  
Inteiro Teor do Acórdão - Página 4 de 9",152777,34.63,47.09,12.46,0.9819397330284119,132,120,12,
"Ementa e Acórdão
14/10/2014 PRIMEIRA TURMA
HABEAS CORPUS 120.949 SÃO PAULO
RELATOR : MIN. DIAS TOFFOLI
PACTE.(S) :NOBUHLE ELIZABETH DZANIBE 
IMPTE.(S) :DEFENSORIA PÚBLICA DA UNIÃO 
PROC.(A/S)(ES) :DEFENSOR PÚBLICO-GERAL FEDERAL 
COATOR(A/S)(ES) :SUPERIOR TRIBUNAL DE JUSTIÇA 
EMENTA
Habeas corpus. Penal e Processual Penal.  Tráfico internacional de 
drogas. Artigo 33, caput, c/c o art. 40, I, da Lei nº 11.343/2006. Pena-base. 
Fixação no mínimo legal. Pretendida aplicação, em seu grau máximo, do 
redutor  de  pena  previsto  no  art.  33,  §  4º,  da  Lei  nº  11.343/06. 
Descabimento. Redução, no piso de 1/6 (um sexto), que se amparou na 
gravidade concreta da infração. Paciente flagrada na posse de 2 kg de 
cocaína,  na  iminência  de  embarcar  em  voo  para  a  África  do  Sul. 
Precedentes.  Regime  inicial  fechado.  Pena  inferior  a  8  (oito)  anos. 
Imposição,  pelas  instâncias  ordinárias,  com  fundamento, 
exclusivamente,  no  art.  2º,  §  1º,  da  Lei  nº  8.072/90,  cuja 
inconstitucionalidade  foi  reconhecida  pelo  Plenário  do  Supremo 
Tribunal Federal. Manutenção desse regime, pelo Superior Tribunal de 
Justiça, com base na “mecânica delitiva”, na natureza e na quantidade 
de  droga  apreendida.  Inadmissibilidade.  Impossibilidade  de  se 
aduzirem fundamentos inovadores no julgamento de recurso exclusivo 
da  defesa.  Precedente.  Estrangeiro.  Ausência  de  domicílio  no  País. 
Condição que, por si só, não justifica a adoção do regime mais gravoso. 
Ordem concedida para se fixar o regime inicial semiaberto.
1.  Justifica-se a aplicação, no grau mínimo (1/6), do redutor de pena 
descrito no art. 33, § 4º, da Lei nº 11.343/06, diante da gravidade concreta 
da infração, evidenciada pela apreensão de 2 kg de cocaína em poder da 
paciente, detida na iminência de embarcar em voo para a África do Sul. 
Inviabilidade, outrossim, da utilização do habeas  corpus para se revolver 
o contexto fático-probatório e glosar os elementos de prova em que se 
Documento assinado digitalmente conforme MP n° 2.200-2/2001 de 24/08/2001, que institui a Infraestrutura de Chaves Públicas Brasileira - ICP-Brasil. O
documento pode ser acessado no endereço eletrônico http://www.stf.jus.br/portal/autenticacao/ sob o número 7260935.
Supremo Tribunal Federal
Inteiro Teor do Acórdão - Página 1 de 26
Ementa e Acórdão
HC 120949 / SP 
amparou a instância ordinária. Precedentes.
2.  É  vedada,  em  recurso  exclusivo  da  defesa,  a  utilização  de 
fundamentos  inovadores  para  justificar  a  adoção  do  regime  prisional 
mais gravoso, sob pena de reformatio in pejus. Precedentes.
3.  Não obstante condenada a paciente, por tráfico internacional, a 
pena inferior a 8 (oito) anos de reclusão, as instâncias ordinárias fixaram o 
regime inicial fechado com base, exclusivamente, no art. 2º, § 1º, da Lei nº 
8.072/90,  cuja  inconstitucionalidade  foi  reconhecida  pelo  Plenário  do 
Supremo Tribunal Federal (HC nº 111.840/ES, de minha relatoria, DJe de 
17/12/12).  Logo, não poderia o Superior Tribunal de Justiça, em recurso 
exclusivo da defesa, aduzir fundamentos inovadores para manter aquele 
regime.
4. A mera condição de estrangeiro e a ausência de domicílio no País 
não constituem motivação idônea para a imposição de regime prisional 
mais severo do que aquele que a pena aplicada admite.
5. Ordem concedida para se fixar o regime inicial semiaberto.
ACÓRDÃO
Vistos, relatados e discutidos estes autos, acordam os Ministros da 
Primeira  Turma  do  Supremo  Tribunal  Federal,  sob  a  Presidência  do 
Senhor Ministro Marco Aurélio, na conformidade da ata do julgamento e 
das notas taquigráficas, por maioria de votos, em implementar, em parte, 
a  ordem de  habeas corpus,  nos termos do voto do Relator,  vencido o 
Senhor Ministro Roberto Barroso, que a deferia em maior extensão.  
Brasília, 14 de outubro de 2014.
MINISTRO DIAS TOFFOLI
Relator
2 
Documento assinado digitalmente conforme MP n° 2.200-2/2001 de 24/08/2001, que institui a Infraestrutura de Chaves Públicas Brasileira - ICP-Brasil. O
documento pode ser acessado no endereço eletrônico http://www.stf.jus.br/portal/autenticacao/ sob o número 7260935.
Supremo Tribunal Federal
Inteiro Teor do Acórdão - Página 2 de 26
","O texto fala sobre um habeas corpus que discute a pena por tráfico internacional de drogas. A pessoa foi presa com 2 kg de cocaína, estava prestes a viajar para a África do Sul. O juiz queria aplicar uma redução da pena, mas o Supremo Tribunal Federal disse que não pode usar novos fundamentos para justificar um regime mais grave. A pena era menor que 8 anos, e o regime inicial foi mantido como fechado, mas a decisão final é por um regime semiaberto. O relator defendeu isso, mas houve divergência de votos.",46546,48.9,51.66,2.759999999999998,0.8665183782577515,251,66,185,
"Voto - MIN. MARCO AURÉLIO
22/04/2015 PLENÁRIO
EMB.DIV. NO AG.REG. NO AGRAVO DE INSTRUMENTO 801.096 DISTRITO 
FEDERAL
O  SENHOR  MINISTRO  MARCO  AURÉLIO  –  Presidente,  tenho 
certas  dúvidas  sobre  a  matéria,  porque  veio  à  balha  a  proibição 
peremptória de acumulação de proventos – gênero – de aposentadoria. 
Reconheço que, como ressaltou o ministro Teori Zavascki, a reforma 
foi anterior, à Carta de 1988. Mas houve o reingresso no serviço público 
quando já existia o óbice à percepção de dupla aposentadoria. O artigo 11 
da Emenda Constitucional nº 20 acomodou – sabemos muito bem disso - 
certas  situações  de  reingresso.  Mesmo  assim  o  fez,  o  legislador  de 
emenda, ressalvando que não poderia haver a acumulação de proventos. 
Por isso, peço vênia ao Relator para prover o recurso interposto pela 
União.  Tem-se situação jurídica  criada que conflita,  a  meu ver,  com o 
texto  da  Carta,  não  cabendo  distinguir  a  época  em  que  o  recorrido 
alcançou  o  que  percebido  antes  da  reforma.  Cabe  perquirir  se,  sob  a 
vigência da Carta de 1988, teria ele direito a dupla aposentadoria. 
Documento assinado digitalmente conforme MP n° 2.200-2/2001 de 24/08/2001, que institui a Infraestrutura de Chaves Públicas Brasileira - ICP-Brasil. O
documento pode ser acessado no endereço eletrônico http://www.stf.jus.br/portal/autenticacao/ sob o número 8331628.
Supremo Tribunal Federal
Inteiro Teor do Acórdão - Página 14 de 17
","Voto - MIN. MARCO AURÉLIO  
22/04/2015 PLENÁRIO  
EMB.DIV. NO AG.REG. NO AGRAVO DE INSTRUMENTO 801.096 DISTRITO FEDERAL  

O senhor ministro Marco Aurélio tem dúvidas sobre a matéria, porque veio à tona a proibição de acumular benefícios de aposentadoria. Reconhece que a reforma foi antes da Carta de 1988, mas quando as pessoas retornaram ao serviço público, já existia a restrição para ter duas aposentadorias. O artigo 11 da Emenda Constitucional nº 20 permitiu certas situações de retorno, mas ressalvando que não poderia haver acumulação de benefícios. Por isso, pede vênia ao relator para resolver o recurso interposto pela União. Há uma situação jurídica que contradiz o texto da Carta, e é preciso verificar se, sob a vigência da Carta de 1988, o recorrido teria direito a duas aposentadorias.  

Documento assinado digitalmente conforme MP n° 2.200-2/2001, que instituiu a ICP-Brasil. O documento pode ser acessado no endereço http://www.stf.jus.br/portal/autenticacao/ sob o número 8331628.  

Supremo Tribunal Federal  
Inteiro Teor do Acórdão - Página 14 de 17",104991,44.55,46.57,2.020000000000003,0.9129545092582703,143,117,26,
"Relatório
18/08/2015 PRIMEIRA TURMA
AG.REG. NO RECURSO EXTRAORDINÁRIO 888.327 GOIÁS
RELATORA : MIN. ROSA WEBER
AGTE.(S) :MINISTÉRIO PÚBLICO DO ESTADO DE GOIÁS 
PROC.(A/S)(ES) :PROCURADOR-GERAL DE JUSTIÇA DO ESTADO DE 
GOIÁS 
AGDO.(A/S) :MUNICÍPIO DE OUVIDOR 
ADV.(A/S) :CLÁUDIO CIRÍACO CIRINO 
AGDO.(A/S) :CÂMARA MUNICIPAL DE OUVIDOR 
ADV.(A/S) :DARLAN PEREIRA RODOVALHO 
RELATÓRIO
A Senhora Ministra Rosa Weber (Relatora): Contra a decisão por 
mim proferida, pela qual negado seguimento ao recurso, maneja agravo 
regimental o Ministério Público do Estado de Goiás.
Ataca  a  decisão  agravada,  ao  argumento  de  que  a  violação  dos 
preceitos da Constituição Federal se dá de forma direta. Insiste na afronta 
aos arts.  2º, 37, II, V, e IX, e 132 da Lei Maior.
O Tribunal de Justiça do Estado de Goiás julgou a controvérsia em 
decisão cuja ementa reproduzo:
“APELAÇÃO  CÍVEL.  AÇÃO  CIVIL  PÚBLICA. 
DETERMINAÇÃO PARA ELABORAÇÃO DE LEI CRIADORA 
DE CARGOS PÚBLICOS DE PROCURADOR E TÉCNICO EM 
CONTABILIDADE.  INVIABILIDADE.  OFENSA  AO 
PRINCÍPIO DA INDEPENDÊNCIA DOS PODERES  (ART.  2º 
DA  CF).  PORIBIÇÃO  DE  CONTRATAÇÃO. 
IMPOSSIBILIDADE.  INTERRUPÇÃO  DO  SERVIÇO. 
EXIGÊNCIA  DE  LICITAÇÃO  EX  LEGE.  CARGO  EM 
COMISSÃO  ALHEIO  À  FUNÇÃO  DE  CHEFIA. 
QUESTIONAMENTO EM AÇÃO PRÓPRIA.”
Acórdão recorrido publicado em 12.12.2012.
É o relatório.
Supremo Tribunal Federal
Documento assinado digitalmente conforme MP n° 2.200-2/2001 de 24/08/2001, que institui a Infraestrutura de Chaves Públicas Brasileira - ICP-Brasil. O
documento pode ser acessado no endereço eletrônico http://www.stf.jus.br/portal/autenticacao/ sob o número 9203071.
Inteiro Teor do Acórdão - Página 3 de 10
","Relatório  
18/08/2015 PRIMEIRA TURMA  
AG.REG. NO RECURSO EXTRAORDINÁRIO 888.327 GOIÁS  
RELATORA : MIN. ROSA WEBER  
AGTE.(S) :MINISTÉRIO PÚBLICO DO ESTADO DE GOIÁS  
PROC.(A/S)(ES) :PROCURADOR-GERAL DE JUSTIÇA DO ESTADO DE GOIÁS  
AGDO.(A/S) :MUNICÍPIO DE OUVIDOR  
ADV.(A/S) :CLÁUDIO CIRÍACO CIRINO  
AGDO.(A/S) :CÂMARA MUNICIPAL DE OUVIDOR  
ADV.(A/S) :DARLAN PEREIRA RODOVALHO  

A Ministra Rosa Weber (Relatora): Contra a decisão por mim proferida, pela qual negado seguimento ao recurso, maneja agravo regimental o Ministério Público do Estado de Goiás.  
Ataca a decisão agravada, ao argumento de que a violação dos preceitos da Constituição Federal se dá de forma direta. Insiste na ofensa aos arts. 2º, 37, II, V, e IX, e 132 da Lei Maior.  
O Tribunal de Justiça do Estado de Goiás julgou a controvérsia em decisão cuja ementa reproduzo:  
“APELAÇÃO CÍVEL. AÇÃO CIVIL PÚBLICA. DETERMINAÇÃO PARA ELABORAÇÃO DE LEI CRIADORA DE CARGOS PÚBLICOS DE PROCURADOR E TÉCNICO EM CONTABILIDADE. INVIABILIDADE. OFENSA AO PRINCÍPIO DA INDEPENDÊNCIA DOS PODERES (ART. 2º DA CF). PORIBIÇÃO DE CONTRATAÇÃO. IMPOSSIBILIDADE. INTERRUPÇÃO DO SERVIÇO. EXIGÊNCIA DE LICITAÇÃO EX LEGE. CARGO EM COMISSÃO ALHEIO À FUNÇÃO DE CHEFIA. QUESTIONAMENTO EM AÇÃO PRÓPRIA.”  
Acórdão recorrido publicado em 12.12.2012.  
É o relatório.  
Supremo Tribunal Federal  
Documento assinado digitalmente conforme MP n° 2.200-2/2001 de 24/08/2001, que institui a Infraestrutura de Chaves Públicas Brasileira - ICP-Brasil. O documento pode ser acessado no endereço eletrônico http://www.stf.jus.br/portal/autenticacao/ sob o número 9203071.  
Inteiro Teor do Acórdão - Página 3 de 10",121285,44.59,45.79,1.1999999999999957,0.9995085597038269,155,153,2,
"Extrato de Ata - 30/06/2015
SEGUNDA TURMA
EXTRATO DE ATA
AG.REG. NA RECLAMAÇÃO 20.956
PROCED. : RIO DE JANEIRO
RELATOR : MIN. CELSO DE MELLO
AGTE.(S) : DIRETÓRIO MUNICIPAL DO PARTIDO COMUNISTA DO BRASIL DE 
VOLTA REDONDA - PC DO B VOLTA REDONDA
ADV.(A/S) : TARCISIO IVAN MARTINS SILVA
AGDO.(A/S) : COLIGAÇÃO VOLTA REDONDA PODE MAIS - PRB, PTN, PR, 
PPS, DEM, PTC, PRP, PSDB E PT DO B
ADV.(A/S) : ALFREDO JOSÉ DE GODOI MACEDO E OUTRO(A/S)
AGDO.(A/S) : ANTÔNIO FRANCISCO NETO
ADV.(A/S) : FERNANDO SETEMBRINO MÁRQUEZ DE ALMEIDA E OUTRO(A/S)
AGDO.(A/S) : CARLOS ROBERTO PAIVA
ADV.(A/S) : JOÃO SILVEIRA NETO
INTDO.(A/S) : TRIBUNAL REGIONAL ELEITORAL DO ESTADO DO RIO DE 
JANEIRO
ADV.(A/S) : SEM REPRESENTAÇÃO NOS AUTOS
INTDO.(A/S) : TRIBUNAL SUPERIOR ELEITORAL
ADV.(A/S) : SEM REPRESENTAÇÃO NOS AUTOS
Decisão:  A  Turma,  por  votação  unânime,  negou  provimento  ao 
recurso  de  agravo,  nos  termos  do  voto  do  Relator.  Ausente, 
justificadamente, o Senhor Ministro Gilmar Mendes. Presidência do 
Senhor Ministro Dias Toffoli. 2ª Turma, 30.06.2015.
Presidência do Senhor Ministro Dias Toffoli. Presentes à 
sessão os Senhores Ministros Celso de Mello, Cármen Lúcia e Teori 
Zavascki. Ausente, justificadamente, o Senhor Ministro Gilmar 
Mendes.
Subprocurador-Geral da República, Dr. Odim Brandão Ferreira.
Ravena Siqueira
Secretária
Documento assinado digitalmente conforme MP n° 2.200-2/2001 de 24/08/2001, que institui a Infra-estrutura de Chaves Públicas Brasileira - ICP-Brasil. O
documento pode ser acessado no endereço eletrônico http://www.stf.jus.br/portal/autenticacao/autenticarDocumento.asp sob o número 8859920
Supremo Tribunal Federal
Inteiro Teor do Acórdão - Página 16 de 16
","Extrato de Ata - 30/06/2015  
SEGUNDA TURMA  
EXTRATO DE ATA  
AG.REG. NA RECLAMAÇÃO 20.956  
PROCED. : RIO DE JANEIRO  
RELATOR : MIN. CELSO DE MELLO  
AGTE.(S) : DIRETÓRIO MUNICIPAL DO PC do B DE VOLTA REDONDA  
ADV.(A/S) : TARCISIO IVAN MARTINS SILVA  
AGDO.(A/S) : COLIGAÇÃO VOLTA REDONDA PODE MAIS - PRB, PTN, PR, PPS, DEM, PTC, PRP, PSDB E PT DO B  
ADV.(A/S) : ALFREDO JOSÉ DE GODOI MACEDO E OUTRO(A/S)  
AGDO.(A/S) : ANTÔNIO FRANCISCO NETO  
ADV.(A/S) : FERNANDO SETEMBRINO MÁRQUEZ DE ALMEIDA E OUTRO(A/S)  
AGDO.(A/S) : CARLOS ROBERTO PAIVA  
ADV.(A/S) : JOÃO SILVEIRA NETO  
INTDO.(A/S) : TRIBUNAL REGIONAL ELEITORAL DO RIO DE JANEIRO  
ADV.(A/S) : SEM REPRESENTAÇÃO NOS AUTOS  
INTDO.(A/S) : TRIBUNAL SUPERIOR ELEITORAL  
ADV.(A/S) : SEM REPRESENTAÇÃO NOS AUTOS  

Decisão: A Turma, por votação unânime, negou provimento ao recurso de agravo, nos termos do voto do Relator. Ausente, justificadamente, o Senhor Ministro Gilmar Mendes. Presidência do Senhor Ministro Dias Toffoli. 2ª Turma, 30.06.2015.  
Presidência do Senhor Ministro Dias Toffoli. Presentes à sessão os Senhores Ministros Celso de Mello, Cármen Lúcia e Teori Zavascki. Ausente, justificadamente, o Senhor Ministro Gilmar Mendes.  
Subprocurador-Geral da República, Dr. Odim Brandão Ferreira.  
Ravena Siqueira  
Secretária  
Documento assinado digitalmente conforme MP n° 2.200-2/2001 de 24/08/2001, que institui a Infra-estrutura de Chaves Públicas Brasileira - ICP-Brasil. O documento pode ser acessado no endereço eletrônico http://www.stf.jus.br/portal/autenticacao/autenticarDocumento.asp sob o número 8859920  
Supremo Tribunal Federal  
Inteiro Teor do Acórdão - Página 16 de 16",18151,58.16,59.74,1.5800000000000054,0.9970868825912476,152,149,3,
"Voto - MIN. LUIZ FUX
28/06/2016 PRIMEIRA TURMA
AG.REG. NO HABEAS CORPUS 125.776 RIO DE JANEIRO
V O T O
O SENHOR MINISTRO LUIZ FUX (RELATOR): A presente irresignação 
não merece prosperar.
Em  que  pesem  os  argumentos  expendidos  no  agravo,  resta 
evidenciado das  razões  recursais  que o  agravante  não trouxe nenhum 
argumento capaz de infirmar a decisão hostilizada, razão pela qual  deve 
ela ser mantida, por seus próprios fundamentos.
A  competência  originária  do  Supremo  Tribunal  Federal  para 
conhecer e julgar  Habeas Corpus  está definida,  taxativamente,  no artigo 
102, inciso I, alíneas d e i, da Constituição Federal, verbis:
Art.  102.  Compete  ao  Supremo  Tribunal  Federal,  
precipuamente, a guarda da Constituição, cabendo-lhe:
I processar e julgar, originariamente:
(…)
d)  o   habeas  corpus,  sendo  paciente  qualquer  das  pessoas  
referidas nas alíneas anteriores; o mandado de segurança e o habeas  
data contra atos do Presidente da República, das Mesas da Câmara e  
do Senado Federal, do Tribunal de Contas da União, do Procurador-
Geral da República e do próprio Supremo Tribunal Federal;
…
i) o habeas corpus, quando o coator for Tribunal Superior ou  
quando o coator ou o paciente for autoridade ou funcionário cujos atos  
estejam  sujeitos  diretamente  à  jurisdição  do  Supremo  Tribunal  
Federal, ou se trate de crime sujeito à mesma jurisdição em uma única  
instância.
In  casu,  o  paciente  não  está  arrolado  em nenhuma das  hipóteses 
Supremo Tribunal Federal
Documento assinado digitalmente conforme MP n° 2.200-2/2001 de 24/08/2001, que institui a Infraestrutura de Chaves Públicas Brasileira - ICP-Brasil. O
documento pode ser acessado no endereço eletrônico http://www.stf.jus.br/portal/autenticacao/ sob o número 11452199.
Inteiro Teor do Acórdão - Página 5 de 15
Voto - MIN. LUIZ FUX
HC 125776 AGR / RJ 
sujeitas à jurisdição originária desta Corte.
A ementa do acórdão proferido na Pet 1738-AgR, Pleno, Relator o 
Ministro Celso de Mello, Dje de 1º.10.99, é elucidativa e precisa quanto à 
taxatividade da competência do Supremo Tribunal Federal:
EMENTA: PROTESTO JUDICIAL FORMULADO CONTRA 
DEPUTADO FEDERAL - MEDIDA DESTITUÍDA DE CARÁTER  
PENAL  (CPC,  ART.  867)  -  AUSÊNCIA  DE  COMPETÊNCIA 
ORIGINÁRIA  DO  SUPREMO  TRIBUNAL  FEDERAL  -  
RECURSO DE AGRAVO IMPROVIDO.
A  PRERROGATIVA  DE  FORO  -  UNICAMENTE  
INVOCÁVEL NOS PROCEDIMENTOS DE CARÁTER PENAL -  
NÃO SE ESTENDE ÀS CAUSAS DE NATUREZA CIVIL.
- As medidas cautelares a que se refere o art. 867 do Código de  
Processo  Civil  (protesto,  notificação  ou  interpelação),  quando  
promovidas contra membros do Congresso Nacional, não se incluem  
na  esfera  de  competência  originária  do  Supremo  Tribunal  Federal,  
precisamente porque destituídas de caráter penal. Precedentes.
A COMPETÊNCIA DO SUPREMO TRIBUNAL FEDERAL -  
CUJOS  FUNDAMENTOS  REPOUSAM  NA  CONSTITUIÇÃO  
DA  REPÚBLICA  -  SUBMETE-SE  A  REGIME  DE  DIREITO  
ESTRITO.
- A competência originária do Supremo Tribunal Federal,  por  
qualificar-se  como  um  complexo  de  atribuições  jurisdicionais  de  
extração  essencialmente  constitucional  -  e  ante  o  regime de  direito  
estrito a que se acha submetida - não comporta a possibilidade de ser  
estendida a situações que extravasem os limites fixados, em numerus  
clausus, pelo rol exaustivo inscrito no art. 102, I, da Constituição da  
República. Precedentes.
O regime de direito estrito, a que se submete a definição dessa  
competência  institucional,  tem levado  o  Supremo Tribunal  Federal,  
por efeito da taxatividade do rol constante da Carta Política, a afastar,  
do âmbito de suas atribuições jurisdicionais originárias, o processo e o  
julgamento de causas de natureza civil que não se acham inscritas no  
texto  constitucional  (ações  populares,  ações  civis  públicas,  ações  
2 
Supremo Tribunal Federal
Documento assinado digitalmente conforme MP n° 2.200-2/2001 de 24/08/2001, que institui a Infraestrutura de Chaves Públicas Brasileira - ICP-Brasil. O
documento pode ser acessado no endereço eletrônico http://www.stf.jus.br/portal/autenticacao/ sob o número 11452199.
Inteiro Teor do Acórdão - Página 6 de 15
Voto - MIN. LUIZ FUX
HC 125776 AGR / RJ 
cautelares, ações ordinárias, ações declaratórias e medidas cautelares),  
mesmo que instauradas contra o Presidente da República ou contra  
qualquer das autoridades, que, em matéria penal (CF, art. 102, I, b e  
c), dispõem de prerrogativa de foro perante a Corte Suprema ou que,  
em sede de mandado de segurança, estão sujeitas à jurisdição imediata  
do Tribunal (CF, art. 102, I, d). Precedentes.
Afigura-se  paradoxal,  em  tema  de  direito  estrito,  conferir 
interpretação  extensiva  para  abranger  no  rol  de  competências  do 
Supremo Tribunal hipóteses não sujeitas à sua jurisdição.
A prevalência do entendimento de que o Supremo Tribunal Federal 
deve  conhecer  de  habeas  corpus  substitutivo  de  recurso  extraordinário 
contrasta com os meios de contenção de feitos,  remota e recentemente 
implementados - Súmula Vinculante e Repercussão Geral - com o objetivo 
de viabilizar o exercício pleno, pelo Supremo Tribunal Federal, da nobre 
função de guardião da Constituição da República.
E  nem  se  argumente  com  o  que  se  convencionou  chamar  de 
jurisprudência  defensiva.  Não é  disso que se  trata,  mas de necessária, 
imperiosa  e  urgente  reviravolta  de  entendimento  em  prol  da 
organicidade do direito, especificamente no que tange às competências 
originária e recursal do Supremo Tribunal Federal para processar e julgar  
habeas corpus recurso extraordinário, valendo acrescer que essa ação nobre 
não pode e  nem deve ser  banalizada a  pretexto,  em muitos  casos,  de 
pseudonulidades processuais com reflexos no direito de ir e vir.
A propósito da organicidade e dinâmica do direito,  impondo-se a 
correção  de  rumos,  bem discorreu o  Ministro  Marco Aurélio,  no voto 
proferido  no  HC  110.055/MG,  que  capitaneou  a  mudança  de 
entendimento na Primeira Turma,  verbis:
“Essa óptica há de  ser  observada,  também, no que o  acórdão  
impugnado  foi  formalizado  pelo  Superior  Tribunal  de  Justiça  em  
3 
Supremo Tribunal Federal
Documento assinado digitalmente conforme MP n° 2.200-2/2001 de 24/08/2001, que institui a Infraestrutura de Chaves Públicas Brasileira - ICP-Brasil. O
documento pode ser acessado no endereço eletrônico http://www.stf.jus.br/portal/autenticacao/ sob o número 11452199.
Inteiro Teor do Acórdão - Página 7 de 15
Voto - MIN. LUIZ FUX
HC 125776 AGR / RJ 
recurso ordinário constitucional em habeas corpus.
De duas, uma: ou há, no acórdão proferido, quadro a ensejar a  
interposição de recurso extraordinário, ou não há. Descabe a volta a  
estágio anterior, que é o do ajuizamento originário do habeas corpus.
No mais, ante os parâmetros fáticos e legais, não existe campo  
para  a  concessão  da  ordem  de  ofício.  Extingo  o  processo  sem  o  
julgamento do mérito” (HC 110.055/MG, Primeira Turma, DJe de 
9/11/12 - grifei)
No mesmo sentido,  firmou-se o entendimento da Primeira Turma 
desta Corte no sentido da inadmissibilidade da utilização do habeas corpus  
como  substitutivo  de  recurso  extraordinário,  conforme  se  verifica  nos 
seguintes precedentes:
“Habeas  corpus  substitutivo  de  recurso  extraordinário.  
Inadequação da via  eleita  ao caso concreto.  Precedente  da Primeira  
Turma.  Writ  extinto.  Flexibilização  circunscrita  às  hipóteses  de  
flagrante  ilegalidade,  abuso  de  poder  ou  teratologia.  Ocorrência.  
Crimes  de  supressão  de  documento  particular  (CP,  art.  305)  e  
violência arbitrária (CP, art. 322). Prescrição retroativa intercorrente,  
pela pena concretamente aplicada, na pendência de recurso exclusivo  
da  defesa.  Extinção  da  punibilidade  pela  prescrição  da  pretensão  
punitiva reconhecida (CP, art. 110, § 1º). Ordem concedida de ofício,  
com extensão  dos  efeitos  da  decisão  a  corréu  em idêntica  situação  
(CPP, art. 580). 1. Impetração manejada em substituição ao recurso  
extraordinário, a qual esbarra em decisão da Primeira Turma, que, em  
sessão  extraordinária  datada  de  16/10/12,  assentou,  quando  do  
julgamento  do  HC  nº  110.055/MG,  Relator  o  Ministro  Marco  
Aurélio, a inadmissibilidade do habeas corpus em casos semelhantes.  
2.  Nada  impede,  entretanto,  que  esta  Suprema  Corte,  quando  do  
manejo  inadequado de   habeas  corpus como substitutivo,  analise  a  
questão de ofício nas hipóteses de flagrante ilegalidade, abuso de poder  
ou  teratologia,  o  que  se  evidencia  na  espécie.  3.    Habeas  corpus  
extinto, por inadequação da via eleita. 4. A prescrição da pretensão  
punitiva ocorre antes do trânsito em julgado da condenação para a  
defesa,  regulando-se  pela  pena concretamente  cominada aos  crimes,  
4 
Supremo Tribunal Federal
Documento assinado digitalmente conforme MP n° 2.200-2/2001 de 24/08/2001, que institui a Infraestrutura de Chaves Públicas Brasileira - ICP-Brasil. O
documento pode ser acessado no endereço eletrônico http://www.stf.jus.br/portal/autenticacao/ sob o número 11452199.
Inteiro Teor do Acórdão - Página 8 de 15
Voto - MIN. LUIZ FUX
HC 125776 AGR / RJ 
nos  termos  dos  art.  110,  §  1º,  do  Código  Penal.  5.  Tendo  sido  
condenado o ora paciente a penas privativas de liberdade inferiores a  
dois (2) anos, o prazo de prescrição, pela pena imposta, após o trânsito  
em julgado, para a acusação é de quatro (4) anos (CP, art. 109, V). 6.  
Habeas  corpus  deferido  para  declarar-se  ocorrente  a  prescrição  
retroativa da pretensão punitiva do Estado, e, em consequência, para  
decretar-se a extinção da punibilidade do ora paciente pelos delitos dos  
arts. 305 e 322 do Código Penal, com extensão da decisão a corréu em  
idêntica situação (CPP, art. 580). 7. Ordem concedida de ofício.”
(HC 106.158/MG, Rel. Min. Dias Toffoli, Primeira Turma, 
DJe 9/8/2013 - grifei).
“Habeas  corpus  substitutivo  de  recurso  extraordinário.  
Inadequação da via  eleita  ao caso concreto.  Precedente  da Primeira  
Turma.  Flexibilização  circunscrita  às  hipóteses  de  flagrante  
ilegalidade,  abuso  de  poder  ou  teratologia.  Não  ocorrência.  Writ  
extinto, em face da inadequação da via eleita. 1. Impetração manejada  
em substituição ao recurso extraordinário, a qual esbarra em decisão  
da Primeira Turma, que, em sessão extraordinária datada de 16/10/12,  
assentou, quando do julgamento do HC nº 110.055/MG, Relator  o  
Ministro  Marco  Aurélio,  a  inadmissibilidade  do  habeas  corpus  em  
casos como esse. 2. Nada impede, entretanto, que esta Suprema Corte,  
quando do manejo inadequado do habeas corpus como substitutivo,  
analise a questão de ofício nas hipóteses de flagrante ilegalidade, abuso  
de poder ou teratologia, o que não se evidencia na espécie. 3. Habeas  
corpus extinto por inadequação da via eleita. 
(HC 113.805/SP,  Rel.  Min.  Dias  Toffoli,  Primeira  Turma, 
DJe de 15/4/2013 - grifei).
HABEAS CORPUS  . CRIMES CONTRA O PATRIMÔNIO.  
ROUBOS  CIRCUNSTANCIADOS.  TENTATIVA  DE  FURTO  
QUALIFICADO. QUADRILHA. PORTE ILEGAL DE ARMA DE  
FOGO DE USO RESTRITO. PRISÃO PREVENTIVA MANTIDA 
NA SENTENÇA CONDENATÓRIA. 1. Contra acórdão exarado em  
recurso  ordinário  em  habeas  corpus  remanesce  a  possibilidade  de  
manejo  do  recurso  extraordinário,  previsto  no  art.  102,  III,  da  
5 
Supremo Tribunal Federal
Documento assinado digitalmente conforme MP n° 2.200-2/2001 de 24/08/2001, que institui a Infraestrutura de Chaves Públicas Brasileira - ICP-Brasil. O
documento pode ser acessado no endereço eletrônico http://www.stf.jus.br/portal/autenticacao/ sob o número 11452199.
Inteiro Teor do Acórdão - Página 9 de 15
Voto - MIN. LUIZ FUX
HC 125776 AGR / RJ 
Constituição Federal.  Diante da dicção constitucional não cabe, em  
decorrência,  a  utilização  de  novo  habeas  corpus,  em  caráter  
substitutivo.  2.  Havendo  condenação  criminal,  encontram-se  
presentes  os  pressupostos  da  preventiva,  a  saber,  prova  da  
materialidade e indícios de autoria. Não se trata, apenas, de juízo de  
cognição provisória e sumária acerca da responsabilidade criminal do  
acusado, mas, sim, de julgamento condenatório, precedido por amplo  
contraditório e no qual as provas foram objeto de avaliação imparcial,  
ou  seja,  um  juízo  efetuado,  com  base  em  cognição  profunda  e  
exaustiva, de que o condenado é culpado de um crime. Ainda que a  
sentença  esteja  sujeita  à  reavaliação  crítica  através  de  recursos,  a  
situação difere da prisão preventiva decretada antes do julgamento. 3.  
Se as circunstâncias concretas do crime indicam o envolvimento do  
paciente  em  organização  criminosa  numerosa,  bem  estruturada,  
voltada à prática de crimes graves, tais como, tráfico de drogas, roubo  
de  cargas,  furtos  de  caixas  eletrônicos,  aquisição  de  armas,  a  
periculosidade  e  risco  de  reiteração  delitiva  está  justificada  a  
decretação  ou  a  manutenção  da  prisão  cautelar  para  resguardar  a  
ordem pública,  à  luz  do  art.  312  do  CPP.  Precedentes.  4.  Ordem  
denegada.” 
(HC 118.981/MT, Rel. Min. Rosa Weber, Primeira Turma, 
DJe 19/11/2013).
Por  outro  lado,  impende  considerar  que  no  caso  inexiste 
excepcionalidade  que  permita  a  concessão  da  ordem de  ofício,  ante  a 
ausência de teratologia na decisão atacada, flagrante ilegalidade ou abuso 
de poder. 
In  casu,  a  prisão  preventiva  do  paciente  afigura-se  necessária  à 
garantia da ordem pública, visto que, embora não tenha sido denunciado 
por  crimes  de  homicídios,  integra,  prima  facie, grupo  de  extermínio, 
consoante revelado nas razões do pedido de desaforamento, in verbis: 
“... da própria natureza da imputação – homicídios qualificados  
perpetrados  por  Grupo  de  Extermínio  que  atuava  não  apenas  em  
6 
Supremo Tribunal Federal
Documento assinado digitalmente conforme MP n° 2.200-2/2001 de 24/08/2001, que institui a Infraestrutura de Chaves Públicas Brasileira - ICP-Brasil. O
documento pode ser acessado no endereço eletrônico http://www.stf.jus.br/portal/autenticacao/ sob o número 11452199.
Inteiro Teor do Acórdão - Página 10 de 15
Voto - MIN. LUIZ FUX
HC 125776 AGR / RJ 
bairros  de  Japeri,  como também em Municípios  contíguos  –  deflui  
fundada dúvida quanto à imparcialidade dos jurados”.
Quanto à alegação de excesso de prazo, a jurisprudência desta Corte 
é no sentido de que a complexidade dos fatos e do procedimento, bem 
como a pluralidade de réus e testemunhas, permitem seja ultrapassado o 
prazo legal. Nesse sentido, HC 133.580, Rel. Min. Cármen Lúcia, DJe de 
30/03/20169, e HC 88.399, Rel. Min. Joaquim Barbosa, Segunda Turma, DJ 
de 13/04/2007.
Na espécie, o pedido de desaforamento decorre de motivo de força, 
consubstanciado pelo comprometimento da imparcialidade dos jurados, 
conforme se depreende das informações prestadas pelo Juízo de Japeri ao 
Tribunal de Justiça do Estado do Rio de Janeiro, in litteris:
“Informo que os presentes autos envolvem  um alegado grupo de  
extermínio  que  atuava  nesta  localidade,  com 10  (dez)  pessoas,  e  o  
julgamento  dos  referidos  réus  nesta  Comarca  certamente  influi  na  
imparcialidade dos jurados. A esse respeito, friso que a acusação é de  
que  os  réus  vitimaram  pessoas  neste  Município,  bem  como  em  
Comarcar vizinhas, sendo de conhecimento e temor gerais quanto à  
atuação dos réus na região, os quais também residem neste Município.
Cumpre ainda ressaltar que se trata de um Município pequeno  
e,  como geralmente  ocorre  em localidades  como esta,  as  pessoas  se  
conhecem e a atuação dos réus foi notória pela população local como  
um todo, destacando-se, ainda, a grande divulgação da mídia.
Não obstante o quanto já exposto, saliento também que algumas  
das vítimas citadas nos presentes autos são parentes de jurados ou  
possuem ligação com os mesmo e seus familiares, o que corrobora o  
completo comprometimento da imparcialidade dos jurados.
Por fim, destaco que este Magistrado já teve a oportunidade de  
presenciar  o  temor  dos  jurados  desta  Comarca  em  outras  sessões  
plenárias do Júri, nas quais envolvia apenas um réu, justamente pelo  
receio de represálias, motivo pelo qual a realização de um júri com os  
10 (dez) réus pronunciados, conhecidos por, em tese, integrarem grupo  
7 
Supremo Tribunal Federal
Documento assinado digitalmente conforme MP n° 2.200-2/2001 de 24/08/2001, que institui a Infraestrutura de Chaves Públicas Brasileira - ICP-Brasil. O
documento pode ser acessado no endereço eletrônico http://www.stf.jus.br/portal/autenticacao/ sob o número 11452199.
Inteiro Teor do Acórdão - Página 11 de 15
Voto - MIN. LUIZ FUX
HC 125776 AGR / RJ 
de extermínio, se torna muito crítica neste Município.”
Destarte, o pedido de desaforamento, consubstanciado na necessária 
isenção dos jurados,  não deve ser  considerado aprioristicamente como 
causa de injusto retardamento da instrução criminal.
A periculosidade dos integrantes de grupos de extermínios impõe, 
por si só, a manutenção da prisão cautelar a bem da garantia da ordem 
pública.
Sob  este  enfoque,  oportuno  trazer  a  manifestação  da  ilustre 
Subprocuradora-Geral da República, in verbis:
“3. A irresignação não merece prosperar.
4.  A Defesa não trouxe qualquer argumento hábil  a alterar a  
convicção  já  externada  pelo  Ministério  Público  Federal  na  
manifestação  constante  dos  autos,  cujos  fundamentos  são  aqui  
integralmente ratificados no sentido da inexistência de ilegalidade na  
espécie.
5. A propósito e conforme bem aponta a r. decisão impugnada,  
""In  casu,  a  prisão  preventiva  do  paciente  afigura-se  necessária  à  
garantia  da  ordem  pública,  visto  que,  embora  não  tenha  sido  
denunciado por crimes de homicídios, integra, prima facie, grupo de  
extermínio, conforme revelado nas razões do pedido de desaforamento,  
in  verbis:  '...  da  própria  natureza  da  imputação  -  homicídios  
qualificados  perpetrados  por  Grupo  de  Extermínio  que  atuava  não  
apenas em bairros de Japeri, como também em Municípios contíguos -  
deflui fundada dúvida quanto à imparcialidade dos jurados'.
6. No caso, o agravo regimental apenas reitera arguições que já  
foram oportunamente analisadas e decididas de forma motivada, não  
se prestando a desconstituir os fundamentos da decisão agravada, que  
permanecem incólumes e subsistem.
7.  Ao  contrário  do  que  sustenta  a  Defesa,  inexiste  qualquer  
ilegalidade  flagrante  que  justifique  a  atuação  (excepcional)  do  
Supremo Tribunal Federal nos presentes autos.
8 
Supremo Tribunal Federal
Documento assinado digitalmente conforme MP n° 2.200-2/2001 de 24/08/2001, que institui a Infraestrutura de Chaves Públicas Brasileira - ICP-Brasil. O
documento pode ser acessado no endereço eletrônico http://www.stf.jus.br/portal/autenticacao/ sob o número 11452199.
Inteiro Teor do Acórdão - Página 12 de 15
Voto - MIN. LUIZ FUX
HC 125776 AGR / RJ 
8.  Ante  o  exposto,  o  Ministério  Público  Federal  pede  o  
desprovimento  do  agravo  regimental,  mantendo-se  integralmente  a  
decisão impugnada por seus próprios fundamentos.”
Ex positis, NEGO PROVIMENTO ao agravo regimental. 
É como voto.
9 
Supremo Tribunal Federal
Documento assinado digitalmente conforme MP n° 2.200-2/2001 de 24/08/2001, que institui a Infraestrutura de Chaves Públicas Brasileira - ICP-Brasil. O
documento pode ser acessado no endereço eletrônico http://www.stf.jus.br/portal/autenticacao/ sob o número 11452199.
Inteiro Teor do Acórdão - Página 13 de 15
","O ministro Luiz Fux vota contra a impetração. O agravante não apresentou argumentos que invalidem a decisão, então ela deve ser mantida. O Supremo Tribunal Federal tem competência para julgar habeas corpus, conforme o artigo 102 da Constituição. No caso, o paciente não está em nenhuma das hipóteses de competência do STF.

A ementa diz que a competência do STF é limitada e não se estende a processos civis. O habeas corpus só pode ser usado para casos penais, não para causas civis. A definição da competência está no texto constitucional, e não pode ser ampliada.

O uso do habeas corpo como substituto de recurso extraordinário é inadmissível. O Supremo deve manter a função de guardar a Constituição. A jurisprudência diz que o habeas corpus só serve para situações de flagrante ilegalidade, abuso de poder ou teratologia.

No caso, a prisão preventiva do paciente é necessária para garantir a ordem pública, pois ele está envolvido em um grupo criminoso. A imparcialidade dos jurados está comprometida, o que justifica a prisão. O prazo legal pode ser ultrapassado por complexidade do processo.

Portanto, a impetração não merece prosperar. A decisão deve ser mantida.",50501,31.51,35.26,3.7499999999999964,0.8469678163528442,802,107,695,
"Voto - MIN. ROBERTO BARROSO
30/09/2016 PRIMEIRA TURMA
AG.REG. NO RECURSO EXTRAORDINÁRIO COM AGRAVO 832.565 SÃO 
PAULO
V O T O
O SENHOR MINISTRO LUÍS ROBERTO BARROSO (RELATOR): 
1. A parte  recorrente  repetiu  as  alegações  já  deduzidas  no 
recurso  extraordinário,  sem  trazer  novos  argumentos  suficientes  para 
modificar a decisão ora agravada.
2. De início,  cumpre registrar que o caso não se assemelha 
com a discussão inserida na sistemática da repercussão geral no Tema 
520, porquanto restou expresso no acórdão recorrido que a importadora 
promove a saída destas mercadorias para terceiro, nada foi mencionado a 
respeito  de  industrialização  da  mercadoria  que  foi  importada.  O  RE 
665.134 discute, à luz do art. 155, § 2º, IX, a, da Constituição Federal, qual 
o  destinatário  final  das  mercadorias  importadas  por  um  estado  da 
federação, industrializadas em outro estado da federação e que retorna ao 
primeiro para comercialização, com o objetivo de definir o sujeito ativo 
do ICMS. Trata-se, portanto, de matérias distintas, pelo que não se aplica 
ao caso em exame o art. 543-B do CPC.
3. Ademais,  tal  como  constatou  a  decisão  agravada,  para 
verificar,  qual  foi  o  Estado  em  que  está  situado  o  domicílio  ou  o 
estabelecimento da empresa importadora, seria necessário o reexame dos 
fatos, pelo que incide a Súmula 279/STF. No caso dos autos, o Tribunal de 
origem consignou o seguinte:
“[...]
Desponta  dos  autos  que  se  trata  de  operação  de 
importação  realizada  por  empresa  importadora  por  conta  e 
ordem de terceiro. 
Os  documentos  trazidos  aos  autos  demonstram  que  a 
Supremo Tribunal Federal
Documento assinado digitalmente conforme MP n° 2.200-2/2001 de 24/08/2001, que institui a Infraestrutura de Chaves Públicas Brasileira - ICP-Brasil. O
documento pode ser acessado no endereço eletrônico http://www.stf.jus.br/portal/autenticacao/ sob o número 11900132.
Inteiro Teor do Acórdão - Página 7 de 10
Voto - MIN. ROBERTO BARROSO
ARE 832565 AGR / SP 
impetrante,  por  meio  de  contrato  celebrado  com  a  empresa 
Mimos  Importação  e  Exportação  Ltda.,  efetuou  operação  de 
importação,  por  meio  de  sua  unidade  sediada  no  Estado  de 
Alagoas, para entrega da unidade da adquirente no Estado de 
São  Paulo  (fls.  28/64).  O  desembaraço  aduaneiro  deu-se  no 
Porto de Santos,  sendo a Guia para Liberação da Mercadoria 
Estrangeira emitida pelo Estado de Alagoas (fls. 28 e fls. 65/66).
[…]
Esta  Colenda  Sétima  Câmara  de  Direito  Público  já 
assentou:  ‘  O ICMS na entrada  de mercadoria  importada do 
exterior  é  devido  ao  Estado  em  que  localizado  o 
estabelecimento  do  importador,  ainda  que  fisicamente  outro 
estabelecimentos seja o destinatário’ […].
Quanto  à  existência  de  eventual  benefício  financeiro 
concedido pelo Estado de Alagoas, sujeito ativo do tributo, em 
nada altera o local da operação, para fins de recolhimento do 
ICMS.”
4. Dissentir das conclusões adotadas pelo Tribunal de origem 
quanto ao preenchimento dos requisitos legais demandaria tão somente o 
reexame do acervo probatório constante dos autos, providência vedada 
nesta fase processual.
5. Diante do exposto, nego provimento ao agravo interno e, 
ante  seu  caráter  manifestamente  protelatório,  aplico  à  parte  agravante 
multa de 5% (cinco por cento) sobre o valor da causa, nos termos do art. 
557,  §  2º,  do CPC/1973.  Fica  a  interposição de  qualquer outro  recurso 
condicionada ao depósito da respectiva quantia,  que será revertida em 
favor da parte agravada. 
2 
Supremo Tribunal Federal
Documento assinado digitalmente conforme MP n° 2.200-2/2001 de 24/08/2001, que institui a Infraestrutura de Chaves Públicas Brasileira - ICP-Brasil. O
documento pode ser acessado no endereço eletrônico http://www.stf.jus.br/portal/autenticacao/ sob o número 11900132.
Inteiro Teor do Acórdão - Página 8 de 10
","O ministro Roberto Barrosso votou contra o recurso. A parte que reclamou repetiu os mesmos argumentos, sem novas razões. O caso não é igual ao discutido no Tema 520, porque a empresa importadora não mencionou que as mercadorias foram industrializadas em outro estado. O caso em questão tem assuntos diferentes, então o artigo 543-B do CPC não se aplica.

Também foi constatado que para saber qual estado é o domicílio da empresa, precisaria reexaminar os fatos, o que está previsto na Súmula 279/STF. No caso, o tribunal de origem disse que a operação foi feita por uma empresa em Alagoas, para entregar no São Paulo, e a guia aduaneira foi emitida por Alagoas.

A sétima câmara já decidiu que o ICMS é devido ao estado onde está o estabelecimento do importador, mesmo que a mercadoria vá para outro estado. O benefício financeiro não altera isso.

O tribunal de origem fez uma decisão que precisa ser reexaminada, mas não pode fazer isso nessa fase. Por isso, negou provimento ao agravo e aplicou uma multa de 5% sobre o valor da causa, conforme o artigo 557, §2º, do CPC/1973. Qualquer outro recurso precisa ter esse valor depositado.",111091,34.79,40.43,5.640000000000001,0.8504354357719421,280,118,162,
"Voto - MIN. ROSA WEBER
01/09/2017 PRIMEIRA TURMA
AG.REG. NO RECURSO EXTRAORDINÁRIO 1.043.784 MATO GROSSO DO 
SUL
VOTO
A  Senhora  Ministra  Rosa  Weber  (Relatora): Preenchidos  os 
pressupostos genéricos, conheço do agravo e passo ao exame do mérito.
Nada colhe o agravo.
Conforme  consignado,  o  entendimento  adotado  no  acórdão 
recorrido não diverge da jurisprudência firmada no Supremo Tribunal 
Federal.  Ao julgamento da  ACO 1606 AgR, Rel.  Min. Cármen Lúcia, o 
Pleno, ao julgar demanda idêntica à presente, afastou a alegação de que 
existente  conflito federativo e afirmou a incompetência desta Suprema 
Corte para o julgamento da lide, razão pela qual não há falar em afronta 
aos preceitos constitucionais invocados no recurso, a teor da decisão que 
desafiou o agravo: 
“Vistos etc.
Contra  o  acórdão  prolatado  pelo  Tribunal  de  origem, 
maneja recurso extraordinário, com base no art. 102, III, da Lei 
Maior, espólio de John George de Carle Gottheiner e Ana Maria 
de  Toledo Gottheiner.  Aparelhado o  recurso  na  violação  dos 
arts. 5º, XXXV, LIV e LV, 93, IX, e 102, I, f , da Lei Maior.
É o relatório.
Decido.
Preenchidos os pressupostos extrínsecos.
Da  detida  análise  dos  fundamentos  adotados  pelo 
Tribunal  de  origem,  por  ocasião  do  julgamento  do  apelo 
veiculado na instância ordinária, em confronto com as razões 
veiculadas no extraordinário, concluo que nada colhe o recurso.
Da  leitura  dos  fundamentos  do  acórdão  prolatado  na 
origem, constato explicitados os motivos de decidir, a afastar o 
vício  da  nulidade  por  negativa  de  prestação  jurisdicional 
arguido. Destaco que, no âmbito técnico-processual, o grau de 
correção do juízo de valor emitido na origem não se confunde 
Supremo Tribunal Federal
Documento assinado digitalmente conforme MP n° 2.200-2/2001 de 24/08/2001, que institui a Infraestrutura de Chaves Públicas Brasileira - ICP-Brasil. O
documento pode ser acessado no endereço eletrônico http://www.stf.jus.br/portal/autenticacao/ sob o número 13660629.
Inteiro Teor do Acórdão - Página 5 de 19
Voto - MIN. ROSA WEBER
RE 1043784 AGR / MS 
com  vício  ao  primado  da  fundamentação,  notadamente 
consabido que a disparidade entre o resultado do julgamento e 
a expectativa da parte não sugestiona lesão à norma do texto 
republicano. Colho precedente desta Suprema Corte na matéria, 
julgado segundo a sistemática da repercussão geral:
Questão de ordem. Agravo de Instrumento. Conversão em 
recurso extraordinário (CPC, art. 544, §§ 3° e 4°). 2. Alegação de 
ofensa aos incisos XXXV e LX do art. 5º e ao inciso IX do art. 93 
da  Constituição  Federal.  Inocorrência.  3.  O  art.  93,  IX,  da 
Constituição  Federal  exige  que  o  acórdão  ou  decisão  sejam 
fundamentados,  ainda  que  sucintamente,  sem  determinar, 
contudo, o exame pormenorizado de cada uma das alegações 
ou provas, nem que sejam corretos os fundamentos da decisão. 
4.  Questão de ordem acolhida para reconhecer a repercussão 
geral, reafirmar a jurisprudência do Tribunal, negar provimento 
ao recurso e autorizar a adoção dos procedimentos relacionados 
à  repercussão  geral.  (AI  791.292-QO-RG,  Relator  Ministro 
Gilmar Mendes, Plenário Virtual, DJe 13.8.2010)
O exame de eventual ofensa aos princípios da proteção ao 
devido processo legal, ao contraditório e à ampla defesa (art. 5º 
da Lei Maior) demanda, em primeiro plano, a interpretação das 
normas infraconstitucionais  aplicáveis  à espécie,  de tal  modo 
que,  se  afronta  ocorresse,  seria  indireta,  o  que  não  atende à 
exigência  do  art.  102,  III,  a  ,  da  Lei  Maior,  nos  termos  da 
remansosa  jurisprudência  deste  Supremo  Tribunal  Federal, 
verbis :
Alegação  de  cerceamento  do  direito  de  defesa.  Tema 
relativo à suposta violação aos princípios do contraditório, da 
ampla defesa, dos limites da coisa julgada e do devido processo 
legal .  Julgamento da causa dependente de prévia análise da 
adequada aplicação das  normas infraconstitucionais.  Rejeição 
da  repercussão  geral.  (ARE  748.371-RG,  Rel.  Min.  Gilmar 
Mendes, Pleno, DJe 1º.8.2013)
O  entendimento  adotado  no  acórdão  recorrido  não 
diverge  da  jurisprudência  firmada no âmbito  deste  Supremo 
Tribunal Federal, razão pela qual não se divisa a alegada ofensa 
2 
Supremo Tribunal Federal
Documento assinado digitalmente conforme MP n° 2.200-2/2001 de 24/08/2001, que institui a Infraestrutura de Chaves Públicas Brasileira - ICP-Brasil. O
documento pode ser acessado no endereço eletrônico http://www.stf.jus.br/portal/autenticacao/ sob o número 13660629.
Inteiro Teor do Acórdão - Página 6 de 19
Voto - MIN. ROSA WEBER
RE 1043784 AGR / MS 
aos dispositivos constitucionais suscitados. Nesse sentido:
AGRAVO  REGIMENTAL  NA  AÇÃO  CIVIL 
ORIGINÁRIA. FUNDAÇÃO NACIONAL DO ÍNDIO FUNAI. 
DEMARCAÇÃO  DE  TERRAS  INDÍGENAS.  ETNIA 
GUARANI-KAIOWÁ.  FAZENDA BRASÍLIA DO SUL.  ÁREA 
ALIENADA PELO ESTADO DE MATO GROSSO. QUESTÃO 
SOBRE  OCUPAÇÃO  DAS  TERRAS  POR  INDÍGENAS  NA 
DATA DA ALIENAÇÃO. PEDIDO DE INGRESSO NO FEITO 
PELO  ESTADO  DE  MATO  GROSSO  DO  SUL. ALEGADO 
RISCO  RESPONSABILIZAÇÃO  COMO  SUCESSOR  DO 
ALIENANTE  ORIGINÁRIO.  INTERESSE  MERAMENTE 
PATRIMONIAL.  CONFLITO   FEDERATIVO  NÃO   
CONFIGURADO.  INCOMPETÊNCIA  DO  SUPREMO 
TRIBUNAL (ART. 102, INC. I, AL. F, DA CONSTITUIÇÃO DA 
REPÚBLICA). AGRAVO REGIMENTAL AO QUAL SE NEGA 
PROVIMENTO.  (ACO  1606  AgR,  Relator(a):  Min.  CÁRMEN 
LÚCIA,  Tribunal  Pleno,  julgado  em  06/11/2014,  ACÓRDÃO 
ELETRÔNICO  DJe-234  DIVULG  27-11-2014  PUBLIC  28-11-
2014)
Nesse  sentir,  não  merece  seguimento  o  recurso 
extraordinário, consoante também se denota dos fundamentos 
da decisão que desafiou o recurso, aos quais me reporto e cuja 
detida análise  conduz à  conclusão pela  ausência de ofensa a 
preceito da Constituição da República.
Nego seguimento (art. 21, § 1º, do RISTF).”
Por  seu  turno,  o  exame  de  eventual  afronta  aos  preceitos 
constitucionais apontados, consagradores dos princípios da proteção ao 
devido processo legal, ao contraditório e à ampla defesa (art. 5º da Lei 
Maior),  demanda,  em  primeiro  plano,  a  interpretação  das  normas 
infraconstitucionais  aplicáveis  à  espécie,  de  tal  modo  que,  se  afronta 
ocorresse, seria indireta, o que não atende à exigência do art. 102, III, “a”, 
da  Lei  Maior,  nos  termos  da  remansosa  jurisprudência  deste  egrégio 
Supremo  Tribunal  Federal  (STF-AI-AgR-495.880/SP,  Relator  Ministro 
Cezar  Peluso,  1ª  Turma,  DJ  05.8.2005;  STF-AI-AgR-436.911/SE,  Relator 
Ministro  Sepúlveda  Pertence,  1ª  Turma,  DJ  17.6.2005;  STF-RE-AgR-
3 
Supremo Tribunal Federal
Documento assinado digitalmente conforme MP n° 2.200-2/2001 de 24/08/2001, que institui a Infraestrutura de Chaves Públicas Brasileira - ICP-Brasil. O
documento pode ser acessado no endereço eletrônico http://www.stf.jus.br/portal/autenticacao/ sob o número 13660629.
Inteiro Teor do Acórdão - Página 7 de 19
Voto - MIN. ROSA WEBER
RE 1043784 AGR / MS 
154.158/SP, Relator Ministro Carlos Velloso, 2ª Turma, DJ 20.9.2002 e STF-
RE-153.781/DF, Relator Ministro Ilmar Galvão, 1ª Turma, DJ 02.02.2001).
Ressalto  que  no  julgamento  do  RE 748.371-RG,  Rel.  Min.  Gilmar 
Mendes,  Pleno,  DJe  1º.8.2013,  esta  Suprema  Corte  decidiu  pela 
inexistência de repercussão geral da matéria relacionada à alegação de 
violação dos princípios do contraditório, da ampla defesa, dos limites da 
coisa julgada e do devido processo  legal, quando o julgamento da causa 
depender  de  prévia  análise  da  adequada  aplicação  das  normas 
infraconstitucionais. O acórdão está assim ementado: 
“Alegação  de  cerceamento  do  direito  de  defesa.  Tema 
relativo à suposta violação aos princípios do contraditório, da 
ampla defesa, dos limites da coisa julgada e do devido processo 
legal.  Julgamento  da  causa  dependente  de  prévia  análise  da 
adequada aplicação das  normas infraconstitucionais.  Rejeição 
da repercussão geral.”
De mais a mais, tal como consignado na decisão agravada, inexiste 
violação do art.  93,  IX,  da Constituição Federal  de 1988.  A leitura dos 
fundamentos  do  acórdão  prolatado  na  origem,  denota  explicitados  os 
motivos  de  decidir,  a  afastar  o  vício  da  nulidade  por  negativa  de 
prestação  jurisdicional  arguido.  Destaco  que,  no  âmbito  técnico-
processual, o grau de correção do juízo de valor emitido na origem não se 
confunde  com  vício  ao  primado  da  fundamentação,  notadamente 
consabido  que  a  disparidade  entre  o  resultado  do  julgamento  e  a 
expectativa da parte não sugestiona lesão à norma do texto republicano. 
Colho precedente desta Suprema Corte na matéria,  julgado segundo a 
sistemática da repercussão geral:
“Questão de ordem. Agravo de Instrumento.  Conversão 
em recurso extraordinário (CPC, art. 544, §§ 3° e 4°). 2. Alegação 
de ofensa aos incisos XXXV e LX do art. 5º e ao inciso IX do art. 
93  da Constituição Federal.  Inocorrência.  3.  O art.  93,  IX,  da 
Constituição  Federal  exige  que  o  acórdão  ou  decisão  sejam 
4 
Supremo Tribunal Federal
Documento assinado digitalmente conforme MP n° 2.200-2/2001 de 24/08/2001, que institui a Infraestrutura de Chaves Públicas Brasileira - ICP-Brasil. O
documento pode ser acessado no endereço eletrônico http://www.stf.jus.br/portal/autenticacao/ sob o número 13660629.
Inteiro Teor do Acórdão - Página 8 de 19
Voto - MIN. ROSA WEBER
RE 1043784 AGR / MS 
fundamentados,  ainda  que  sucintamente,  sem  determinar, 
contudo, o exame pormenorizado de cada uma das alegações 
ou provas, nem que sejam corretos os fundamentos da decisão. 
4.  Questão de ordem acolhida para reconhecer a repercussão 
geral, reafirmar a jurisprudência do Tribunal, negar provimento 
ao recurso e autorizar a adoção dos procedimentos relacionados 
à  repercussão  geral.”  (AI  791.292-QO-RG,  Relator  Ministro 
Gilmar Mendes, Plenário Virtual, DJe 13.8.2010)
Nesse sentir, constato que as razões do agravo não se mostram aptas 
a infirmar os fundamentos que lastrearam a decisão agravada.
De  outro  lado,  cumpre  destacar  que  a  garantia  de  prestação 
jurisdicional  em  tempo  razoável,  decorrência  lógica  da  dignidade  da 
pessoa humana, fundamento da República Federativa do Brasil, passou a 
figurar, de forma explícita, entre as cláusulas pétreas, a partir da Emenda 
Constitucional 45/2004, quando inserido o inciso LXXVIII no art. 5º da Lei 
Maior. Ressalte-se que a proteção contida no referido dispositivo não se 
dirige apenas às partes, individualmente consideradas, estendendo-se a 
todos  os  usuários  do  Sistema  Judiciário,  porquanto  beneficiados  pelo 
desafogo dos Tribunais Pátrios.
Se a parte, ainda que não interessada na postergação do desenlace da 
demanda,  utiliza  a  esmo  o  instrumento  processual  colocado  à  sua 
disposição quando já obteve uma prestação jurisdicional completa, todos 
os  demais  jurisdicionados  são  virtualmente  lesados  no  seu  direito  à 
prestação jurisdicional célere e eficiente.
A utilização  indevida  das  espécies  recursais,  consubstanciada  na 
interposição  de  recursos  manifestamente  inadmissíveis,  improcedentes 
ou  contrários  à  jurisprudência  desta  Suprema  Corte  como  mero 
expediente protelatório, desvirtua o próprio postulado constitucional da 
ampla  defesa  e  configura  abuso  do  direito  de  recorrer,  a  ensejar  a 
aplicação da penalidade prevista no art. 1021, § 4º, do CPC, calculada à 
razão  de  1%  (um  por  cento)  sobre  o  valor  atualizado  da  causa,  se 
unânime a votação.  Nesse sentido:  ARE 951.191-AgR, Rel.  Min. Marco 
Aurélio,  1ª  Turma,  DJe 23.6.2016 ;  e  ARE 955.842-AgR,  Rel.  Min.  Dias 
5 
Supremo Tribunal Federal
Documento assinado digitalmente conforme MP n° 2.200-2/2001 de 24/08/2001, que institui a Infraestrutura de Chaves Públicas Brasileira - ICP-Brasil. O
documento pode ser acessado no endereço eletrônico http://www.stf.jus.br/portal/autenticacao/ sob o número 13660629.
Inteiro Teor do Acórdão - Página 9 de 19
Voto - MIN. ROSA WEBER
RE 1043784 AGR / MS 
Toffoli, 2ª Turma, DJe 28.6.2016.
Agravo  interno  conhecido  e  não  provido,  com  aplicação  da 
penalidade prevista no art. 1.021, § 4º, do CPC/2015, calculada à razão de 
1%  (um  por  cento)  sobre  o  valor  atualizado  da  causa,  se  unânime  a 
votação.
Majoro, ainda, em 10% (dez por cento) os honorários anteriormente 
fixados,  obedecidos  os  limites  previstos  no  art.  85,  §§  2º,  3º  e  11,  do 
CPC/2015, ressalvada eventual concessão do benefício da gratuidade da 
Justiça.
É como voto.
6 
Supremo Tribunal Federal
Documento assinado digitalmente conforme MP n° 2.200-2/2001 de 24/08/2001, que institui a Infraestrutura de Chaves Públicas Brasileira - ICP-Brasil. O
documento pode ser acessado no endereço eletrônico http://www.stf.jus.br/portal/autenticacao/ sob o número 13660629.
Inteiro Teor do Acórdão - Página 10 de 19
","Voto - MIN. ROSA WEBER  
01/09/2017 PRIMEIRA TURMA  
AG.REG. NO RECURSO EXTRAORDINÁRIO 1.043.784 MATO GROSSO DO SUL  

A Ministra Rosa Weber (Relatora) conhece do recurso e analisa o mérito. O recurso não tem fundamento.  

O acórdão recorrido não diverge da jurisprudência do STF. No caso ACO 1606 AgR, o Pleno afastou a alegação de conflito federativo e afirmou que a Suprema Corte não tem competência para julgar a lide. Por isso, não há ofensa aos preceitos constitucionais.  

O exame dos fundamentos do acórdão mostra que não há vício na decisão. A análise técnica-processual não revela lesão à norma republicana. Há precedente nesta Corte: AI 791.292-QO-RG, onde foi rejeitada a repercussão geral.  

Também foi analisado o possível ofensa aos princípios do contraditório e da ampla defesa. Porém, se houver violação, seria indireta, o que não atende à exigência do artigo 102, III, “a”, da Lei Maior.  

A Constituição Federal, no artigo 93, IX, exige fundamentação sucinta dos acórdãos, mas não exame detalhado de provas ou alegações. O acórdão prolatado na origem já incluiu os motivos de decisão, afastando o vício da nulidade por negativa de prestação jurisdicional.  

A garantia de prestação jurisdicional em tempo razoável está consagrada na Emenda Constitucional 45/2004. A proteção não se limita às partes, mas a todos os usuários do sistema judiciário.  

O uso indevido de recursos, como o presente, configura abuso do direito de recorrer e implica penalidade prevista no artigo 1021, § 4º, do CPC. O valor da penalidade é calculado a 1% sobre o valor atualizado da causa, se unânime a votação.  

Além disso, os honorários são aumentados em 10%, respeitando os limites do CPC/2015.  

Nego seguimento ao recurso (art. 21, § 1º, do RISTF).",140946,39.73,43.01,3.280000000000001,0.87642502784729,508,170,338,
"Relatório
26/11/2013 PRIMEIRA TURMA
RECURSO ORDINÁRIO EM HABEAS CORPUS 118.196 SERGIPE
RELATORA : MIN. ROSA WEBER
RECTE.(S) :PABLO FIGUEIRÊDO DE VASCONCELOS 
ADV.(A/S) :EVANIO JOSE DE MOURA SANTOS E OUTRO(A/S)
RECDO.(A/S) :MINISTÉRIO PÚBLICO FEDERAL 
PROC.(A/S)(ES) :PROCURADOR-GERAL DA REPÚBLICA 
RELATÓRIO
 
A  Senhora  Ministra  Rosa  Weber  (Relatora): Trata-se  de  recurso 
ordinário  em  habeas  corpus  interposto  por  Pablo  Figueirêdo  de 
Vasconcelos  contra  acórdão  do  Superior  Tribunal  de  Justiça  que,  nos 
autos  do Agravo Regimental  no HC 233.267/SE,  negou provimento ao 
recurso. 
O Juízo da 8ª Vara Criminal de Aracaju/SE pronunciou o Paciente 
como incurso nos arts.  121,  §  2º,  I  e  IV, do Código Penal,  e  14 da Lei 
10.826/2003, pois ele disparara contra sua ex-companheira, matando-a. 
Posteriormente,  o  Conselho  de  Sentença  condenou  o  Paciente  às 
penas de 22 (vinte e dois) anos e 6 (seis) meses de reclusão, em regime 
inicial fechado, e de 200 (duzentos) dias-multa, pela prática dos delitos de 
homicídio qualificado e de porte ilegal de arma de fogo (arts. 121, § 2º, IV, 
e 14, da Lei 10.826/2003).
Inconformada, a Defesa interpôs apelação criminal, à qual foi dado 
parcial  provimento  para,  excluindo  a  valoração  negativa  da 
personalidade,  reduzir a pena do crime de homicídio de 19 (dezenove 
anos) e 9 (nove) meses de reclusão para 19 (dezenove ) anos e 3 (três) 
meses de reclusão e a pena do crime de porte de arma de fogo de 3 (três) 
anos para 2 (dois) anos e 3 (três) meses de reclusão, totalizando 21 (vinte e 
um) anos e 6 (seis) meses de reclusão, no regime inicial fechado. 
Contra  essa  decisão,  manejado  recurso  especial,  inadmitido  na 
origem, a ensejar a interposição do AREsp 136.586/SE, ao qual a Ministra 
Maria Thereza de Assis Moura negou seguimento monocraticamente.
Ato contínuo, a Quinta Turma do Superior Tribunal de Justiça negou 
Supremo Tribunal Federal
Documento assinado digitalmente conforme MP n° 2.200-2/2001 de 24/08/2001, que institui a Infraestrutura de Chaves Públicas Brasileira - ICP-Brasil. O
documento pode ser acessado no endereço eletrônico http://www.stf.jus.br/portal/autenticacao/ sob o número 4963885.
Inteiro Teor do Acórdão - Página 3 de 17
Relatório
RHC 118196 / SE 
provimento  ao  agravo  regimental  interposto,  em  acórdão  assim 
ementado: 
“AGRAVO  REGIMENTAL  NO  AGRAVO  EM  RECURSO  
ESPECIAL.  PENAL.  HOMICÍDIO  QUALIFICADO.  PORTE  
ILEGAL  DE  ARMA  DE  FOGO  DE  USO  PERMITIDO.  
PREVENÇÃO.  ART.  71,  §  1.º  DO  REGIMENTO  INTERNO.  
ALEGADA  CONTRARIEDADE  À  DISPOSITIVO  
CONSTITUCIONAL  E  VERBETE  SUMULAR.  
IMPOSSIBILIDADE. SUPOSTA VIOLAÇÃO AOS ARTS. 59, 65,  
INCISO I,  ALÍNEA D,  E  AO ART.  60,  TODOS  DO CÓDIGO  
PENAL.  REEXAME  DE  MATÉRIA  FÁTICO-PROBATÓRIA.  
APLICAÇÃO  DA  SÚMULA  N.º  7  DO  STJ.  AGRAVO  
REGIMENTAL DESPROVIDO. 
1. O presente recurso foi corretamente distribuído por prevenção  
do órgão julgador, nos termos do art. 71, § 1.º, do Regimento Interno  
desta Corte Superior,  após a transferência do Ministro prevento de  
Seção. 
2. É vedada a análise de dispositivos constitucionais em sede de  
recurso especial,  sob pena de usurpação da competência do Pretório  
Excelso. 
3. Incabível interposição de recurso especial pela alínea a, sob  
alegação de ofensa a verbetes sumulares, que não se equiparam à lei  
federal. 
4. Inexistindo erro na individualização da reprimenda, o amplo  
reexame  das  circunstâncias  judiciais  consideradas  para  a  
individualização  da  sanção  penal  não  se  coaduna com a  via  eleita,  
consoante  o  enunciado  da Súmula  n.º  07  do Superior  Tribunal  de  
Justiça. 
5. Do mesmo modo, constatar se a pena de multa foi fixada sem  
observância ao art. 60 do Código Penal, requer a análise de matéria  
fático-probatória para aferir concretamente a condição econômica do  
réu. 
6. Agravo regimental desprovido. “
Sob alegação de nulidade processual pelo impedimento de um dos 
2 
Supremo Tribunal Federal
Documento assinado digitalmente conforme MP n° 2.200-2/2001 de 24/08/2001, que institui a Infraestrutura de Chaves Públicas Brasileira - ICP-Brasil. O
documento pode ser acessado no endereço eletrônico http://www.stf.jus.br/portal/autenticacao/ sob o número 4963885.
Inteiro Teor do Acórdão - Página 4 de 17
Relatório
RHC 118196 / SE 
Ministros  da  Turma  decorrente  da  participação  no  julgamento  dos 
embargos  infringentes  no  Tribunal  a  quo,  os  Impetrantes  opuseram 
embargos de declaração, acolhidos, sem efeitos infringentes, nos termos 
seguintes: 
“EMBARGOS  DE  DECLARAÇÃO  NO  AGRAVO  
REGIMENTAL  NO  AGRAVO  EM  RECURSO  ESPECIAL.  
PROCESSUAL  PENAL.  ART.  252,  INCISO  III,  DO  CPP.  
PARTICIPAÇÃO  DE  MINISTRO  IMPEDIDO  EM  
JULGAMENTO REALIZADO PELA QUINTA TURMA DO STJ.  
ACÓRDÃO  UNÂNIME.  VOTO  QUE  NÃO  INFLUIU  NO  
RESULTADO  DO  JULGAMENTO.  ACLARATÓRIOS  
ACOLHIDOS,  APENAS  PARA  RECONHECER  O  
IMPEDIMENTO, SEM EFEITOS INFRINGENTES. 
1.  Como  bem  apontou  o  Embargante,  a  Exma  Ministra  
MARILZA MAYNARD (Desembargadora convocada do TJ/SE) não  
poderia  exercer  jurisdição  no  julgamento  do  agravo  regimental  ora  
embargado,  pois  participou  da  sessão  de  julgamento  realizada  pelo  
Pleno  do  Tribunal  de  Justiça  do  Estado  de  Sergipe  que,  por  
unanimidade,  desproveu os  embargos  infringentes  opostos  contra  o  
acórdão  de  recurso  em sentido  estrito  que,  por  maioria,  manteve  a  
sentença que o pronunciou. 
2. Entretanto, apesar de ser impedido de votar neste Colegiado o  
Ministro do Superior Tribunal de Justiça que tiver funcionado como  
juiz  de  outra  instância,  pronunciando-se,  de  fato  ou  de  direito,  a  
irregularidade  apontada  não  tem  o  condão  de  inquinar  de  nulo  o  
pronunciamento unânime desta Quinta Turma, posto que não influiu  
no resultado do julgamento. 
3. Embargos de declaração acolhidos, sem efeitos infringentes,  
apenas para declarar o impedimento da Exma Ministra MARILZA 
MAYNARD (Desembargadora convocada do TJ/SE).”
Contra o julgamento da apelação, impetrado – concomitantemente 
ao mencionado recurso especial –, o HC 233.267/SE ao Superior Tribunal 
de  Justiça  que,  por  decisão  exarada  pela  Ministra  Laurita  Vaz,  julgou 
prejudicado o writ.
3 
Supremo Tribunal Federal
Documento assinado digitalmente conforme MP n° 2.200-2/2001 de 24/08/2001, que institui a Infraestrutura de Chaves Públicas Brasileira - ICP-Brasil. O
documento pode ser acessado no endereço eletrônico http://www.stf.jus.br/portal/autenticacao/ sob o número 4963885.
Inteiro Teor do Acórdão - Página 5 de 17
Relatório
RHC 118196 / SE 
Ato contínuo, interposto agravo regimental, ao qual a Quinta Turma 
negou provimento, consoante acórdão assim ementado:
“AGRAVO  REGIMENTAL  NO  HABEAS  CORPUS.  
HOMICÍDIO QUALIFICADO. PORTE ILEGAL DE ARMA DE  
FOGO DE USO PERMITIDO. INDIVIDUALIZAÇÃO DA PENA.  
PLEITO  DE  REDUÇÃO  DA  PENA-BASE  E  FIXAÇÃO  
PROPORCIONAL DA ATENUANTE DA MENORIDADE E DA 
MULTA. MATÉRIA ANALISADA PELA QUINTA TURMA DO  
SUPERIOR TRIBUNAL DE JUSTIÇA EM SEDE DE AGRAVO  
REGIMENTAL EM AGRAVO EM RECURSO ESPECIAL. PERDA 
DE OBJETO. AGRAVO DESPROVIDO.
1. O presente habeas corpus, que visa redução da pena-base e  
fixação proporcional da atenuante da menoridade e da multa, perdeu  
seu  objeto  após  o  julgamento  do  agravo  regimental  no  AREsp  n.º  
136586/SE, onde a Quinta Turma deste Superior Tribunal de Justiça  
conheceu  do  agravo  em  recurso  especial  e  negou  provimento  ao  
recurso por não ter havido erro na individualização da reprimenda,  
inexistindo violação aos arts. 59 e 65, inciso III, alínea d, do Código  
Penal.
2. Agravo regimental desprovido.”
No  presente  recuso  ordinário  em  habeas  corpus,  a  Defesa  reputa 
equivocada a dosimetria da pena, asseverando a primariedade e os bons 
antecedentes do Recorrente. Alega  bis in idem na valoração negativa da 
“eliminação prematura da vida” como consequência do crime de homicídio. 
Pondera  inadequado  considerar  negativas  a  personalidade  e  a 
conduta social do agente em razão de delito cuja punibilidade foi extinta 
pela reconhecimento da prescrição. Entende desproporcional a atenuação 
da reprimenda pela confissão espontânea em apenas 3 (três) meses. 
Pugna pela diminuição da pena.
O  Ministério  Público  Federal,  em  parecer  da  lavra  da 
Subprocuradora-Geral  da  República  Cláudia  Sampaio,  opina  pelo  não 
conhecimento do writ e, sucessivamente, pela denegação da ordem. 
Expedido telegrama para dar ciência da sessão de julgamento do 
4 
Supremo Tribunal Federal
Documento assinado digitalmente conforme MP n° 2.200-2/2001 de 24/08/2001, que institui a Infraestrutura de Chaves Públicas Brasileira - ICP-Brasil. O
documento pode ser acessado no endereço eletrônico http://www.stf.jus.br/portal/autenticacao/ sob o número 4963885.
Inteiro Teor do Acórdão - Página 6 de 17
Relatório
RHC 118196 / SE 
feito.
É o relatório.
5 
Supremo Tribunal Federal
Documento assinado digitalmente conforme MP n° 2.200-2/2001 de 24/08/2001, que institui a Infraestrutura de Chaves Públicas Brasileira - ICP-Brasil. O
documento pode ser acessado no endereço eletrônico http://www.stf.jus.br/portal/autenticacao/ sob o número 4963885.
Inteiro Teor do Acórdão - Página 7 de 17
","Relatório  
26/11/2013 PRIMEIRA TURMA  
RECURSO ORDINÁRIO EM HABEAS CORPUS 118.196 SERGIPE  
RELATORA : MIN. ROSA WEBER  
RECTE.(S) :PABLO FIGUEIRÊDO DE VASCONCELOS  
ADV.(A/S) :EVANIO JOSE DE MOURA SANTOS E OUTRO(A/S)  
RECDO.(A/S) :MINISTÉRIO PÚBLICO FEDERAL  
PROC.(A/S)(ES) :PROCURADOR-GERAL DA REPÚBLICA  

O recurso é contra um acórdão do Supremo Tribunal de Justiça que negou provimento a um recurso. O paciente foi condenado por homicídio qualificado e porte ilegal de arma, com pena de 22 anos e 6 meses de prisão e multa de 200 dias. A defesa apelou, reduzindo a pena, mas o STJ negou provimento ao recurso especial.  

O relator, ministra Rosa Weber, diz que o recurso ordinário em habeas corpus não foi acolhido porque a questão já foi resolvida no Supremo Tribunal de Justiça. A defesa alega que a pena foi mal calculada e pede redução. O Ministério Público rejeita o habeas corpus, afirmando que a questão já foi analisada.",44013,37.78,43.15,5.369999999999997,0.8714251518249512,425,89,336,
"Relatório
19/06/2017 PRIMEIRA TURMA
EMB.DECL. NO AG.REG. NO AGRAVO DE INSTRUMENTO 818.456 PARANÁ
RELATORA : MIN. ROSA WEBER
EMBTE.(S) :TROMBINI PAPEL E EMBALAGENS S/A 
ADV.(A/S) :REGIANE BINHARA ESTURILIO E OUTRO(A/S)
EMBDO.(A/S) :UNIÃO 
PROC.(A/S)(ES) :PROCURADOR-GERAL DA FAZENDA NACIONAL 
R E L A T Ó R I O
A Senhora Ministra Rosa Weber (Relatora):  Contra o acórdão pelo 
qual  esta  1ª  Turma  negou  provimento  ao  agravo  regimental,  opõe 
embargos de declaração Trombini Papel e Embalagens S/A. Com amparo 
no art. 535 do CPC, reputa omisso o julgado.
Alega,  em  síntese  que  as  violações  constitucionais  suscitadas, 
relativas à exigência de valores pelo Fisco sem lei que a estabeleça e ao 
princípio da separação de poderes, surgiram no julgamento do  recurso 
especial pelo Superior Tribunal de Justiça. Afirma que a decisão proferida 
pelo STJ negou vigência à direitos constitucionalmente garantidos, como 
a legalidade, a segurança jurídica e a igualdade.  Reitera a afronta aos 
arts. 5º, caput, II, XXXV, 60, § 3º, III, 93, IX, 105, III, “a” e “c”, e 150, I e II,  
da Constituição da República.
Declaratórios opostos sob a vigência do Código de Processo Civil de 
1973.
É o relatório.
Supremo Tribunal Federal
Documento assinado digitalmente conforme MP n° 2.200-2/2001 de 24/08/2001, que institui a Infraestrutura de Chaves Públicas Brasileira - ICP-Brasil. O
documento pode ser acessado no endereço eletrônico http://www.stf.jus.br/portal/autenticacao/ sob o número 13155411.
Inteiro Teor do Acórdão - Página 3 de 7
","Relatório  
19/06/2017 PRIMEIRA TURMA  
EMB.DECL. NO AG.REG. NO AGRAVO DE INSTRUMENTO 818.456 PARANÁ  
RELATORA : MIN. ROSA WEBER  
EMBTE.(S) :TROMBINI PAPEL E EMBALAGENS S/A  
ADV.(A/S) :REGIANE BINHARA ESTURILIO E OUTRO(A/S)  
EMBDO.(A/S) :UNIÃO  
PROC.(A/S)(ES) :PROCURADOR-GERAL DA FAZENDA NACIONAL  

A Ministra Rosa Weber (Relatora): Contra o acórdão que negou provimento ao agravo regimental, opõe embargos de declaração da Trombini Papel e Embalagens S/A. Com base no artigo 535 do CPC, alega que o julgamento foi omisso.

Alega que as violações constitucionais, como a exigência de valores pelo Fisco sem lei e a separação de poderes, surgiram no julgamento do recurso especial no STJ. Afirma que a decisão negou direitos garantidos, como legalidade, segurança jurídica e igualdade. Reitera a ofensa aos arts. 5º, caput, II, XXXV, 60, § 3º, III, 93, IX, 105, III, “a” e “c”, e 150, I e II, da Constituição.

Os embargos são apresentados sob o Código de Processo Civil de 1973.  
É o relatório.",108212,56.15,59.23,3.0799999999999983,0.9204897284507751,151,101,50,
"Voto - MIN. CÁRMEN LÚCIA
25/03/2014 SEGUNDA TURMA
RECURSO ORDINÁRIO EM HABEAS CORPUS 121.106 SÃO PAULO
V O T O
A SENHORA MINISTRA CÁRMEN LÚCIA - (Relatora): 
1. Conforme o relatado, a Recorrente foi condenada à pena total de 
três anos de reclusão, pela prática do delito previsto no art. 14, da Lei n. 
6.368/1976.
2. Na espécie vertente, alega-se que não se pode deixar de apreciar a 
presente  ordem de  habeas  corpus por  conta  do  julgamento  do  Recurso 
Especial  interposto, inexistência  de  prova  da  materialidade  delitiva, 
aplicação da causa de diminuição do § 4º do art. 33 da Lei n. 11.343/2006, 
conversão  da  pena  privativa  de  liberdade  por  restritiva  de  direitos. 
Contudo,  esses  argumentos  não  foram  examinados  pelo  Superior 
Tribunal de Justiça, o que impede a sua análise pelo Supremo Tribunal 
Federal, sob pena de indevida supressão de instância.
Em casos como o presente, a jurisprudência do Supremo Tribunal 
Federal não admite seja conhecido o recurso ordinário em habeas corpus, 
por  ser incabível  o exame,  per  saltum,  de fundamentos  não apreciados 
pelo  órgão  judiciário  apontado  como  coator  (HC  73.390,  Relator  o 
Ministro  Carlos  Velloso,  DJ 17.5.1996;  e  HC 81.115,  Relator  o Ministro 
Ilmar Galvão, DJ 14.12.2001). 
Ainda nesse sentido: 
“Ementa:  PROCESSUAL  PENAL  E  PENAL.  HABEAS  
CORPUS. NEGATIVA DE AUTORIA. PRETENSÃO QUE NÃO  
SE COADUNA COM A VIA ESTREITA DO HABEAS CORPUS.  
ROL  DE  TESTEMUNHAS.  QUESTÃO  DEVIDAMENTE  
EQUACIONADA NAS INSTÂNCIAS INFERIORES. AUSÊNCIA 
DE IMPUGNAÇÃO NO MOMENTO OPORTUNO. SUPOSTA 
Supremo Tribunal Federal
Documento assinado digitalmente conforme MP n° 2.200-2/2001 de 24/08/2001, que institui a Infraestrutura de Chaves Públicas Brasileira - ICP-Brasil. O
documento pode ser acessado no endereço eletrônico http://www.stf.jus.br/portal/autenticacao/ sob o número 5533613.
Inteiro Teor do Acórdão - Página 6 de 12
Voto - MIN. CÁRMEN LÚCIA
RHC 121106 / SP 
INÉPCIA  DA  INICIAL.  PRECLUSÃO  DA  ARGUIÇÃO  
QUANDO SUSCITADA APÓS A PROLAÇÃO DE SENTENÇA 
PENAL  CONDENATÓRIA.  NECESSIDADE  DE  
DEMONSTRAÇÃO DE PLANO DE ILEGALIDADE OU ABUSO  
DE  PODER  PRIMA  FACIE  EVIDENTE  QUANDO  DO  
OFERECIMENTO  DA  DENÚNCIA.  PRINCÍPIO  DA 
CONSUNÇÃO.  MATÉRIA  NÃO  CONHECIDA  PELO  
SUPERIOR  TRIBUNAL  DE  JUSTIÇA.  SUPRESSÃO  DE  
INSTÂNCIA.  IMPOSSIBILIDADE.  HABEAS  CORPUS  
DENEGADO. (...) 5. Deveras, a jurisprudência desta Suprema Corte  
é  firme  no  sentido  de  que  não  se  conhece,  em  habeas  corpus,  de  
questões  que  não  foram  apreciadas  nas  instâncias  inferiores (HC 
93.904/RS, Rel.  Min. Cezar Peluso, Dje 22.5/2009; HC 97.761/RJ,  
Rel.  Min.  Ellen Gracie,  DJe 11.12.2009;  HC 79.551/SP,  Rel.  Min.  
Nelson  Jobim,  DJ  20.10.2000;  HC  73.390/RS,  Rel.  Min.  Carlos  
Velloso; HC 81.115/SP, Rel. Min. Ilmar Galvão, DJ 14.12.2001). 6.  
Writ  denegado”  (HC  111.363,  Relator  o  Ministro  Luiz  Fux, 
Primeira Turma, DJe 27.8.2013, grifos nossos).
3. Em que pese  a  prejudicialidade da  análise  dos  argumentos  da 
Recorrente,  passo  ao  exame  das  teses  de  defesa,  a  fim  de  verificar  a 
existência de constrangimento ilegal passível de concessão da ordem de 
habeas corpus de ofício.
4. Pelo  que  se  tem  nas  instâncias  antecedentes,  o  pedido  da 
Recorrente sobre absolvição por falta de prova foi afastado com base no 
conjunto  probatório  dos  autos.  Afastar  essa  premissa  demandaria  o 
reexame de fatos e de provas, a que não se presta o recurso ordinário em 
habeas corpus.
5. Também não tem razão a Recorrente quando requer a aplicação da 
causa de diminuição do § 4º do art. 33 da Lei n. 11.343/2006.
O Tribunal de Justiça de São Paulo afirmou:
2 
Supremo Tribunal Federal
Documento assinado digitalmente conforme MP n° 2.200-2/2001 de 24/08/2001, que institui a Infraestrutura de Chaves Públicas Brasileira - ICP-Brasil. O
documento pode ser acessado no endereço eletrônico http://www.stf.jus.br/portal/autenticacao/ sob o número 5533613.
Inteiro Teor do Acórdão - Página 7 de 12
Voto - MIN. CÁRMEN LÚCIA
RHC 121106 / SP 
“De se observar, ainda, que, configurada a associação entre os  
agentes, que se organizaram para traficar entorpecentes, incabível a  
redução prevista no artigo 33, § 4º, da Lei 11.343/06, motivo pelo qual  
mantêm-se  as  reprimendas  aplicadas  conforme  os  ditames  da  Lei  
6.368/76, pois mais favoráveis aos recorrentes”.
Dessa forma, pelo que se tem nas instâncias antecedentes, a causa de 
diminuição do § 4º do art. 33 da Lei n. 11.343/2006 foi afastada com base 
no  conjunto  probatório  dos  autos,  pois  a  Recorrente  se  dedicava  a 
atividade criminosa.  Para afastar  essa  premissa,  seria  imprescindível  o 
reexame de fatos e de provas, a que não se presta o recurso ordinário em 
habeas corpus.
6. A decisão está em harmonia com a jurisprudência deste Supremo 
Tribunal, que assentou que o “habeas corpus  constitui remédio processual  
inadequado  para  a  análise  da  prova,  para  o  reexame  do  material  probatório  
produzido, para a reapreciação da matéria de fato e, também, para a revalorização  
dos elementos instrutórios coligidos no processo penal de conhecimento” (HC 
74.295, Relator o Ministro Celso de Mello, DJ 22.6.2001).
Na mesma linha:
“HABEAS  CORPUS.  TRÁFICO  ILÍCITO 
TRANSNACIONAL  DE  DROGAS.  IMPOSSIBILIDADE  DE  
APLICAÇÃO  DA  CAUSA  DE  DIMINUIÇÃO  DE  PENA 
PREVISTA NO § 4º DO ART. 33 DA LEI 11.343/2006. PACIENTE  
INTEGRANTE  DE  ORGANIZAÇÃO  CRIMINOSA.  
RECONHECIMENTO  PELO  JUIZ  SENTENCIANTE  E  PELO  
TRIBUNAL EM SEDE DE APELAÇÃO. ORDEM DENEGADA. I  
– Para a concessão do benefício previsto no § 4º do art. 33 da Lei  
11.343/2006,  é  necessário  que  o  réu  seja  primário,  de  bons  
antecedentes,  não  se  dedique  às  atividades  criminosas  nem integre  
organização criminosa. II – No presente caso, o juízo de primeiro grau  
deixou de  aplicar  a  causa de diminuição da pena,  em virtude de a  
paciente ter se associado a outras três pessoas para a prática do crime  
3 
Supremo Tribunal Federal
Documento assinado digitalmente conforme MP n° 2.200-2/2001 de 24/08/2001, que institui a Infraestrutura de Chaves Públicas Brasileira - ICP-Brasil. O
documento pode ser acessado no endereço eletrônico http://www.stf.jus.br/portal/autenticacao/ sob o número 5533613.
Inteiro Teor do Acórdão - Página 8 de 12
Voto - MIN. CÁRMEN LÚCIA
RHC 121106 / SP 
de tráfico transnacional de droga, o que evidencia a existência de uma  
organização criminosa voltada para esse fim. III – A discussão sobre o  
acerto ou desacerto da decisão do juiz de primeiro grau, confirmada  
em segunda instância, exige o exame aprofundado de fatos e provas, o  
que, em sede de habeas corpus, não se mostra possível, visto tratar-se  
de instrumento destinado à proteção de direito demonstrável de plano,  
que não admite dilação probatória. IV – Mantida a reprimenda, tal  
como aplicada pelo juízo sentenciante e confirmada em segundo grau  
de jurisdição, fica superado o pedido de substituição da pena privativa  
de liberdade por restritivas de direitos, por vedação do inciso I do art.  
44 do Código Penal, bem como a fixação do regime aberto. V – Habeas  
corpus  denegado”  (HC  106.105,  Relator  o  Ministro  Ricardo 
Lewandowski, DJe 1º.2.2011, grifos nossos).
7. Quanto ao pedido de conversão da pena privativa de liberdade em 
restritiva  de  direitos  deve  ser  concedida  a  ordem de  habeas  corpus de 
ofício.
O  juízo  da  1ª  Vara  da  Comarca  de  Cruzeiro/SP  entendeu  ser 
incabível a substituição da pena privativa de liberdade por restritivas de 
direitos nos seguintes termos:
“Sem substituição da pena privativa por restritivas de direitos,  
pois descabida em casos que tais: Habeas Corpus n. 30.079/MG, 5ª  
Turma do E. Superior Tribunal de Justiça, v.u., relator Ministro José  
Arnaldo da Fonseca, j. 07.10.2003; Recurso Especial n. 421.864-MG,  
6ª Turma do E. Superior Tribunal de Justiça, v.u., relator Ministro  
Fontes de Alencar, j. 18.06.2002”
A decisão acima está em desarmonia com a jurisprudência firmada 
neste Supremo Tribunal, pois no julgamento do Habeas Corpus n. 97.256, 
Relator  o  Ministro  Ayres  Britto,  em  1º.9.2010,  este  Supremo  Tribunal 
assentou serem inconstitucionais os arts.  33, § 4º, e 44,  caput,  da Lei n. 
11.343/2006, na parte em que vedavam a substituição de pena em caso de 
condenação pelo  crime de tráfico  de  entorpecentes,  pelo  que deve ser 
4 
Supremo Tribunal Federal
Documento assinado digitalmente conforme MP n° 2.200-2/2001 de 24/08/2001, que institui a Infraestrutura de Chaves Públicas Brasileira - ICP-Brasil. O
documento pode ser acessado no endereço eletrônico http://www.stf.jus.br/portal/autenticacao/ sob o número 5533613.
Inteiro Teor do Acórdão - Página 9 de 12
Voto - MIN. CÁRMEN LÚCIA
RHC 121106 / SP 
determinado ao juízo de origem que examine se estariam presentes os 
requisitos  do  art.  44  do  Código  penal  para  essa  substituição.  Segue 
ementa do julgado:
“EMENTA:  HABEAS CORPUS.  TRÁFICO DE DROGAS.  
ART.  44  DA  LEI  11.343/2006:  IMPOSSIBILIDADE  DE  
CONVERSÃO DA PENA PRIVATIVA DE LIBERDADE EM PENA 
RESTRITIVA DE DIREITOS. DECLARAÇÃO INCIDENTAL DE  
INCONSTITUCIONALIDADE.  OFENSA  À  GARANTIA 
CONSTITUCIONAL  DA  INDIVIDUALIZAÇÃO  DA  PENA 
(INCISO  XLVI  DO  ART.  5º  DA  CF/88).  ORDEM  
PARCIALMENTE CONCEDIDA. 1. O processo de individualização  
da  pena  é  um  caminhar  no  rumo  da  personalização  da  resposta  
punitiva do Estado, desenvolvendo-se em três momentos individuados  
e complementares: o legislativo, o judicial e o executivo. Logo, a lei  
comum não tem a força de subtrair do juiz sentenciante o poder-dever  
de impor ao delinquente a sanção criminal que a ele, juiz, afigurar-se  
como expressão de um concreto balanceamento ou de uma empírica  
ponderação  de  circunstâncias  objetivas  com  protagonizações  
subjetivas  do  fato-tipo.  Implicando  essa  ponderação  em concreto  a  
opção jurídico-positiva pela prevalência do razoável sobre o racional;  
ditada pelo permanente esforço do julgador para conciliar segurança  
jurídica e justiça material. 2. No momento sentencial da dosimetria da  
pena,  o  juiz  sentenciante  se  movimenta  com  ineliminável  
discricionariedade entre aplicar a pena de privação ou de restrição da  
liberdade do condenado e uma outra que já não tenha por objeto esse  
bem  jurídico  maior  da  liberdade  física  do  sentenciado.  Pelo  que  é  
vedado  subtrair  da  instância  julgadora  a  possibilidade  de  se  
movimentar  com  certa  discricionariedade  nos  quadrantes  da  
alternatividade sancionatória. 3. As penas restritivas de direitos são,  
em  essência,  uma  alternativa  aos  efeitos  certamente  traumáticos,  
estigmatizantes e onerosos do cárcere. Não é à toa que todas elas são  
comumente chamadas de penas alternativas, pois essa é mesmo a sua  
natureza:  constituir-se  num substitutivo  ao  encarceramento  e  suas  
sequelas. E o fato é que a pena privativa de liberdade corporal não é a  
única a cumprir a função retributivo-ressocializadora ou restritivo-
5 
Supremo Tribunal Federal
Documento assinado digitalmente conforme MP n° 2.200-2/2001 de 24/08/2001, que institui a Infraestrutura de Chaves Públicas Brasileira - ICP-Brasil. O
documento pode ser acessado no endereço eletrônico http://www.stf.jus.br/portal/autenticacao/ sob o número 5533613.
Inteiro Teor do Acórdão - Página 10 de 12
Voto - MIN. CÁRMEN LÚCIA
RHC 121106 / SP 
preventiva  da  sanção  penal.  As  demais  penas  também  são  
vocacionadas  para  esse  geminado  papel  da  retribuição-prevenção-
ressocialização, e ninguém melhor do que o juiz natural da causa para  
saber,  no  caso  concreto,  qual  o  tipo  alternativo  de  reprimenda  é  
suficiente para castigar e, ao mesmo tempo, recuperar socialmente o  
apenado,  prevenindo  comportamentos  do  gênero.  4.  No  plano  dos  
tratados e convenções internacionais, aprovados e promulgados pelo  
Estado brasileiro, é conferido tratamento diferenciado ao tráfico ilícito  
de entorpecentes que se caracterize pelo seu menor potencial ofensivo.  
Tratamento  diferenciado,  esse,  para  possibilitar  alternativas  ao  
encarceramento.  É o caso da Convenção Contra o Tráfico Ilícito de  
Entorpecentes e de Substâncias Psicotrópicas, incorporada ao direito  
interno pelo Decreto 154, de 26 de junho de 1991. Norma supralegal  
de  hierarquia  intermediária,  portanto,  que  autoriza  cada  Estado  
soberano a adotar norma comum interna que viabilize a aplicação da  
pena substitutiva (a restritiva de direitos) no aludido crime de tráfico  
ilícito de entorpecentes. 5. Ordem parcialmente concedida tão-somente  
para remover o óbice da parte final do art. 44 da Lei 11.343/2006,  
assim  como  da  expressão  análoga  “vedada  a  conversão  em  penas  
restritivas de direitos”, constante do § 4º do art. 33 do mesmo diploma  
legal.  Declaração  incidental  de  inconstitucionalidade,  com efeito   ex   
nunc,   da proibição de substituição da pena privativa de liberdade pela  
pena restritiva de direitos; determinando-se ao Juízo da execução penal  
que faça a avaliação das condições objetivas e subjetivas da convolação  
em causa, na concreta situação do paciente” (HC 97.256, Relator o 
Ministro  Ayres  Britto,  Tribunal  Pleno,  DJe  16.12.2010,  grifos 
nossos).
8. Pelo exposto, encaminho a votação no sentido de não conhecer do 
recurso,  mas  conceder  a  ordem de ofício  apenas  para determinar  ao 
juízo da execução da pena competente que examine e decida sobre a 
possibilidade  de  substituição  da  pena  privativa  de  liberdade  por 
restritiva de direitos.
6 
Supremo Tribunal Federal
Documento assinado digitalmente conforme MP n° 2.200-2/2001 de 24/08/2001, que institui a Infraestrutura de Chaves Públicas Brasileira - ICP-Brasil. O
documento pode ser acessado no endereço eletrônico http://www.stf.jus.br/portal/autenticacao/ sob o número 5533613.
Inteiro Teor do Acórdão - Página 11 de 12
","Voto - MIN. CÁRMEN LÚCIA  
25/03/2014 SEGUNDA TURMA  
RECURSO ORDINÁRIO EM HABEAS CORPUS 121.106 SÃO PAULO  

A senhora ministra Carmen Lucia, relatora:  
1. A recorrente foi condenada a três anos de prisão por um crime previsto na lei 6368/1976.  
2. Na questão, alega-se que não pode ser descartado o habeas corpus porque o recurso especial não foi analisado pelo STJ, o que impede sua análise no STF. Além disso, não há prova da materialidade do crime, e a causa de diminuição do artigo 33, §4º da lei 11343/2006 foi aplicada, mas isso não foi analisado pelo STJ.  
3. A jurisprudência do STF diz que não pode ser conhecido o recurso ordinário em habeas corpus se os argumentos não foram analisados na instância anterior.  
4. A recorrente pede a aplicação da causa de diminuição, mas o TJSP afirma que ela não é aplicável porque a pessoa estava envolvida em uma organização criminosa.  
5. O STF diz que o habeas corpus não pode ser usado para reexaminar provas ou fatos, pois é um meio para proteger direitos demonstráveis, e não permite dilação probatória.  
6. A causa de diminuição foi afastada com base no conjunto probatório, já que a recorrente estava envolvida em atividades criminosas.  
7. O habeas corpus deve ser negado, mas se for concedido, apenas para que o juízo da execução penal analise se é possível substituir a pena privativa de liberdade por uma restritiva de direitos.",46697,45.28,51.36,6.079999999999998,0.8253246545791626,641,120,521,
"Extrato de Ata - 10/03/2015
SEGUNDA TURMA
EXTRATO DE ATA
EMB.DECL. NO AG.REG. NO RECURSO EXTRAORDINÁRIO 725.596
PROCED. : SANTA CATARINA
RELATOR : MIN. CELSO DE MELLO
EMBTE.(S) : MOVEIS SILVA INDUSTRIA E COMERCIO LTDA
ADV.(A/S) : JULIANO FERNANDES DE OLIVEIRA E OUTRO(A/S)
EMBDO.(A/S) : ESTADO DE SANTA CATARINA
PROC.(A/S)(ES) : PROCURADOR-GERAL DO ESTADO DE SANTA CATARINA
Decisão: A Turma, por votação unânime, rejeitou os embargos de 
declaração,  nos  termos  do  voto  do  Relator.  Ausente, 
justificadamente,  a  Senhora  Ministra  Cármen  Lúcia.  2ª  Turma, 
10.03.2015.
Presidência do Senhor Ministro Teori Zavascki. Presentes à 
sessão os Senhores Ministros Celso de Mello e Gilmar Mendes. 
Ausente, justificadamente, a Senhora Ministra Cármen Lúcia.
Subprocurador-Geral  da  República,  Dr.  Paulo  Gustavo  Gonet 
Branco.
Ravena Siqueira
Secretária
Documento assinado digitalmente conforme MP n° 2.200-2/2001 de 24/08/2001, que institui a Infra-estrutura de Chaves Públicas Brasileira - ICP-Brasil. O
documento pode ser acessado no endereço eletrônico http://www.stf.jus.br/portal/autenticacao/autenticarDocumento.asp sob o número 8009849
Supremo Tribunal Federal
Inteiro Teor do Acórdão - Página 7 de 7
","Extrato de Ata - 10/03/2015  
SEGUNDA TURMA  
EXTRATO DE ATA  
EMB.DECL. NO AG.REG. NO RECURSO EXTRAORDINÁRIO 725.596  
PROCED. : SANTA CATARINA  
RELATOR : MIN. CELSO DE MELLO  
EMBTE.(S) : MOVEIS SILVA INDUSTRIA E COMERCIO LTDA  
ADV.(A/S) : JULIANO FERNANDES DE OLIVEIRA E OUTRO(A/S)  
EMBDO.(A/S) : ESTADO DE SANTA CATARINA  
PROC.(A/S)(ES) : PROCURADOR-GERAL DO ESTADO DE SANTA CATARINA  
Decisão: A Turma, por votação unânime, rejeitou os embargos de declaração, conforme o voto do Relator. A Ministra Cármen Lúcia estava ausente, justificadamente.  
Presidência do Senhor Ministro Teori Zavascki. Presentes: Celso de Mello e Gilmar Mendes. Ausente: Cármen Lúcia.  
Subprocurador-Geral da República: Dr. Paulo Gustavo Gonet Branco.  
Ravena Siqueira, Secretária.  
Documento assinado digitalmente conforme MP n° 2.200-2/2001, que institui a ICP-Brasil. Pode ser acessado no endereço http://www.stf.jus.br/portal/autenticacao/autenticarDocumento.asp com o número 8009849.  
Supremo Tribunal Federal  
Inteiro Teor do Acórdão - Página 7 de 7",90734,55.03,55.88,0.8500000000000014,0.9482631087303162,118,107,11,
"Relatório
20/02/2018 PRIMEIRA TURMA
EMB.DECL. NO HABEAS CORPUS 151.023 RIO DE JANEIRO
RELATOR : MIN. LUIZ FUX
EMBTE.(S) :ADAIR MARLON DUARTE 
ADV.(A/S) :RODRIGO DE OLIVEIRA CARVALHO 
EMBDO.(A/S) :SUPERIOR TRIBUNAL DE JUSTIÇA 
R E L A T Ó R I O
O SENHOR MINISTRO LUIZ FUX (RELATOR): Trata-se de embargos de 
declaração opostos contra decisão de minha relatoria, cuja ementa possui 
o seguinte teor:
“HABEAS  CORPUS.  PENAL  E  PROCESSUAL  PENAL.  
CRIME  DE  EXTORSÃO  MEDIANTE  SEQUESTRO  COM  
RESULTADO MORTE. ARTIGO 159, § 3º, DO CÓDIGO PENAL.  
HABEAS  CORPUS  SUBSTITUTIVO  DE  RECURSO  
ORDINÁRIO.  INADMISSIBILIDADE.  COMPETÊNCIA  DO  
SUPREMO  TRIBUNAL  FEDERAL  PARA  JULGAR  HABEAS  
CORPUS: CF, ART. 102, I,  D E I. ROL TAXATIVO. ALEGADA  
CONDENAÇÃO  CONTRÁRIA  À  PROVA  DOS  AUTOS.  
REVOLVIMENTO  DO  CONJUNTO  FÁTICO-PROBATÓRIO.  
INADMISSIBILIDADE  NA  VIA  ELEITA.  INEXISTÊNCIA  DE  
TERATOLOGIA,  ABUSO  DE  PODER  OU  FLAGRANTE  
ILEGALIDADE.
- Seguimento negado, com esteio no artigo 21, § 1º do RISTF.  
Prejudicado o exame do pedido de medida liminar.
- Ciência ao Ministério Público Federal.”
Consta dos autos que o embargante foi condenado definitivamente à 
pena de 27 anos de reclusão, em razão da prática do crime previsto no 
artigo 159, § 3º, do Código Penal.
Após o trânsito em julgado da condenação, a defesa interpôs ação 
revisional, ao argumento de que a condenação fora contrária à prova dos 
autos. O Tribunal de origem deu parcial  provimento à revisão, apenas 
Supremo Tribunal Federal
Documento assinado digitalmente conforme MP n° 2.200-2/2001 de 24/08/2001, que institui a Infraestrutura de Chaves Públicas Brasileira - ICP-Brasil. O
documento pode ser acessado no endereço eletrônico http://www.stf.jus.br/portal/autenticacao/ sob o número 14453700.
Inteiro Teor do Acórdão - Página 2 de 10
Relatório
HC 151023 ED / RJ 
para afastar o óbice à progressão de regime prisional.
Irresignada,  a  defesa  impetrou  habeas  corpus perante  o  Superior 
Tribunal de Justiça. Contudo, a ordem foi denegada.
Inconformada,  a  defesa  impetrou  o  presente  habeas  corpus, 
apontando  constrangimento  ilegal  consubstanciado  na  condenação  do 
paciente.
 
Neste recurso, o impetrante argumenta, em síntese, a existência de 
obscuridade e contradição na decisão embargada. Argumenta que “é de  
competência  originária  deste  Tribunal  Maior,  o  presente  feito,  haja  vista,  que  
autoridade coatora é o Presidente do Superior Tribunal de Justiça, que nos autos  
nº HC 182467/RJ (2010/0151573-2), o qual manteve a condenação em desfavor  
do  embargante,  onde  se  pleiteia  a  valoração  da  prova  nova,  qual  seja,  os  
depoimentos colhidos em sede de justificação criminal”.
Ao final, formula pedido nos seguintes termos:
“Contando  com  os  doutos  e  valiosos  suplementos  de  Vossas  
Excelências  que  compõem  o  Colendo  Supremo  Tribunal  Federal,  
espera  o  Embargante,  seja  acolhido  o  presente  EMBARGOS  DE  
DECLARAÇÃO com efeitos modificativos, com o seu provimento, no  
sentido de que se aclare o julgado nos seguintes temas:
a)  O  reconhecimento  da  competência  originária  do  Supremo  
Tribunal  Federal,  por  está  diante  da  previsão  legal  do  art.  102,  I,  
alínea i da Constituição Federal, onde figura o Presidente do STJ como  
autoridade coatora.
b)  Subsidiariamente,  requer  por  tudo  acima  apresentado,  
comprovado por meio de todas as provas pré-constituídas necessárias,  
pugna que seja  reconhecida nulidade  da sentença prolatada,  com a  
consequente devolução para novo julgamento por sentença contrária a  
prova dos autos, com fulcro na PROVA NOVA produzida em sede de  
justificação criminal.”
É o relatório.
2 
Supremo Tribunal Federal
Documento assinado digitalmente conforme MP n° 2.200-2/2001 de 24/08/2001, que institui a Infraestrutura de Chaves Públicas Brasileira - ICP-Brasil. O
documento pode ser acessado no endereço eletrônico http://www.stf.jus.br/portal/autenticacao/ sob o número 14453700.
Inteiro Teor do Acórdão - Página 3 de 10
","Relatório  
20/02/2018 PRIMEIRA TURMA  
EMB.DECL. NO HABEAS CORPUS 151.023 RIO DE JANEIRO  
RELATOR : MIN. LUIZ FUX  
EMBTE.(S) :ADAIR MARLON DUARTE  
ADV.(A/S) :RODRIGO DE OLIVEIRA CARVALHO  
EMBDO.(A/S) :SUPERIOR TRIBUNAL DE JUSTIÇA  

O relator trata de embargos de declaração contra uma decisão, cujo resumo diz:  
“HABEAS CORPUS. PENAL E PROCESSUAL PENAL. CRIME DE EXTORSÃO MEDIANTE SEQUESTRO COM RESULTADO MORTE. ARTIGO 159, § 3º, DO CÓDIGO PENAL. HABEAS CORPUS SUBSTITUTIVO DE RECURSO ORDINÁRIO. INADMISSIBILIDADE. COMPETÊNCIA DO SUPREMO TRIBUNAL FEDERAL PARA JULGAR HABEAS CORPUS: CF, ART. 102, I, D E I. ROL TAXATIVO. ALEGADA CONDENAÇÃO CONTRÁRIA À PROVA DOS AUTOS. REVOLVIMENTO DO CONJUNTO FÁTICO-PROBATÓRIO. INADMISSIBILIDADE NA VIA ELEITA. INEXISTÊNCIA DE TERATOLOGIA, ABUSO DE PODER OU FLAGRANTE ILegalidade.”  

O embargante foi condenado a 27 anos de prisão por esse crime. Após o trânsito em julgado, a defesa pediu revisão, mas só obteve parte do que queria. Depois, alegou constrangimento ilegal e pediu habeas corpus, que foi negada.  

Neste recurso, o impetrante diz que há obscuridade na decisão. Alega que a competência do STF é originária, pois o Presidente do STJ é autoridade coatora. Também pede a nulidade da sentença e devolução para novo julgamento com base em novas provas.",60396,35.12,40.99,5.8700000000000045,0.9583522081375122,278,135,143,
"Relatório
10/04/2014 PLENÁRIO
AG.REG. NO MANDADO DE INJUNÇÃO 5.376 DISTRITO FEDERAL
RELATOR : MIN. GILMAR MENDES
AGTE.(S) :DISTRITO FEDERAL 
ADV.(A/S) :PROCURADOR-GERAL DO DISTRITO FEDERAL 
AGDO.(A/S) :SINDICATO DOS AUXILIARES E TÉCNICOS DE 
ENFERMAGEM DO DISTRITO FEDERAL 
ADV.(A/S) :LUCIANA APARECIDA ANANIAS 
INTDO.(A/S) :CONGRESSO NACIONAL 
ADV.(A/S) :ADVOGADO-GERAL DA UNIÃO 
R E L A T Ó R I O
O  SENHOR MINISTRO GILMAR MENDES (RELATOR): Trata-se  de 
agravo regimental  em mandado de  injunção  interposto  contra  decisão 
monocrática  de minha relatoria  que concedeu em parte  a  ordem para 
determinar a autoridade administrativa que analise o requerimento de 
aposentadoria especial dos substituídos do impetrante à luz da disciplina 
do Regime Geral de Previdência Social.
No agravo regimental, aduz-se que o § 5º do art. 57 da Lei 8.213/91 
“permite que o tempo de serviço exercidos sob condições especiais seja somado,  
após a respectiva conversão, ao tempo de trabalho exercido em atividade comum,  
o que não é permitido por esta egrégia Corte.” (fl. 198)
Dessa forma, requer a reforma da decisão a fim de que traga no seu 
dispositivo  a  vedação  expressa  à  conversão  de  períodos  especiais  em 
comuns.
É o relatório.
Documento assinado digitalmente conforme MP n° 2.200-2/2001 de 24/08/2001, que institui a Infraestrutura de Chaves Públicas Brasileira - ICP-Brasil. O
documento pode ser acessado no endereço eletrônico http://www.stf.jus.br/portal/autenticacao/ sob o número 5668346.
Supremo Tribunal Federal
Inteiro Teor do Acórdão - Página 2 de 5
","Relatório  
10/04/2014 – PLENÁRIO  
AG.REG. NO MANDADO DE INJUNÇÃO 5.376 – DISTRITO FEDERAL  
RELATOR: MIN. GILMAR MENDES  
AGTE.: DISTRITO FEDERAL  
ADV.: PROCURADOR-GERAL DO DISTRITO FEDERAL  
AGDO.: SINDICATO DOS AUXILIARES E TÉCNICOS DE ENFERMAGEM DO DISTRITO FEDERAL  
ADV.: LUCIANA APARECIDA ANANIAS  
INTDO.: CONGRESSO NACIONAL  
ADV.: ADVOGADO-GERAL DA UNIÃO  

O ministro Gilmar Mendes (relator) trata de um agravo regimental contra uma decisão que concedeu parte da ordem para determinar que a autoridade administrativa analise o requerimento de aposentadoria especial dos substituídos do impetrante, considerando as regras do Regime Geral de Previdência Social.  

No agravo, diz-se que o § 5º do art. 57 da Lei 8.213/91 permite somar o tempo de serviço em condições especiais ao tempo de trabalho comum, mas a Corte não permite isso. Por isso, pede a reforma da decisão para vedar essa conversão.  

Documento assinado digitalmente conforme a MP n° 2.200-2/2001, que cria o ICP-Brasil. Pode ser acessado no endereço http://www.stf.jus.br/portal/autenticacao/ com o número 5668346.",12177,44.27,52.43,8.159999999999997,0.939516007900238,145,111,34,
"Voto - MIN. AYRES BRITTO
27/03/2012 SEGUNDA TURMA
AG.REG. NO AGRAVO DE INSTRUMENTO 633.761 SÃO PAULO
V O T O
O SENHOR MINISTRO AYRES BRITTO (Relator) 
Tenho  que  a  insurgência  não  merece  acolhida.  Isso  porque  a 
controvérsia  passa,  necessariamente,  pela  análise  da  legislação 
infraconstitucional aplicada. 
6.  Leia-se,  na  parte  que  interessa,  o  acórdão  extraordinariamente 
impugnado, proferido pelo Colégio Recursal do Juizado Especial da 42ª 
Circunscrição Judiciária (fls. 216/217):
“[...]
No  caso,  tenho  o  entendimento  de  que  a  mesma  é 
realmente, nula.
Inicialmente,  é  inquestionável  a aplicação do Código de 
Defesa do Consumidor ao contrato em análise; inquestionável, 
também que o contrato em análise; inquestionável, também que 
o  contrato  em  questão  é  tipicamente  de  adesão,  em  que  as 
cláusulas  são  previamente  impressas  em  formulário  próprio 
confeccionado pela recorrente, sem possibilidade de discussão.
E nos termos do artigo 51, inciso IV do CDC é abusiva a 
cláusula  limitativa  do período de  internação em UtI,  porque 
coloca o usuário do plano em desvantagem exagerada, além de 
ser incompatível com a boa fé e equidade.
Nos termos do par. 1º, III do mesmo artigo, ‘presume-se 
exagerada a vantagem que se mostra excessivamente onerosa 
para o consumidor, considerando-se a natureza e conteúdo do 
contrato,  o  interesse  das  partes  e  outras  circunstâncias 
peculiares ao caso.’
É  este  o  caso  da  cláusula  limitativa  do  período  de 
internação, pois o usuário contribui durante anos para o plano 
de  saúde e  no momento de necessidade extrema,  quando se 
encontra com risco de vida, e se com esta aviltante limitação.
Não  bastasse  isso,  a  Lei  9856/98  ao  regulamentar  o 
Supremo Tribunal Federal
Documento assinado digitalmente conforme MP n° 2.200-2/2001 de 24/08/2001, que institui a Infraestrutura de Chaves Públicas Brasileira - ICP-Brasil. O
documento pode ser acessado no endereço eletrônico http://www.stf.jus.br/portal/autenticacao/ sob o número 1900204.
Inteiro Teor do Acórdão - Página 3 de 5
Voto - MIN. AYRES BRITTO
AI 633.761 AGR / SP 
oferecimento  de  planos  de  assistência  à  saúde  aos 
consumidores  em  geral  proibiu,  expressamente,  ente  outras 
condutas,  a  inserção  de  cláusulas  limitativas  de  tempo  de 
internação nos contratos firmados a partir de 10/10/99.”
7. Nessa contextura, entendo que não se poderia dar solução diversa 
ao  processo.  Isso  porque  a  controvérsia  sob  exame não  transborda os 
limites  do  âmbito  infraconstitucional.  Pelo  que  eventual  ofensa  à 
Constituição Federal, se existente, apenas ocorreria de modo reflexo ou 
indireto,  o  que,  nos  termos  da  jurisprudência  do  Supremo  Tribunal 
Federal, não autoriza a abertura da via recursal extraordinária.
8. Precedentes: REs 570.063, sob a relatoria do ministro Cezar Peluso; 
e  573.062,  sob  a  relatoria  da  ministra  Cármen  Lúcia;  bem  como  AIs 
533.565-AgR,  sob  a  minha relatoria;  e  551.003-AgR,  sob  a  relatoria  do 
ministro Joaquim Barbosa. 
9.  Ante  o  exposto,  meu  voto  é  pelo  desprovimento  do  agravo 
regimental. 
* * * * * * * * * * * *
2 
Supremo Tribunal Federal
Documento assinado digitalmente conforme MP n° 2.200-2/2001 de 24/08/2001, que institui a Infraestrutura de Chaves Públicas Brasileira - ICP-Brasil. O
documento pode ser acessado no endereço eletrônico http://www.stf.jus.br/portal/autenticacao/ sob o número 1900204.
Inteiro Teor do Acórdão - Página 4 de 5
","Voto - MIN. AYRES BRITTO  
27/03/2012 SEGUNDA TURMA  
AG.REG. NO AGRAVO DE INSTRUMENTO 633.761 SÃO PAULO  

O senhor ministro Ayres Britto (relator) diz que a contestação não tem razão de ser acolhida, porque a disputa depende de uma análise da lei inferior à Constituição.  

No caso, o acórdão foi julgado como nulo. O contrato é de adesão, com cláusulas impressas pela empresa, sem possibilidade de discussão. A cláusula que limita o tempo de internação na UTI é abusiva, porque coloca o cliente em desvantagem e não está alinhada com a boa fé. Além disso, a lei proibiu explicitamente cláusulas que limitam o tempo de internação.  

Nesse contexto, a controvérsia não ultrapassa o âmbito da lei inferior. Se houver ofensa à Constituição, seria indireta e, por isso, não permite abrir uma via recursal.  

Os casos anteriores mostram que a decisão é semelhante. Por isso, meu voto é pelo desprovimento do agravo.",75602,39.12,44.51,5.390000000000001,0.8153856992721558,245,99,146,
"Relatório
26/04/2011 PRIMEIRA TURMA
HABEAS CORPUS 106.218 RIO GRANDE DO SUL
RELATOR : MIN. DIAS TOFFOLI
PACTE.(S) :ROBERTO CARLOS DOS SANTOS 
IMPTE.(S) :DEFENSORIA PÚBLICA DA UNIÃO 
PROC.(A/S)(ES) :DEFENSOR PÚBLICO-GERAL FEDERAL 
COATOR(A/S)(ES) :SUPERIOR TRIBUNAL DE JUSTIÇA 
RELATÓRIO
O SENHOR MINISTRO DIAS TOFFOLI (RELATOR): 
Habeas corpus, com pedido de liminar, impetrado pela Defensoria 
Pública da União em favor de Roberto  Carlos  dos  Santos,  buscando a 
progressão do regime prisional do paciente.
Aponta  a  impetrante  como autoridade  coatora  a  Sexta  Turma do 
Superior Tribunal de Justiça, que denegou a ordem no HC nº 177.075/RS, 
Relator o Ministro Og Fernandes.
Sustenta, em síntese, o constrangimento ilegal imposto ao paciente, 
uma vez que o Juízo da Execução da Comarca de Novo Hamburgo/RS 
indeferiu o pedido de progressão de regime prisional, sob o fundamento 
de que não foi atendido o requisito subjetivo, em virtude da avaliação 
psicológica desfavorável.
Requer, “inicialmente, a concessão de liminar para que o apenado obtenha  
a progressão de regime, face à ilegalidade do ato constrangedor de sua liberdade  
(...)  e  no  mérito,  a  concessão  da  ordem  de  Habeas  Corpus para  que  seja  
reformada  a  decisão  da  autoridade  coatora  a  fim  de  que  possa  o  condenado  
progredir de regime prisional” (fl. 4 da inicial).
Indeferi o pedido de liminar e solicitei informações ao Juízo da Vara 
de Execução Criminal Regional de Novo Hamburgo/RS. As informações 
foram prestadas por intermédio da Petição/STF nº 5.984/11.
O  Ministério  Público  Federal,  em  parecer  da  lavra  do  ilustre 
Subprocurador-Geral  da  República  Dr.  Edson  Oliveira  de  Almeida, 
opinou pela denegação da ordem.
É o relatório.
Documento assinado digitalmente conforme MP n° 2.200-2/2001 de 24/08/2001, que institui a Infraestrutura de Chaves Públicas Brasileira - ICP-Brasil. O
documento pode ser acessado no endereço eletrônico http://www.stf.jus.br/portal/autenticacao/ sob o número 1206659.
Supremo Tribunal Federal
Inteiro Teor do Acórdão - Página 3 de 7
","Relatório  
26/04/2011 PRIMEIRA TURMA  
HABEAS CORPUS 106.218 RIO GRANDE DO SUL  
RELATOR : MIN. DIAS TOFFOLI  
PACTE.(S) :ROBERTO CARLOS DOS SANTOS  
IMPTE.(S) :DEFENSORIA PÚBLICA DA UNIÃO  
PROC.(A/S)(ES) :DEFENSOR PÚBLICO-GERAL FEDERAL  
COATOR(A/S)(ES) :SUPERIOR TRIBUNAL DE JUSTIÇA  

O relator, ministro Dias Toffoli, analisou um habeas corpus solicitado pela Defensoria Pública da União para que Roberto Carlos dos Santos fosse punido pelo regime prisional. A Sexta Turma do Superior Tribunal de Justiça negou a ordem no HC nº 177.075/RS, afirmando que o paciente não atendeu ao critério subjetivo devido a uma avaliação psicológica negativa. O pedido pede a concessão de liminar para que o paciente obtenha a progressão do regime prisional e, no mérito, a reforma da decisão do tribunal coator. O relator indeferiu o pedido de liminar e pediu informações ao juízo de execução criminal. As informações foram fornecidas pela Petição/STF nº 5.984/11. O Ministério Público Federal, por meio de um parecer, defendeu a negativa da ordem.  

Documento assinado digitalmente conforme MP n° 2.200-2/2001 de 24/08/2001, que institui a Infraestrutura de Chaves Públicas Brasileira - ICP-Brasil. O documento pode ser acessado no endereço eletrônico http://www.stf.jus.br/portal/autenticacao/ sob o número 1206659.  
Supremo Tribunal Federal  
Inteiro Teor do Acórdão - Página 3 de 7",31279,35.46,44.01,8.549999999999997,0.9743414521217346,168,124,44,
"Ementa e Acórdão
04/08/2015 SEGUNDA TURMA
AG.REG. NO RECURSO EXTRAORDINÁRIO COM AGRAVO 865.691 MINAS 
GERAIS
RELATOR : MIN. DIAS TOFFOLI
AGTE.(S) :MUNICÍPIO DE BELO HORIZONTE 
PROC.(A/S)(ES) :PROCURADOR-GERAL DO MUNICÍPIO DE BELO 
HORIZONTE 
AGDO.(A/S) :WARLEYTON GOMES DA SILVA 
ADV.(A/S) :LUCIANA CHAMONE GARCIA E OUTRO(A/S)
EMENTA
  
Agravo regimental no recurso extraordinário com agravo. Servidor 
público.  Lei  municipal.  Contratação  temporária.  Hipóteses. 
Constitucionalidade.  Discussão.  Repercussão  geral.  Decisão  que 
determina o retorno dos autos à origem. Precedentes. 
1.  O Supremo Tribunal  Federal,  no exame do RE nº  658.026/MG, 
reconheceu a repercussão geral da matéria relativa à “constitucionalidade 
de lei municipal que dispõe sobre as hipóteses de contratação temporária 
[de] servidores públicos”.
2. Manutenção da decisão em que, com base no art. 328, parágrafo 
único,  do  Regimento  Interno  do  Supremo  Tribunal  Federal,  se 
determinou  a  devolução  dos  autos  ao  Tribunal  de  origem  para  a 
observância do disposto no art. 543-B do Código de Processo Civil. 
3. Agravo regimental não provido.  
ACÓRDÃO
Vistos, relatados e discutidos estes autos, acordam os Ministros da 
Segunda  Turma  do  Supremo  Tribunal  Federal,  sob  a  Presidência  do 
Senhor Ministro Dias Toffoli, na conformidade da ata do julgamento e das 
notas taquigráficas, por unanimidade de votos, em negar provimento ao 
agravo regimental, nos termos do voto do Relator.
Brasília, 4 de agosto de 2015.
Documento assinado digitalmente conforme MP n° 2.200-2/2001 de 24/08/2001, que institui a Infraestrutura de Chaves Públicas Brasileira - ICP-Brasil. O
documento pode ser acessado no endereço eletrônico http://www.stf.jus.br/portal/autenticacao/ sob o número 9290762.
Supremo Tribunal Federal
Inteiro Teor do Acórdão - Página 1 de 8
Ementa e Acórdão
ARE 865691 AGR / MG 
MINISTRO DIAS TOFFOLI
Relator
2 
Documento assinado digitalmente conforme MP n° 2.200-2/2001 de 24/08/2001, que institui a Infraestrutura de Chaves Públicas Brasileira - ICP-Brasil. O
documento pode ser acessado no endereço eletrônico http://www.stf.jus.br/portal/autenticacao/ sob o número 9290762.
Supremo Tribunal Federal
Inteiro Teor do Acórdão - Página 2 de 8
","Ementa e Acórdão  
04/08/2015 SEGUNDA TURMA  
AG.REG. NO RECURSO EXTRAORDINÁRIO COM AGRAVO 865.691 MINAS GERAIS  
RELATOR : MIN. DIAS TOFFOLI  
AGTE.(S) : MUNICÍPIO DE BELO HORIZONTE  
PROC.(A/S)(ES) : PROCURADOR-GERAL DO MUNICÍPIO DE BELO HORIZONTE  
AGDO.(A/S) : WARLEYTON GOMES DA SILVA  
ADV.(A/S) : LUCIANA CHAMONE GARCIA E OUTRO(A/S)  

EMENTA  
Agravo regimental no recurso extraordinário com agravo. Servidor público. Lei municipal. Contratação temporária. Constitucionalidade. Repercussão geral. Decisão que determina o retorno dos autos à origem. Precedentes.  

1. O Supremo Tribunal Federal, no RE nº 658.026/MG, reconheceu a repercussão geral sobre a constitucionalidade de leis municipais que definem as hipóteses de contratação temporária de servidores públicos.  
2. A decisão foi mantida com base no art. 328, parágrafo único, do Regimento Interno do STF, determinando a devolução dos autos ao tribunal de origem para observância do art. 543-B do Código de Processo Civil.  
3. O agravo regimental não foi provido.  

ACÓRDÃO  
Vistos, relatados e discutidos estes autos, acordam os Ministros da Segunda Turma do STF, sob a presidência do Ministro Dias Toffoli, na conformidade da ata do julgamento e das notas taquigráficas, por unanimidade de votos, em negar provimento ao agravo regimental, nos termos do voto do Relator.  

Brasília, 4 de agosto de 2015.  
Documento assinado digitalmente conforme MP n° 2.200-2/2001 de 24/08/2001, que institui a Infraestrutura de Chaves Públicas Brasileira - ICP-Brasil. O documento pode ser acessado no endereço eletrônico http://www.stf.jus.br/portal/autenticacao/ sob o número 9290762.",118324,50.68,50.78,0.10000000000000142,0.9726108312606812,154,145,9,
"Relatório
01/10/2013 SEGUNDA TURMA
RECURSO ORDINÁRIO EM HABEAS CORPUS 118.433 RIO GRANDE DO 
SUL
RELATOR : MIN. RICARDO LEWANDOWSKI
RECTE.(S) :ERNANI JACQUES CRISPIM 
PROC.(A/S)(ES) :DEFENSOR PÚBLICO-GERAL FEDERAL 
RECDO.(A/S) :MINISTÉRIO PÚBLICO FEDERAL 
PROC.(A/S)(ES) :PROCURADOR-GERAL DA REPÚBLICA 
R E L A T Ó R I O
O SENHOR MINISTRO RICARDO LEWANDOWSKI (RELATOR): Trata-se de 
recurso ordinário em  habeas  corpus, interposto por ERNANI JACQUES 
CRISPIM, representado pela Defensoria Pública da União, contra acórdão 
da Sexta Turma do Superior Tribunal de Justiça, que não conheceu do HC 
172.912/RS, Rel. Min. Maria Thereza de Assis Moura.
Extrai-se  dos  autos  que o  recorrente  foi  denunciado pela  suposta 
prática do crime de moeda falsa, nos termos do art. 289, § 1º, do Código 
Penal, por duas vezes, em continuidade delitiva.
Consta da denúncia que o recorrente, em concurso com terceiro não 
identificado, dirigiu-se à residência da primeira vítima, pessoa idosa, e 
alegou ser funcionário de instituição bancária. A pretexto de realizar um 
cadastramento,  solicitou  cédulas  para  verificar  o  número  de  série, 
momento  em  que,  ardilosamente,  trocou  papel-moeda  verdadeiro  por 
falso. Tais fatos se repetiram com outra vítima nas mesmas circunstâncias.
Ao condenar o recorrente, o juízo de primeiro grau desclassificou a 
conduta,  nos termos do art.  383 do Código de Processo Penal,  para o 
crime de estelionato (art. 171 do Código Penal). Aplicou-lhe, então, a pena 
de 1 (um) ano, 5 (cinco) meses e 15 (quinze) dias de reclusão e substituiu-
a  por  duas  penas  restritivas  de  direitos,  consistentes  em prestação  de 
Supremo Tribunal Federal
Documento assinado digitalmente conforme MP n° 2.200-2/2001 de 24/08/2001, que institui a Infraestrutura de Chaves Públicas Brasileira - ICP-Brasil. O
documento pode ser acessado no endereço eletrônico http://www.stf.jus.br/portal/autenticacao/ sob o número 4624304.
Inteiro Teor do Acórdão - Página 3 de 14
Relatório
RHC 118433 / RS 
serviços  à  comunidade  e  prestação  pecuniária  no  valor  de  5  (cinco) 
salários  mínimos  em  favor  de  entidade  pública  ou  privada  com 
destinação social.
Inconformadas,  acusação  e  defesa  apelaram ao  Tribunal  Regional 
Federal da 4ª Região, que acolheu apenas o recurso do Ministério Público 
para reclassificar o delito para o de moeda falsa (art. 289, § 1º, do Código 
Penal), em conformidade com a peça inicial acusatória. 
Na nova dosimetria  da pena,  foi  mantida a  agravante do art.  61, 
inciso II,  h, do CP, - vítimas maiores de 60 (sessenta) anos - no mesmo 
patamar, em 1/6 (um sexto) da pena aplicada. Novamente foi reconhecida 
a continuidade delitiva, sendo a reprimenda corporal finalmente fixada 
em 3 (três) anos, 11 (onze) meses e 25 (vinte e cinco) dias de reclusão. A 
multa foi arbitrada no valor de 49 (quarenta e nove) dias-multa, mantido 
o valor unitário fixado na sentença de 1/5 (um quinto) do valor do salário 
mínimo vigente.
Por fim, o TRF da 4ª Região manteve a substituição da pena privativa 
de liberdade pelas restritivas de direitos, fixadas nos mesmos termos em 
que aplicadas em primeiro grau.
Contra essa decisão a defesa impetrou habeas corpus no STJ, que não 
conheceu do writ.
É contra o acórdão da Corte Superior que se insurge o recorrente.
Sustenta, inicialmente, que os fatos delituosos amoldam-se à figura 
típica  do  crime  de  estelionato,  porquanto  o  dolo  não  foi  de  pôr  em 
circulação moeda falsa, mas sim, mediante ardil, obter vantagem ilícita 
em prejuízo alheio, conforme reconhecido na sentença condenatória de 
primeira instância.
2 
Supremo Tribunal Federal
Documento assinado digitalmente conforme MP n° 2.200-2/2001 de 24/08/2001, que institui a Infraestrutura de Chaves Públicas Brasileira - ICP-Brasil. O
documento pode ser acessado no endereço eletrônico http://www.stf.jus.br/portal/autenticacao/ sob o número 4624304.
Inteiro Teor do Acórdão - Página 4 de 14
Relatório
RHC 118433 / RS 
Alega, ademais, ausência de fundamentação na fixação da prestação 
pecuniária em 5 (cinco) salários mínimos, cujo valor seria incompatível 
com a situação econômica de réu assistido pela Defensoria Pública.
Requer, ao final, o provimento do recurso, nos seguintes termos:
“a)  a  adequação  típica  ao  disposto  no  artigo  171  do  Código  
Penal,  conforme  inclusive  reconhecido  no  comando  sentencial  
injustamente reformado;
b) anular o acórdão proferido por ausência de fundamentação  
relativamente  à  fixação  da  pena pecuniária  no  elevado  patamar  de  
cinco salários mínimos;
c) reduzir o acréscimo proveniente da incidência da agravante  
descrita no artigo 61, II, 'h', do Código Penal, mostrando-se elevado  
na situação telada o montante de cinco meses;
d)  reduzir  o  valor  relativo  à  prestação  pecuniária,  
desmedidamente fixada em cinco salários mínimos”.
As contrarrazões foram apresentadas em 31/5/2013, ocasião em que a 
Subprocuradora-Geral  da  República  Maria  das  Mercês  C.  de  Gordilho 
Aras pugnou pelo não conhecimento do recurso ordinário por supressão 
de instância. Defendeu, por outro lado, a concessão da ordem de ofício 
para  que  os  autos  sejam  devolvidos  ao  Superior  Tribunal  de  Justiça, 
determinado que se aprecie a alegação de ausência de fundamentação na 
quantificação do valor a título de prestação pecuniária.
Por sua vez, o Subprocurador-Geral da República Mario José Gisi, 
em parecer dirigido a esta Corte, manifestou-se pelo não conhecimento 
da pretensão e, caso seja conhecida, pelo não provimento do recurso.
 
É o relatório.
3 
Supremo Tribunal Federal
Documento assinado digitalmente conforme MP n° 2.200-2/2001 de 24/08/2001, que institui a Infraestrutura de Chaves Públicas Brasileira - ICP-Brasil. O
documento pode ser acessado no endereço eletrônico http://www.stf.jus.br/portal/autenticacao/ sob o número 4624304.
Inteiro Teor do Acórdão - Página 5 de 14
","Relatório
01/10/2013 SEGUNDA TURMA
RECURSO ORDINÁRIO EM HABEAS CORPUS 118.433 RIO GRANDE DO SUL
RELATOR : MIN. RICARDO LEWANDOWSKI
RECTE.(S) :ERNANI JACQUES CRISPIM 
PROC.(A/S)(ES) :DEFENSOR PÚBLICO-GERAL FEDERAL 
RECDO.(A/S) :MINISTÉRIO PÚBLICO FEDERAL 
PROC.(A/S)(ES) :PROCURADOR-GERAL DA REPÚBLICA 

O relator trata de um recurso em habeas corpus, interposto por Ernani Jacques Crispim contra uma decisão do Superior Tribunal de Justiça. O recorrente foi acusado de cometer o crime de moeda falsa duas vezes, em continuidade delitiva.

Ele alegou ser funcionário bancário para obter cédulas e trocar as verdadeiras por falsas. Isso aconteceu com duas vítimas. O juízo de primeiro grau condenou-o pelo crime de estelionato, aplicando uma pena de 1 ano, 5 meses e 15 dias, substituindo-a por penas restritivas de direitos.

A defesa e a acusação apelaram para o TRF da 4ª Região, que reclassificou o crime para moeda falsa. A pena foi ajustada para 3 anos, 11 meses e 25 dias de reclusão, com uma multa de 49 dias-multa.

O TRF manteve a substituição da pena privativa por restritivas. A defesa impetrou habeas corpus no STJ, que não acolheu o recurso.

O recorrente alega que os fatos se enquadram no crime de estelionato, pois ele buscou vantagem ilícita, e não colocar moeda falsa em circulação. Também questiona a quantia de 5 salários mínimos como incompatível com sua situação financeira.

Requer o provimento do recurso, pedindo que a pena seja ajustada e que a multa seja reduzida.",44272,28.75,43.19,14.439999999999998,0.9142266511917114,369,133,236,
"Relatório
29/09/2017 PRIMEIRA TURMA
AG.REG. NO RECURSO EXTRAORDINÁRIO 603.462 SÃO PAULO
RELATOR : MIN. ALEXANDRE DE MORAES
AGTE.(S) :MUNICÍPIO DE SÃO PAULO 
PROC.(A/S)(ES) :PROCURADOR-GERAL DO MUNICÍPIO DE SÃO 
PAULO 
AGDO.(A/S) :ELIZABETH DE FATIMA PERESTRELO 
ADV.(A/S) :ANTÔNIA DELFINA NATH E OUTRO(A/S)
R E L A T Ó R I O
O SENHOR MINISTRO ALEXANDRE DE MORAES (RELATOR): 
Trata-se de agravo interno contra decisão do eminente Min. AYRES 
BRITTO que negou seguimento ao recurso extraordinário ante a aplicação 
da Súmula 280/STF.
Sustenta a parte agravante, em suma, que o recurso propõe o exame 
de questões constitucionais.
É o relatório.
Documento assinado digitalmente conforme MP n° 2.200-2/2001 de 24/08/2001, que institui a Infraestrutura de Chaves Públicas Brasileira - ICP-Brasil. O
documento pode ser acessado no endereço eletrônico http://www.stf.jus.br/portal/autenticacao/ sob o número 13742567.
Supremo Tribunal Federal
Inteiro Teor do Acórdão - Página 3 de 6 524
","Relatório  
29/09/2017 PRIMEIRA TURMA  
AG.REG. NO RECURSO EXTRAORDINÁRIO 603.462 SÃO PAULO  
RELATOR : MIN. ALEXANDRE DE MORAES  
AGTE.(S) :MUNICÍPIO DE SÃO PAULO  
PROC.(A/S)(ES) :PROCURADOR-GERAL DO MUNICÍPIO DE SÃO PAULO  
AGDO.(A/S) :ELIZABETH DE FATIMA PERESTRELO  
ADV.(A/S) :ANTÔNIA DELFINA NATH E OUTRO(A/S)  

O MINISTRO ALEXANDRE DE MORAES (RELATOR):  
Trata-se de agravo interno contra a decisão do Min. AYRES BRITTO, que negou o recurso extraordinário por aplicar a Súmula 280/STF.  
A parte agravante afirma que o recurso examina questões constitucionais.  
É o relatório.  

Documento assinado digitalmente conforme MP n° 2.200-2/2001 de 24/08/2001, que institui a ICP-Brasil. O documento pode ser acessado no endereço http://www.stf.jus.br/portal/autenticacao/ sob o número 13742567.",72690,60.18,64.03,3.8500000000000014,0.9844357371330261,101,77,24,
"Voto - MIN. GILMAR MENDES
15/12/2015 SEGUNDA TURMA
HABEAS CORPUS 115.254 SÃO PAULO
V O T O
O  SENHOR MINISTRO GILMAR MENDES (RELATOR): 
Preliminarmente,  cumpre  destacar  que  o  ato  apontado  coator 
consubstancia-se  em  decisão  monocrática,  não  tendo  havido  a 
interposição do competente agravo regimental. 
No  ponto,  registro  que,  na  Turma,  tenho-me  posicionado, 
juntamente com Sua Excelência o Ministro Celso de Mello, no sentido da 
possibilidade de conhecimento do habeas corpus em casos idênticos. 
Ocorre que a Segunda Turma já se posicionou no sentido de não 
conhecer dos writs (HC 119.115/MG, Rel. Ministro Ricardo Lewandowski, 
sessão  de  6.11.2013),  com fundamento  na  carência  de  exaurimento  da 
jurisdição e por inobservância ao princípio da colegialidade, insculpido 
no art. 102, inciso II, alínea a, da Constituição Federal. 
No mesmo sentido, já havia se firmado o entendimento da Primeira 
Turma desta Corte. A esse propósito, cito: RHC 111.935/DF, Rel. Min. Luiz 
Fux,  DJe  30.9.2013;  RHC  108.877/SP,  Rel.  Min.  Cármen  Lúcia,  DJe 
19.10.2011 e RHC 111.639/DF, Rel. Min. Dias Toffoli, DJe 30.3.2012. 
Contudo,  ressalte-se  que,  em obediência  ao princípio  da proteção 
judicial  efetiva  (CF,  art.  5º,  XXXV),  a  aplicação  desse  entendimento 
jurisprudencial  pode  ser  afastada  no  caso  de  configuração  de  patente 
constrangimento ilegal ou abuso de poder. 
Na situação em epígrafe constato, de pronto, razões suficientes para 
superar tal entendimento. Vejamos.
Conforme relatado,  o paciente  teve a pena privativa de liberdade 
unificada  no  total  de  29  anos  de  reclusão.  Postula,  em  essência, 
considerada a inexistência de mácula disciplinar durante a execução da 
pena,  o  reconhecimento  da  data  em  que  houve  a  implementação  do 
requisito objetivo para a progressão de regime (21.10.2004), e não a da 
decisão que a concedeu (28.9.2007), como termo inicial de contagem do 
Documento assinado digitalmente conforme MP n° 2.200-2/2001 de 24/08/2001, que institui a Infraestrutura de Chaves Públicas Brasileira - ICP-Brasil. O
documento pode ser acessado no endereço eletrônico http://www.stf.jus.br/portal/autenticacao/ sob o número 10035869.
Supremo Tribunal Federal
Inteiro Teor do Acórdão - Página 6 de 13
Voto - MIN. GILMAR MENDES
HC 115254 / SP 
prazo para progressão posterior.
A data da decisão judicial que deferiu o pleito da progressão foi a 
adotada pelo TJ quando do julgamento do agravo em execução interposto 
pelo Ministério Público,  decisão mantida pelo STJ ao denegar o  habeas  
corpus interposto  pelo  reeducando,  que  pretendia  ver  restabelecida  a 
decisão original do juízo da execução.
A Lei de Execução Penal normatiza a progressividade da pena nos 
seguintes termos:
“Art. 112. A pena privativa de liberdade será executada em 
forma progressiva  com a  transferência  para  o  regime menos 
rigoroso,  a  ser  determinada  pelo  juiz,  quando  o  preso  tiver 
cumprido ao  menos um sexto  da  pena  no  regime anterior  e 
ostentar  bom  comportamento  carcerário,  comprovado  pelo 
diretor do estabelecimento, respeitadas as normas que vedam a 
progressão”.
Pois  bem,  para  que  a  progressão  de  regime  seja  concretizada,  é 
necessária  a  implementação  do  requisito  objetivo,  qual  seja,  o 
cumprimento de pelo menos 1/6 da pena, e também o preenchimento do 
requisito  subjetivo,  aspecto  relacionado  exclusivamente  ao  mérito  do 
reeducando.  Excluída  desde  2003  a  imperiosidade  do  exame 
criminológico  e  do  parecer  da  Comissão  Técnica  de  Classificação, 
sobrevém,  como  regra,  a  comprovação  do  bom  comportamento 
carcerário, a ser atestado pelo diretor do estabelecimento prisional, nos 
termos do já citado artigo 112 da LEP. 
E o objetivo da norma, como de todo o sistema de execução penal, é 
trazer, progressivamente, o apenado de volta ao convívio social, para que, 
paulatinamente,  possa  readequar-se  ao  meio.  Por  isso  a  rejeição  à 
chamada progressão  per saltum,  ou seja,  progressão do regime fechado 
diretamente  para  o  aberto,  sem que  se  passe  pelo  semiaberto,  a  qual 
normalmente é pleiteada pelos sentenciados que permaneceram presos 
provisoriamente  durante  o  processo  e,  ao  efetivarem  o  cálculo  dos 
benefícios  após o  trânsito  em julgado,  concluem já  ter  cumprido pena 
2 
Documento assinado digitalmente conforme MP n° 2.200-2/2001 de 24/08/2001, que institui a Infraestrutura de Chaves Públicas Brasileira - ICP-Brasil. O
documento pode ser acessado no endereço eletrônico http://www.stf.jus.br/portal/autenticacao/ sob o número 10035869.
Supremo Tribunal Federal
Inteiro Teor do Acórdão - Página 7 de 13
Voto - MIN. GILMAR MENDES
HC 115254 / SP 
suficiente  para  passar  diretamente  ao  regime  aberto,  progredir  de 
imediato duas vezes, grosso modo.
Não é, todavia, o caso dos autos. O paciente não se insurge contra o 
cumprimento  da  pena  em  caráter  progressivo,  tampouco  se  recusa  a 
submeter-se ao regime semiaberto. O que o reeducando pleiteia é que se 
respeitem os  prazos legais  e que os  direitos  sejam declarados à  época 
adequada.
No caso em comento, o apenado cumpriu os requisitos legais para a 
progressão  dois  anos,  onze  meses  e  alguns  dias  antes  de  o  Poder 
Judiciário  apreciar  a  regularidade  do  cumprimento  da  sua  pena.  Já 
implementado desde o início o requisito subjetivo, no curso desse período 
de espera, não houve nada que obstasse a progressão do regime fechado 
para o semiaberto. Durante todo esse tempo em que o Poder Judiciário 
deixou  de  se  pronunciar,  poderia,  e  era  isso  que  pleiteava,  estar 
efetivamente  cumprindo  sua  pena  no  regime  semiaberto,  como  lhe  é 
permitido pela lei. 
Pois bem, traçando um paralelo necessário, é de se reconhecer não 
pairar dúvida quanto ao reinício da contagem de prazo na situação de 
aplicação  de  punição  disciplinar  decorrente  de  falta  grave  pelo 
reeducando. Em caso de regressão, a data-base é o dia da prática da falta 
grave,  e  não do pronunciamento judicial  posterior reconhecendo-a:  em 
situações de progressão, a regra deve ser a mesma, o cumprimento dos 
requisitos legais é o marco. Não se pode admitir tratamento diverso para 
situações análogas.
Sabe-se que nenhuma deliberação judicial vem de forma automática, 
tampouco se propõe seja o apenado posto imediatamente em regime mais 
benéfico. Evidentemente a decisão do magistrado dependerá também da 
comprovação  do  bom  comportamento  carcerário  e,  em  excepcionais 
situações,  de  alguma outra  providência,  como a  elaboração  do  exame 
criminológico.
Todavia,  a  decisão  do  juiz  que  deferir  a  progressão,  sobrevinda, 
logicamente,  ao  preenchimento  dos  requisitos  legais  pelo  apenado,  é 
declaratória, e não constitutiva. Exatamente como ocorre na regressão por 
3 
Documento assinado digitalmente conforme MP n° 2.200-2/2001 de 24/08/2001, que institui a Infraestrutura de Chaves Públicas Brasileira - ICP-Brasil. O
documento pode ser acessado no endereço eletrônico http://www.stf.jus.br/portal/autenticacao/ sob o número 10035869.
Supremo Tribunal Federal
Inteiro Teor do Acórdão - Página 8 de 13
Voto - MIN. GILMAR MENDES
HC 115254 / SP 
falta grave: primeiramente ocorre o fato, para somente após ser realizada 
audiência  de  justificação e  pronunciamento  judicial  que reconhece,  ou 
não, a configuração da falta. Referido procedimento vem definido no §2º 
do artigo 118 e nos artigos 194 a 197, todos da Lei de Execução Penal.
Adotar  mecanismo  diverso  no  caso  de  progressão,  ou  seja, 
considerar a data-base para benefícios futuros somente como o dia da 
decisão de deferimento proferida pelo magistrado, seria fazer vista grossa 
à  mora  judiciária  em  detrimento  do  apenado  cumpridor  de  suas 
obrigações. 
Registro que negligenciar a observância da celeridade processual nas 
decisões acerca da progressão de regime pode gerar reflexo inclusive na 
superlotação carcerária.
As  vagas  no  sistema  prisional  também  são  um  recurso  escasso, 
diretamente administrado pelos Juízes. Extinção de pena, progressão de 
regime,  livramento  condicional,  são  judicialmente  concedidos  e  abrem 
vagas  no  sistema.  Tal  vem sendo  discutido  com profundidade  no  RE 
641.320/RS,  de  minha  relatoria,  cujo  julgamento  está  suspenso  com 
pedido de vista do Min. Teori Zavascki.
Tanto a atual Lei de Execução Penal está defasada, que o Congresso 
Nacional  já  debate  necessária  reforma  (PLS  513/2013,  autor  Senador 
Renan  Calheiros,  relator  Senador  Eunício  Oliveira).  Com  o  fito  de 
otimizar  o  sistema,  o  projeto  prevê  a  utilização  de  tecnologia  da 
informação para que os benefícios na execução sejam automatizados. No 
que importa, as progressões e livramentos deverão acontecer sem prévia 
deliberação judicial, que será necessária somente para negá-los (arts. 107, 
§3º, e 112).
Na situação em epígrafe, a decisão que deferiu a progressão para o 
regime semiaberto foi proferida em setembro de 2007, mais de três anos 
após o preenchimento dos requisitos pelo reeducando, em abril de 2004. 
Com  a  devida  vênia,  tal  lapso  temporal,  omissão  judicial  inaceitável, 
causou constrangimento ilegal ao apenado. 
Ora, não é justo, tampouco legítimo, manter o preso em regime mais 
gravoso do que aquele que tem direito, nos termos da lei. 
4 
Documento assinado digitalmente conforme MP n° 2.200-2/2001 de 24/08/2001, que institui a Infraestrutura de Chaves Públicas Brasileira - ICP-Brasil. O
documento pode ser acessado no endereço eletrônico http://www.stf.jus.br/portal/autenticacao/ sob o número 10035869.
Supremo Tribunal Federal
Inteiro Teor do Acórdão - Página 9 de 13
Voto - MIN. GILMAR MENDES
HC 115254 / SP 
Ao meu sentir, o maior problema, em situações como a dos autos, é a 
omissão,  e  não o  indeferimento dos  pedidos,  como se pode pensar.  É 
obrigação do Poder Judiciário, como Estado, examinar os requerimentos, 
quaisquer  que  sejam,  em  um  prazo  razoável,  ainda  que  os  indefira, 
fundamentadamente. Tal é ainda mais certo quando a inércia estatal gera 
prejuízo à liberdade do requerente. É essencial que se atenda ao princípio 
constitucional da duração razoável do processo, não podendo exigir que 
o  reeducando,  pessoalmente,  arque  com  as  deficiências  do  aparato 
judicial.  Todos  têm  direito  a  uma  resposta,  mesmo  que  contra  suas 
pretensões. É exatamente isso que devemos assegurar.   
Dessa forma, o marco para a progressão será a data que efetivamente 
corresponda ao preenchimento dos requisitos legais, e não a do início do 
cumprimento  da  reprimenda  no  regime  anterior,  sob  pena  de 
constrangimento ilegal. Essa é a melhor leitura da regra explicitada pelo 
artigo 112 da Lei de Execução Penal, entendendo a decisão judicial como 
declaratória  do  direito  do  apenado,  com  base  no  mesmo  raciocínio 
aplicado à penalidades disciplinares decorrentes de falta grave, conforme 
previsão do artigo 118 do mesmo diploma legal. Dessa forma, faz-se um 
sistema lógico e justo. 
Por  todo  o  exposto,  voto  no  sentido  de  conceder  a  ordem  para 
restabelecer  a  decisão  do  Juízo  das  Execuções  Penais  que  deferiu  a 
progressão de regime usando como data base 21.10.2004.
5 
Documento assinado digitalmente conforme MP n° 2.200-2/2001 de 24/08/2001, que institui a Infraestrutura de Chaves Públicas Brasileira - ICP-Brasil. O
documento pode ser acessado no endereço eletrônico http://www.stf.jus.br/portal/autenticacao/ sob o número 10035869.
Supremo Tribunal Federal
Inteiro Teor do Acórdão - Página 10 de 13
","O ministro Gilmar Mendes vota pelo reconhecimento da data 21.10.2004 como marco para a progressão de regime do réu, que teve pena privativa de liberdade unificada por 29 anos. Ele afirma que o paciente não se opôs à progressão gradual e que já cumpriu os requisitos legais para a mudança de regime há mais de três anos. A data correta para iniciar o cálculo da progressão é a da implementação do requisito objetivo, ou seja, o cumprimento de pelo menos 1/6 da pena, e não a da decisão judicial que a concedeu. O ministro destaca que a lei exige que os direitos sejam declarados na data adequada, mesmo que a decisão judiciária tenha sido deferida após o cumprimento dos requisitos. Ele também ressalta a importância de o Poder Judiciário agir com celeridade para evitar prejuízos ao réu e garantir o princípio da duração razoável do processo. Por isso, ele vota pelo restabelecimento da decisão que deferiu a progressão de regime usando como data base 21.10.2004.",40934,29.43,30.97,1.5399999999999991,0.8572173714637756,609,92,517,
"Voto - MIN. DIAS TOFFOLI
18/09/2014 PLENÁRIO
EMB.DECL. NO AG.REG. NO MANDADO DE INJUNÇÃO 2.077 DISTRITO 
FEDERAL
VOTO
O SENHOR MINISTRO DIAS TOFFOLI (RELATOR): 
Acolho  os  presentes  embargos  declaratórios  apenas  para  fins  de 
esclarecimento.
Conforme consignei na decisão monocrática, a qual foi mantida pelo 
colegiado  desta  Suprema  Corte,  embora  não  tenha  sido  encerrado  o 
julgamento  dos  MI  nºs  833/DF  e  844/DF  –  os  quais  justificaram  o 
despacho anterior sobrestando o julgamento da presente ação injuncional 
-, sobrevieram decisões desta Suprema Corte sobre pretensões idênticas à 
deduzida nos presentes autos, o que justifica o julgamento da demanda. 
Explico.
Nos MI nºs  833/DF e 844/DF, a questão controvertida diz respeito ao 
pedido  de  aplicação  analógica  da  Lei  Complementar  nº  51/85 –  que 
dispõe  especificamente  sobre  a  aposentadoria  de  policiais  –  na 
regulamentação  da  aposentadoria  em  regime  especial  de  servidores 
públicos que, embora não sejam policiais, alegam desenvolver atividades 
periculosas.
Em outras palavras, nos MI nºs  833/DF e 844/DF, a pretensão de 
regulamentação  do  direito  à  aposentadoria  especial  de  servidores 
públicos pressupõe o debate quanto à possibilidade de o STF, em sede de 
mandado  de  injunção,  i) reconhecer  a  periculosidade  da  atividade 
desenvolvida pelo trabalhador e ii) estender a regulamentação existente a 
atividade diversa daquela para a qual a norma foi editada.
No caso dos autos, no entanto, a pretensão deduzida diz respeito à 
aplicação analógica da Lei  nº  8.213/91 na regulamentação do direito  à 
aposentadoria  em regime especial  pelo  exercício  de atividade de risco 
(art. 40, § 4º, inciso II, da CF/88), matéria já deliberada pelo Plenário desta 
Suprema Corte, mesmo depois de deferido o pedido de vista nos autos 
dos MI nºs 833/DF e 844/DF (em sessão plenária de 2/8/10). 
Documento assinado digitalmente conforme MP n° 2.200-2/2001 de 24/08/2001, que institui a Infraestrutura de Chaves Públicas Brasileira - ICP-Brasil. O
documento pode ser acessado no endereço eletrônico http://www.stf.jus.br/portal/autenticacao/ sob o número 6835257.
Supremo Tribunal Federal
Inteiro Teor do Acórdão - Página 6 de 15
Voto - MIN. DIAS TOFFOLI
MI 2077 AGR-ED / DF 
Vide, a propósito, precedente em que se concedeu a ordem em favor 
do  SINDICATO DOS AGENTES PENITENCIÁRIOS DO ESTADO DE RONDÔNIA 
( SINGEPERON):
“CONSTITUCIONAL.  MANDADO  DE  INJUNÇÃO. 
APOSENTADORIA  ESPECIAL.  SERVIDORES  PÚBLICOS 
ESTADUAIS  E  MUNICIPAIS.  DECISÃO  QUE  CONCEDE  A 
ORDEM  PARA  DETERMINAR  QUE  A  AUTORIDADE 
ADMINISTRATIVA COMPETENTE  ANALISE  A SITUAÇÃO 
FÁTICA  DO  IMPETRANTE  À  LUZ  DO  ART.  57  DA  LEI 
8.213/1991. AGRAVO REGIMENTAL DA UNIÃO. ALEGAÇÃO 
DE  ILEGITIMIDADE  PASSIVA  DO  PRESIDENTE  DA 
REPÚBLICA  E  DE  INCOMPETÊNCIA  DA  UNIÃO  PARA 
LEGISLAR  SOBRE  PREVIDÊNCIA  DOS  SERVIDORES 
PÚBLICOS  ESTADUAIS  E  MUNICIPAIS.  AGRAVO 
REGIMENTAL DESPROVIDO.  A Corte  firmou entendimento 
no sentido de que a competência concorrente para legislar sobre 
previdência dos servidores públicos não afasta a necessidade da 
edição  de  norma  regulamentadora  de  caráter  nacional,  cuja 
competência é da União. Por esse motivo, a Corte assentou a 
legitimidade do Presidente da República para figurar no polo 
passivo de mandado de injunção sobre esse tema. Precedentes. 
Agravo regimental desprovido” (MI nº 1.545/DF-AgR, Relator o 
Ministro Joaquim Barbosa, Tribunal Pleno, DJe de 8/6/12)
Cito, por oportuno, acórdão da relatoria do Ministro Celso de Mello 
em que a questão foi proposta também em sede de mandado de injunção 
coletivo - de autoria do SINDICATO DOS SERVIDORES DA JUSTIÇA DO ESTADO 
DO MARANHÃO (SINDJUS/MA) -, abrangendo tanto “atividades de risco” 
(art.  40,  §  4º,  inciso  II,  CF/88),  quanto  “atividades  (...)  exercidas  sob 
condições especiais que prejudiquem a saúde ou a integridade física” (art. 
40, § 4º, inciso III, CF/88), como se observa na seguinte ementa:
“MANDADO  DE  INJUNÇÃO  COLETIVO  - 
LEGITIMIDADE  DA  UTILIZAÇÃO,  POR  ENTIDADES  DE 
2 
Documento assinado digitalmente conforme MP n° 2.200-2/2001 de 24/08/2001, que institui a Infraestrutura de Chaves Públicas Brasileira - ICP-Brasil. O
documento pode ser acessado no endereço eletrônico http://www.stf.jus.br/portal/autenticacao/ sob o número 6835257.
Supremo Tribunal Federal
Inteiro Teor do Acórdão - Página 7 de 15
Voto - MIN. DIAS TOFFOLI
MI 2077 AGR-ED / DF 
CLASSE  E/OU  ORGANISMOS  SINDICAIS,  DE  REFERIDA 
AÇÃO  CONSTITUCIONAL -  DOUTRINA -  PRECEDENTES 
(RTJ  166/751-752,  v.g.)  -  PRETENDIDA  NULIDADE 
PROCESSUAL,  ARGÜIDA  PELA  UNIÃO  FEDERAL,  POR 
AUSÊNCIA DE MANIFESTAÇÃO DO MINISTÉRIO PÚBLICO 
-  INOCORRÊNCIA  -  INTERVENÇÃO  DO  MINISTÉRIO 
PÚBLICO  EM  OUTRAS  DEMANDAS  INJUNCIONAIS  EM 
QUE,  SUSCITADA  CONTROVÉRSIA  IDÊNTICA  À 
DISCUTIDA  NESTE  PROCESSO,  VEIO  O  ‘PARQUET’  A 
OPINAR,  FUNDAMENTADAMENTE,  SOBRE  A  QUESTÃO 
PERTINENTE  AO  ALCANCE  DO  ART.  40,  §  4º,  DA 
CONSTITUIÇÃO  -  PRELIMINAR  REJEITADA  -  SERVIDOR 
PÚBLICO  -  DIREITO  PÚBLICO  SUBJETIVO  À 
APOSENTADORIA ESPECIAL (CF, ART. 40,  § 4º)  -  INJUSTA 
FRUSTRAÇÃO  DESSE  DIREITO  EM  DECORRÊNCIA  DE 
INCONSTITUCIONAL, PROLONGADA E LESIVA OMISSÃO 
IMPUTÁVEL A ÓRGÃOS ESTATAIS DA UNIÃO FEDERAL - 
CORRELAÇÃO  ENTRE  A IMPOSIÇÃO  CONSTITUCIONAL 
DE  LEGISLAR  E  O  RECONHECIMENTO  DO  DIREITO 
SUBJETIVO  À  LEGISLAÇÃO  -  DESCUMPRIMENTO  DE 
IMPOSIÇÃO  CONSTITUCIONAL  LEGIFERANTE  E 
DESVALORIZAÇÃO  FUNCIONAL  DA  CONSTITUIÇÃO 
ESCRITA  -  A  INÉRCIA  DO  PODER  PÚBLICO  COMO 
ELEMENTO REVELADOR DO DESRESPEITO ESTATAL AO 
DEVER  DE  LEGISLAR  IMPOSTO  PELA CONSTITUIÇÃO  - 
OMISSÕES  NORMATIVAS  INCONSTITUCIONAIS:  UMA 
PRÁTICA GOVERNAMENTAL  QUE  SÓ  FAZ  REVELAR  O 
DESPREZO  DAS  INSTITUIÇÕES  OFICIAIS  PELA 
AUTORIDADE  SUPREMA  DA  LEI  FUNDAMENTAL  DO 
ESTADO - A COLMATAÇÃO JURISDICIONAL DE OMISSÕES 
INCONSTITUCIONAIS:  UM  GESTO  DE  FIDELIDADE,  POR 
PARTE  DO  PODER  JUDICIÁRIO,  À  SUPREMACIA 
HIERÁRQUICO-NORMATIVA  DA  CONSTITUIÇÃO  DA 
REPÚBLICA - A VOCAÇÃO PROTETIVA DO MANDADO DE 
INJUNÇÃO  -  LEGITIMIDADE  DOS  PROCESSOS  DE 
INTEGRAÇÃO NORMATIVA (DENTRE ELES, O RECURSO À 
3 
Documento assinado digitalmente conforme MP n° 2.200-2/2001 de 24/08/2001, que institui a Infraestrutura de Chaves Públicas Brasileira - ICP-Brasil. O
documento pode ser acessado no endereço eletrônico http://www.stf.jus.br/portal/autenticacao/ sob o número 6835257.
Supremo Tribunal Federal
Inteiro Teor do Acórdão - Página 8 de 15
Voto - MIN. DIAS TOFFOLI
MI 2077 AGR-ED / DF 
ANALOGIA)  COMO  FORMA  DE  SUPLEMENTAÇÃO  DA 
‘INERTIA AGENDI VEL DELIBERANDI’ - PRECEDENTES DO 
SUPREMO TRIBUNAL FEDERAL -  RECURSO DE AGRAVO 
IMPROVIDO” (MI nº 2.152/DF-AgR, Relator o Ministro  Celso 
de Mello, Tribunal Pleno, DJe de 6/12/11).
Destaco  que,  tanto  nos  precedentes  acima  referidos,  quanto  no 
presente mandado de injunção, a parte autora não propõe o debate acerca 
da possibilidade ou não da atividade desenvolvida por seus substituídos 
ser enquadrada na regulamentação do direito à aposentadoria especial 
dos trabalhadores vinculados ao RGPS.
Esta Suprema Corte, portanto, na linha dos precedentes já firmados, 
limita-se,  em  sede  de  mandado  de  injunção,  a  i)  reconhecer  a  mora 
legislativa na regulamentação do art. 40, § 4º, da CF/88 e  ii)  viabilizar o 
exercício do direito constitucionalmente previsto, cabendo à autoridade 
administrativa  apreciar  a  efetiva  submissão  do  postulante  a  agente 
insalubre  ou  perigoso,  nos  termos  do  art.  57  da  Lei  nº  8.213/91.  Não 
afirma  o  Tribunal,  em  momento  algum,  se  essa  ou  aquela  atividade 
constitui ou não fator de risco ou insalubre para fins de aposentadoria em 
regime especial.
Não  se  pode  conceber  que  omissão  perpetrada  na  peça  autoral 
resulte em provimento além do pedido formulado nos autos.  Essa é a 
razão  que  autoriza  a  superação  da  ordem  de  sobrestamento  e  o 
julgamento da demanda na linha dos precedentes já citados.
É  precisamente  por  esse  motivo,  também,  que,  após  a  edição  da 
Súmula  Vinculante  nº  33,  tenho  afirmado  a  perda  de  objeto  dos 
mandados de injunção cuja matéria se assemelhe à dos presentes autos - 
no qual, embora se faça alusão ao art. 40, § 4º, inciso II, da CF/88, se 
pretende a aplicação analógica da Lei nº 8.213/91 na regulamentação do 
direito de servidor público à aposentadoria em regime especial.
Isso ocorre porque a Lei nº 8.213/91, a qual regulamenta o Regime 
Geral de Previdência Social, foi editada sob a égide do art. 202 da CF/88, 
que assim dispunha em sua redação original:
4 
Documento assinado digitalmente conforme MP n° 2.200-2/2001 de 24/08/2001, que institui a Infraestrutura de Chaves Públicas Brasileira - ICP-Brasil. O
documento pode ser acessado no endereço eletrônico http://www.stf.jus.br/portal/autenticacao/ sob o número 6835257.
Supremo Tribunal Federal
Inteiro Teor do Acórdão - Página 9 de 15
Voto - MIN. DIAS TOFFOLI
MI 2077 AGR-ED / DF 
“Art. 202. É assegurada aposentadoria, nos termos da lei, 
calculando-se o benefício sobre a média dos trinta e seis últimos 
salários de contribuição, corrigidos monetariamente mês a mês, 
e  comprovada  a  regularidade  dos  reajustes  dos  salários  de 
contribuição  de  modo  a  preservar  seus  valores  reais  e 
obedecidas as seguintes condições:
(…)
II - após trinta e cinco anos de trabalho, ao homem, e, após 
trinta, à mulher,  ou em tempo inferior, se sujeitos a trabalho 
sob  condições  especiais,  que  prejudiquem  a  saúde  ou  a 
integridade física, definidas em lei” (grifei).
Quanto aos servidores públicos, estava previsto no art. 40 da CF/88, 
em sua redação original, o seguinte:
“Art. 40. O servidor será aposentado:
(…)
III - voluntariamente:
a)  aos  trinta  e  cinco  anos  de  serviço,  se  homem,  e  aos 
trinta, se mulher, com proventos integrais;
(...)
c) aos trinta anos de serviço, se homem, e aos vinte e cinco, 
se mulher, com proventos proporcionais a esse tempo;
(...)
§  1º  Lei  complementar  poderá  estabelecer  exceções  ao 
disposto no inciso III, a e c, no caso de exercício de atividades 
consideradas penosas, insalubres ou perigosas.”
Após a EC nº 20/98, as normas respectivas passaram a constar:
a)  para  o  RGPS,  no  §  1º  do  art.  201  da  CF/88,  cuja  redação  foi 
alterada para:
“§  1º  É  vedada  a  adoção  de  requisitos  e  critérios 
diferenciados  para  a  concessão  de  aposentadoria  aos 
beneficiários do regime geral de previdência social, ressalvados 
os casos de  atividades exercidas sob condições especiais que 
5 
Documento assinado digitalmente conforme MP n° 2.200-2/2001 de 24/08/2001, que institui a Infraestrutura de Chaves Públicas Brasileira - ICP-Brasil. O
documento pode ser acessado no endereço eletrônico http://www.stf.jus.br/portal/autenticacao/ sob o número 6835257.
Supremo Tribunal Federal
Inteiro Teor do Acórdão - Página 10 de 15
Voto - MIN. DIAS TOFFOLI
MI 2077 AGR-ED / DF 
prejudiquem a saúde ou a integridade física, definidos em lei 
complementar.”
b) para os servidores públicos,  no § 4º do art. 40 da CF/88, nestes 
termos:
“§  4º  É  vedada  a  adoção  de  requisitos  e  critérios 
diferenciados  para  a  concessão  de  aposentadoria  aos 
abrangidos pelo regime de que trata este artigo, ressalvados os 
casos  de  atividades exercidas  exclusivamente sob condições 
especiais  que prejudiquem a saúde ou a integridade física, 
definidos em lei complementar.”
Foi a EC nº 47/05 que promoveu a alteração do § 1º do art. 201 da 
CF/88, o qual passou a abranger, também, os trabalhadores portadores de 
deficiência,  no  que  tange  à  necessidade  de  se  adotarem  critérios 
diferenciados para a concessão de aposentadoria. Vide:
“§  1º  É  vedada  a  adoção  de  requisitos  e  critérios 
diferenciados  para  a  concessão  de  aposentadoria  aos 
beneficiários do regime geral de previdência social, ressalvados 
os  casos  de atividades  exercidas  sob condições  especiais  que 
prejudiquem a saúde ou a integridade física e quando se tratar 
de segurados  portadores de deficiência, nos termos definidos 
em lei complementar” (grifei).
No  regime  próprio  do  servidor  público,  além  dos  servidores 
submetidos  a  condições  especiais  de  trabalho  que  prejudiquem  a  sua 
saúde ou a  sua  integridade física  e  dos  portadores  de  deficiência –  à 
semelhança  dos  trabalhadores  vinculados  ao  RGPS  -,  o  legislador 
constituinte  optou  por  destacar os  servidores  públicos  “que  exerçam 
atividades de risco” (inciso II do § 4º do art. 40 da CF/88) .
Essa  ressalva  quanto  aos  servidores  públicos  “que  exerçam 
atividades  de  risco”  decorreu  de  emenda  substitutiva  apresentada  na 
Câmara dos Deputados, a qual foi acompanhada de parecer exarado pelo 
6 
Documento assinado digitalmente conforme MP n° 2.200-2/2001 de 24/08/2001, que institui a Infraestrutura de Chaves Públicas Brasileira - ICP-Brasil. O
documento pode ser acessado no endereço eletrônico http://www.stf.jus.br/portal/autenticacao/ sob o número 6835257.
Supremo Tribunal Federal
Inteiro Teor do Acórdão - Página 11 de 15
Voto - MIN. DIAS TOFFOLI
MI 2077 AGR-ED / DF 
Relator  da Comissão Especial,  Deputado  José Pimentel,  nos  seguintes 
termos:
“Igualmente estamos regulamentando as condições para 
que  o  portador  de  deficiência  física  também  possa  ter  uma 
Previdência diferenciada. O Senado introduziu, no art. 201, esse 
direito no Regime Geral. E, no Regime Próprio, no art. 40, uma 
única lei complementar trataria desse sistema de aposentadoria 
dos  portadores  de  deficiência,  que  ali  são  chamados  de 
portadores de limitação especial;  dos policiais militares,  civis, 
ferroviários  federais  e  rodoviários  federais  e  também  dos 
trabalhos insalubres e periculosos.
Como todos sabemos, é uma matéria bastante complicada 
para  se  tratar  em  uma  única  lei  complementar  da  Polícia 
Federal,  Polícia  Rodoviária  Federal,  Polícia  Civil,  Polícia 
Ferroviária,  do  trabalho  insalubre  e  do  trabalho  periculoso. 
Assim,  nós  resolvemos,  por  acordo,  distribuí-la  em  três  leis 
complementares.  Uma lei complementar tratará das polícias. 
Uma outra lei complementar tratará das atividades insalubres 
e  periculosas.  E  uma  outra  lei  tratará  dos  portadores  de 
deficiência.  Por  isso  estamos  dando  uma  nova  redação  ao 
dispositivo” (publicado no Diário da Câmara dos Deputados de 
9/7/04, grifei).
Em “complementação de voto”, apreciando proposta de mudança de 
redação  do  §  1º  do  art.  201  da  CF/88,  o  Deputado  José  Pimentel 
consignou:
“Proponho, também, que se modifique o texto constante 
do Substitutivo original no que concerne ao § 1º do art. 201 da 
Casa, adotando a redação semelhante ao texto original da PEC 
nº 227, de 2004. Ao contrário do que ocorre com referência ao § 
4º do art. 40, cuja redação visa a atender aos policiais e demais 
profissionais que atuam sob risco, a alteração do art. 201, § 1º 
objetiva  apenas  conceder  condições  especiais  de 
aposentadoria aos segurados portadores de deficiência,  uma 
7 
Documento assinado digitalmente conforme MP n° 2.200-2/2001 de 24/08/2001, que institui a Infraestrutura de Chaves Públicas Brasileira - ICP-Brasil. O
documento pode ser acessado no endereço eletrônico http://www.stf.jus.br/portal/autenticacao/ sob o número 6835257.
Supremo Tribunal Federal
Inteiro Teor do Acórdão - Página 12 de 15
Voto - MIN. DIAS TOFFOLI
MI 2077 AGR-ED / DF 
vez  que  o  regime  geral  de  previdência  social  já  dispõe  de 
normas aplicáveis aos casos de atividades sujeitas a agentes 
nocivos prejudiciais à saúde ou à integridade física” (grifei). 
Prescreve  o  art.  40,  §  4º,  da  CF/88,  na  redação  hoje  vigente,  o 
seguinte:
“§  4º  É  vedada  a  adoção  de  requisitos  e  critérios 
diferenciados  para  a  concessão  de  aposentadoria  aos 
abrangidos pelo regime de que trata  este artigo,  ressalvados, 
nos  termos  definidos  em  leis  complementares,  os  casos  de 
servidores:
I - portadores de deficiência;
II - que exerçam atividades de risco;
III  -  cujas  atividades  sejam  exercidas  sob  condições 
especiais  que  prejudiquem  a  saúde  ou  a  integridade  física” 
(grifei).
Concluo,  dessa  perspectiva,  que  o  legislador  constitucional  não 
pretendeu excluir  os  trabalhadores sujeitos  a atividades perigosas da 
garantia  de  regime  especial  de  aposentação  prescrita  na  seguinte 
expressão (comum ao RGPS e ao regime próprio dos servidores públicos): 
“atividades exercidas sob condições especiais que prejudiquem a saúde 
ou a integridade física”.
Tendo como premissa a conclusão acima, bem como que:
a) na presente ação injuncional, em nenhum momento se propõe o 
debate  acerca  da  possibilidade  de  o  STF  reconhecer  atividade  como 
assemelhada  à  atividade  policial  (em  discussão  nos  MI  nºs  833/DF  e 
844/DF);
b) o pedido formulado nos presentes autos diz respeito à aplicação 
do  art.  57  da  Lei  nº  8.213/91  (que  regulamenta  o  RGPS)  a  servidor 
público; e
c)  a  jurisprudência  do  STF  se  firmou  no  sentido  da  aplicação 
analógica  do  dispositivo  legal  acima  referido,  com  fundamento 
8 
Documento assinado digitalmente conforme MP n° 2.200-2/2001 de 24/08/2001, que institui a Infraestrutura de Chaves Públicas Brasileira - ICP-Brasil. O
documento pode ser acessado no endereço eletrônico http://www.stf.jus.br/portal/autenticacao/ sob o número 6835257.
Supremo Tribunal Federal
Inteiro Teor do Acórdão - Página 13 de 15
Voto - MIN. DIAS TOFFOLI
MI 2077 AGR-ED / DF 
especialmente no  princípio da isonomia entre trabalhadores vinculados 
ao RGPS e servidores públicos sujeitos a regime previdenciário próprio;
reitero que a ordem injuncional nos presentes autos foi concedida 
para  superar  o  obstáculo  ao  exercício  pelo  servidor  do  direito  de 
aposentar-se nos termos do art. 57 da Lei nº 8.213/91.
Assim  sendo,  acolho  os  presentes  embargos  declaratórios  para 
esclarecer que qualquer discussão acerca de a regulamentação do art. 57 
da  Lei  nº  8.213/91  compreender  ou  não  a  atividade  ou  a  função  do 
servidor público em questão ultrapassa os limites desta ação injuncional.
Concluo, além disso, que, à semelhança do entendimento adotado 
pelo  STF  quando  do  julgamento  do  direito  de  greve  dos  servidores 
públicos (MI nºs 670/ES, 708/DF e 712/PA), as instâncias e os tribunais, no 
âmbito  de  sua  jurisdição,  são  competentes  para  decidir  controvérsias 
acerca do exercício do direito à aposentadoria em regime especial.
Ante o exposto, acolho os embargos de declaração apenas para o fim 
de prestar esclarecimentos.
9 
Documento assinado digitalmente conforme MP n° 2.200-2/2001 de 24/08/2001, que institui a Infraestrutura de Chaves Públicas Brasileira - ICP-Brasil. O
documento pode ser acessado no endereço eletrônico http://www.stf.jus.br/portal/autenticacao/ sob o número 6835257.
Supremo Tribunal Federal
Inteiro Teor do Acórdão - Página 14 de 15
","O ministro Dias Toffoli aceita os embargos declaratórios apenas para esclarecer.

Conforme determinado na decisão monocrática, que foi mantida pelo colegiado da Suprema Corte, embora o julgamento dos MI nºs 833/DF e 844/DF não tenha sido encerrado, surgiram decisões sobre pretensões semelhantes àquelas apresentadas na ação injuncional, justificando o seu julgamento.

Explica-se que nos MI nºs 833/DF e 844/DF, discutia-se a aplicação da Lei Complementar nº 51/85 para a regulamentação da aposentadoria de servidores públicos que desenvolvem atividades perigosas. No caso atual, o foco é na aplicação da Lei nº 8.213/91 na regulamentação do direito à aposentadoria especial por atividade de risco, matéria já decidida pelo Plenário.

O ministro reforça que a Suprema Corte já estabeleceu que a legislação nacional é competente para regular o tema, mesmo após deferir o pedido de vista nos MI nºs 833/DF e 844/DF. O voto também menciona precedentes em que a Corte reconheceu a legitimidade do Presidente da República no polo passivo de mandado de injunção.

O ministro destaca que, tanto nos precedentes quanto na presente ação, não há debate sobre se a atividade do servidor é enquadrada como perigosa. A Suprema Corte limita-se a reconhecer a mora legislativa e viabilizar o direito constitucionalmente previsto.

Por fim, o ministro afirma que a ordem injuncional foi concedida para superar o obstáculo ao exercício do direito de aposentar-se nos termos do art. 57 da Lei nº 8.213/91, e que qualquer discussão sobre a regulamentação desse dispositivo ultrapassa os limites da ação.",5183,19.84,25.26,5.420000000000002,0.8633694648742676,691,136,555,
"Ementa e Acórdão
21/08/2012 PRIMEIRA TURMA
AG.REG. NO AGRAVO DE INSTRUMENTO 739.941 SÃO PAULO
RELATOR : MIN. DIAS TOFFOLI
AGTE.(S) :PAES MENDONÇA S/A 
ADV.(A/S) :HEITOR FARO DE CASTRO 
ADV.(A/S) :POLYANNA FERREIRA SILVA 
AGDO.(A/S) : INMETRO 
PROC.(A/S)(ES) :PROCURADOR-GERAL FEDERAL 
EMENTA
Agravo  regimental  no  agravo  de  instrumento.  Administrativo. 
Órgão de fiscalização. Poder de polícia. Imposição de multa. Princípio 
da  legalidade.  Legislação  infraconstitucional.  Ofensa  reflexa. 
Precedentes.
1. O Tribunal de origem, analisando a Lei nº 5.966/73, concluiu que 
havia  amparo  legal  para  a  imposição  de  multa  pelo  INMETRO  à 
agravante,  em  decorrência  de  essa  haver  descumprido  normas 
pertinentes à uniformidade e à racionalização das unidades de medida.
2.  Inadmissível  em  recurso  extraordinário  a  análise  da  legislação 
infraconstitucional. Incidência da Súmulas nº 636/STF.
3. Agravo regimental não provido.
ACÓRDÃO
Vistos, relatados e discutidos estes autos, acordam os Ministros da 
Primeira  Turma  do  Supremo  Tribunal  Federal,  sob  a  Presidência  do 
Senhor Ministro Dias Toffoli, na conformidade da ata do julgamento e das 
notas taquigráficas, por unanimidade de votos, em negar provimento ao 
agravo regimental, nos termos do voto do Relator.
Brasília, 21 de agosto de 2012.
MINISTRO DIAS TOFFOLI
Relator
Documento assinado digitalmente conforme MP n° 2.200-2/2001 de 24/08/2001, que institui a Infraestrutura de Chaves Públicas Brasileira - ICP-Brasil. O
documento pode ser acessado no endereço eletrônico http://www.stf.jus.br/portal/autenticacao/ sob o número 2653172.
Supremo Tribunal Federal
DJe 06/09/2012
Inteiro Teor do Acórdão - Página 1 de 9
","Ementa e Acórdão  
21/08/2012 PRIMEIRA TURMA  
AG.REG. NO AGRAVO DE INSTRUMENTO 739.941 SÃO PAULO  
RELATOR : MIN. DIAS TOFFOLI  
AGTE.(S) :PAES MENDONÇA S/A  
ADV.(A/S) :HEITOR FARO DE CASTRO  
ADV.(A/S) :POLYANNA FERREIRA SILVA  
AGDO.(A/S) : INMETRO  
PROC.(A/S)(ES) :PROCURADOR-GERAL FEDERAL  

EMENTA  
Agravo regimental no agravo de instrumento. Administrativo. Órgão de fiscalização. Poder de polícia. Imposição de multa. Princípio da legalidade. Legislação infraconstitucional. Ofensa reflexa. Precedentes.  

1. O tribunal de origem concluiu que a lei nº 5.966/73 permite que o INMETRO imponha multas à agravante por não seguir normas sobre uniformidade e medida.  
2. Não é possível analisar a legislação infraconstitucional em recurso extraordinário. Incide a Súmula nº 636/STF.  
3. O agravo regimental não foi acolhido.  

ACÓRDÃO  
Os ministros da Primeira Turma do STF, com o relator Dias Toffoli, negaram provimento ao agravo, conforme o voto do relator.  

Brasília, 21 de agosto de 2012.  
MINISTRO DIAS TOFFOLI  
Relator",93661,51.57,57.71,6.140000000000001,0.9766131639480591,146,92,54,
"Voto - MIN. DIAS TOFFOLI
29/10/2013 PRIMEIRA TURMA
AG.REG. NO AGRAVO DE INSTRUMENTO 801.363 RIO GRANDE DO SUL
VOTO
O SENHOR MINISTRO DIAS TOFFOLI (RELATOR):
A irresignação não merece prosperar. 
A agravante não trouxe argumentos capazes de infirmar a decisão 
agravada, a qual está respaldada na jurisprudência pacífica desta Corte. 
Com efeito, dadas as balizas firmadas no acórdão recorrido, observo 
que a contenda se exaure na legislação infraconstitucional, demandando 
o  cotejo  do  Decreto  nº  45.462/08,  da  Lei  nº  8.820/89  e  da  Lei 
Complementar nº 87/96, motivo pelo qual, incide a Súmula nº 636/STF.
O  Ministro  Néri  da  Silveira,  no  AI  nº  289.724/SP-AgR,  Segunda 
Turma,  DJ  de  7/6/02,  bem  esclarece  a  problemática  da  ofensa  reflexa, 
como se pode ver no trecho do seu voto:
“Na  admissão  da  irresignação  extrema,  a  ofensa  à 
Constituição há ser direta e imediata e não por via reflexa. Se, 
para isso,  for  necessário  prévio  exame da contenda à luz da 
legislação ordinária, esta é que conta, não se satisfazendo, desse 
modo, a exigência indispensável ao enquadramento da espécie 
no art. 102, III, Letra ‘a’, da Lei Maior.”
Aqui  estamos,  claramente,  diante  de  uma  contenda  que  impõe 
prévia  análise  de  norma  regulamentar  em  cotejo  com  a  legislação 
ordinária,  como  se  pode  atestar  pela  leitura  do  seguinte  trecho  do 
acórdão que segue, o qual também foi transcrito na decisão agravada: 
“Ainda, nos termos do Decreto nº 45.462, de 25 de janeiro 
de 2008, que modificou o art. 57 do Livro I, somente é possível a 
transferência, se ""1 - extinto, parcelado, garantido por depósito 
integral do seu valor ou com exigibilidade suspensa há, pelo 
menos, um ano, na hipótese de transferências nos termos do art, 
58 e tratando-se de crédito tributário constituído até 31 de maio 
Documento assinado digitalmente conforme MP n° 2.200-2/2001 de 24/08/2001, que institui a Infraestrutura de Chaves Públicas Brasileira - ICP-Brasil. O
documento pode ser acessado no endereço eletrônico http://www.stf.jus.br/portal/autenticacao/ sob o número 4917415.
Supremo Tribunal Federal
Inteiro Teor do Acórdão - Página 6 de 8
Voto - MIN. DIAS TOFFOLI
AI 801363 AGR / RS 
de 2007"" e ""3 - na hipótese de transferências nos termos do art. 
59,  o  crédito  tributário  correspondente  estiver  extinto, 
parcelado, garantido por depósito integral do seu valor ou com 
exigibilidade suspensa há, pelo menos, um ano"".
O próprio agravante admite tal fato, ao sustentar em suas razões de 
agravo regimental 
“que o dispositivo regulamentar acima,  cuja redação foi 
dada pelo Decreto Estadual n. 45.462, de 25/01/2009, extrapolou 
os limites do art. 23, § 1º, “b” da Lei Estadual n. 8.820/89, eis que 
impõe condições que não estão previstas em lei para autorizar a 
transferência dos saldos credores de ICMS”.
Ademais, é de se observar ser firme a jurisprudência da Corte no 
sentido de que o referido art. 93, inciso IX, da Constituição Federal não 
determina que o órgão judicante se manifeste sobre todos os argumentos 
de  defesa  apresentados,  mas  sim,  que  fundamente  as  razões  que 
entendeu suficientes à formação de seu convencimento (RE nº 463.139/RJ-
AgR, Segunda Turma, Relator o Ministro Joaquim Barbosa, DJ de 3/2/06; 
e  RE  nº  181.039/SP-AgR,  Primeira  Turma,  Relatora  a  Ministra  Ellen 
Gracie, DJ de 18/5/01).
Constata-se,  assim, que a agravante pretende rediscutir  matéria já 
decidida à saciedade em decisões devidamente fundamentadas. 
Ante o exposto, nego provimento ao agravo regimental.
É como voto.
2 
Documento assinado digitalmente conforme MP n° 2.200-2/2001 de 24/08/2001, que institui a Infraestrutura de Chaves Públicas Brasileira - ICP-Brasil. O
documento pode ser acessado no endereço eletrônico http://www.stf.jus.br/portal/autenticacao/ sob o número 4917415.
Supremo Tribunal Federal
Inteiro Teor do Acórdão - Página 7 de 8
","O ministro Dias Toffoli, relator, diz que a reclamação não tem fundamento. A decisão já foi confirmada por uma interpretação clara da lei. O problema está no uso de normas secundárias, como o decreto 45.462/08, a lei 8.820/89 e a lei complementar 87/96. Por isso, a Súmula 636 do STF se aplica.

O ministro Néri da Silveira explicou que a ofensa à Constituição precisa ser direta, não por meio de normas secundárias. O acórdão mostra que as normas devem ser analisadas junto com a lei ordinária. O agravante mesmo reconhece isso, dizendo que o decreto estadual extrapola a lei.

A Corte já decidiu que não é preciso responder a todos os argumentos, mas sim os que foram considerados importantes. Assim, a reclamação não tem razão para ser aceita. O voto foi negado.",105029,41.96,58.94,16.979999999999997,0.8696726560592651,268,80,188,
"Notas para o Voto
16/10/2012 PRIMEIRA TURMA
HABEAS CORPUS 110.055 MINAS GERAIS
RELATOR : MIN. MARCO AURÉLIO
PACTE.(S) :LUCIANO COELHO DA SILVA 
PACTE.(S) :ÁTILA JUNIO CARIOCA 
IMPTE.(S) :DEFENSORIA PÚBLICA DA UNIÃO 
PROC.(A/S)(ES) :DEFENSOR PÚBLICO-GERAL FEDERAL 
COATOR(A/S)(ES) :SUPERIOR TRIBUNAL DE JUSTIÇA 
NOTAS PARA O VOTO
A  SENHORA  MINISTRA  ROSA  WEBER –  Senhor  Presidente, 
concederia de ofício,  princípio da insignificância:  tentativa de furto  de 
dois liquidificadores.
Supremo Tribunal Federal
Documento assinado digitalmente conforme MP n° 2.200-2/2001 de 24/08/2001, que institui a Infraestrutura de Chaves Públicas Brasileira - ICP-Brasil. O
documento pode ser acessado no endereço eletrônico http://www.stf.jus.br/portal/autenticacao/ sob o número 3058620.
Inteiro Teor do Acórdão - Página 11 de 12
","Notas para o Voto  
16/10/2012 PRIMEIRA TURMA  
HABEAS CORPUS 110.055 MINAS GERAIS  
RELATOR : MIN. MARCO AURÉLIO  
PACTE.(S) : LUCIANO COELHO DA SILVA  
PACTE.(S) : ÁTILA JUNIO CARIOCA  
IMPTE.(S) : DEFENSORIA PÚBLICA DA UNIÃO  
PROC.(A/S)(ES) : DEFENSOR PÚBLICO-GERAL FEDERAL  
COATOR(A/S)(ES) : SUPERIOR TRIBUNAL DE JUSTIÇA  
NOTAS PARA O VOTO  
A MINISTRA ROSA WEBER – Senhor Presidente,  
concederia de ofício, princípio da insignificância: tentativa de furto de dois liquidificadores.  
Supremo Tribunal Federal  
Documento assinado digitalmente conforme MP n° 2.200-2/2001 de 24/08/2001, que institui a Infraestrutura de Chaves Públicas Brasileira - ICP-Brasil. O documento pode ser acessado no endereço eletrônico http://www.stf.jus.br/portal/autenticacao/ sob o número 3058620.  
Inteiro Teor do Acórdão - Página 11 de 12",35348,44.27,45.06,0.7899999999999991,0.9929535984992981,88,87,1,
"Voto - MIN. ROBERTO BARROSO
25/08/2017 PRIMEIRA TURMA
AG.REG. NO RECURSO EXTRAORDINÁRIO COM AGRAVO 941.499 SÃO 
PAULO
V O T O 
O SENHOR MINISTRO LUÍS ROBERTO BARROSO (RELATOR): 
1. Deixo de abrir  prazo para contrarrazões,  na medida em 
que está sendo mantida a decisão que aproveita à parte agravada. Passo à 
análise do recurso.
2. O agravo não deve ser provido, tendo em vista que a parte 
recorrente não traz argumentos suficientes para modificar a decisão ora 
agravada.
3. O  Tribunal  de  origem  solucionou  a  controvérsia  em 
acórdão do qual se extrai da ementa o seguinte trecho: 
“PROCESSUAL CIVIL. AGRAVO LEGAL. (ART. 557, § 1º, 
DO  CPC).  PODERES  DO  RELATOR.  ILEGALIDADE  OU 
ABUSO DE PODER NÃO CARACTERIZADOS.
[...]”
4. O  recurso  busca  fundamento  no  art.  102,  III,  a, da 
Constituição Federal. A parte recorrente alega ofensa ao art. 5º, XXXVI, da 
Constituição.  Aduz  que,  “com  a  aplicação  literal  do  artigo  38,  da  Lei  nº  
12.865/13, é criada uma situação desigual ente os empregadores que atenderam  
às  exigências  da  Lei  nº  4.870 e  implementaram o PAS,  e  aqueles  que  não  o  
fizeram”.
5. A solução da controvérsia pressupõe,  necessariamente,  a 
análise de legislação infraconstitucional pertinente, o que torna inviável o 
processamento do recurso extraordinário. Nessa linha, vejam-se o ARE 
906.350, Rel. Min. Gilmar Mendes e o ARE 889.623, Rel.ª Min.ª Cármen 
Supremo Tribunal Federal
Documento assinado digitalmente conforme MP n° 2.200-2/2001 de 24/08/2001, que institui a Infraestrutura de Chaves Públicas Brasileira - ICP-Brasil. O
documento pode ser acessado no endereço eletrônico http://www.stf.jus.br/portal/autenticacao/ sob o número 13546882.
Inteiro Teor do Acórdão - Página 3 de 5
Voto - MIN. ROBERTO BARROSO
ARE 941499 AGR / SP 
Lúcia, assim ementado: 
“RECURSO  EXTRAORDINÁRIO  COM  AGRAVO. 
PROCESSUAL  CIVIL.  USINAS  DE  AÇÚCAR  E  ÁLCOOL. 
PLANO  DE  ASSISTENCIAL  SOCIAL  PAS.  EXTINÇÃO  DE 
OBRIGAÇÕES  PREVISTAS  EM  LEI.  EXTINÇÃO  DO 
PROCESSO  SEM  JULGAMENTO  DO  MÉRITO: 
IMPOSSIBILIDADE  JURÍDICA  DO  PEDIDO 
SUPERVENIENTE.  IMPOSSIBILIDADE  DE  ANÁLISE  DE 
LEGISLAÇÃO  INFRACONSTITUCIONAL.  AUSÊNCIA  DE 
OFENSA CONSTITUCIONAL DIRETA. AGRAVO AO QUAL 
SE NEGA SEGUIMENTO.” 
6. Diante do exposto, nego provimento ao agravo interno.
2 
Supremo Tribunal Federal
Documento assinado digitalmente conforme MP n° 2.200-2/2001 de 24/08/2001, que institui a Infraestrutura de Chaves Públicas Brasileira - ICP-Brasil. O
documento pode ser acessado no endereço eletrônico http://www.stf.jus.br/portal/autenticacao/ sob o número 13546882.
Inteiro Teor do Acórdão - Página 4 de 5
","Voto - MIN. ROBERTO BARROSO  
25/08/2017 PRIMEIRA TURMA  
AG.REG. NO RECURSO EXTRAORDINÁRIO COM AGRAVO 941.499 SÃO PAULO  

O ministro Roberto Barroso (relator) diz que não tem prazo para responder aos argumentos da parte que reclama, porque a decisão já está mantida. Passa a analisar o recurso.  

O agravo não deve ser acolhido, pois a parte que pede não apresenta argumentos suficientes para mudar a decisão. O tribunal de origem resolveu a disputa com um acórdão que diz: “não há ilegalidade ou abuso de poder”.  

O recurso baseia-se no artigo 102, III, a, da Constituição Federal e alega ofensa ao artigo 5º, XXXVI, da Constituição. Alega que a aplicação literal do artigo 38 da Lei nº 12.865/13 cria uma desigualdade entre empresas que seguiram as regras e as que não as seguiram.  

A solução da disputa exige análise de leis secundárias, o que torna inviável o processamento do recurso extraordinário. Exemplos disso são os recursos 906.350 e 889.623.  

O documento foi assinado digitalmente conforme a lei MP n° 2.200-2/2001, que institui o ICP-Brasil. Pode ser acessado no endereço http://www.stf.jus.br/portal/autenticacao/ sob o número 13546882.  

O voto do ministro Roberto Barroso nega provimento ao agravo interno.",128860,54.51,55.54,1.0300000000000011,0.89974045753479,186,118,68,
"Extrato de Ata - 10/06/2014
SEGUNDA TURMA
EXTRATO DE ATA
RECURSO ORD. EM MANDADO DE SEGURANÇA 32.495
PROCED. : DISTRITO FEDERAL
RELATORA : MIN. CÁRMEN LÚCIA
RECTE.(S) : MÁRCIO JOSÉ MARQUES DE SOUZA
ADV.(A/S) : RENATO FERRARE RAMOS
RECDO.(A/S) : UNIÃO
PROC.(A/S)(ES) : ADVOGADO-GERAL DA UNIÃO
Decisão: A Turma, por votação unânime, conheceu em parte e, 
nessa parte, negou provimento ao recurso ordinário, nos termos do 
voto  da  Relatora.  Não  participou,  justificadamente,  deste 
julgamento, o Senhor Ministro Gilmar Mendes. 2ª Turma, 10.06.2014.
Presidência do Senhor Ministro Teori Zavascki. Presentes à 
sessão os Senhores Ministros Celso de Mello, Gilmar Mendes, 
Ricardo Lewandowski e Cármen Lúcia.
Subprocuradora-Geral  da  República,  Dra.  Cláudia  Sampaio 
Marques.
Ravena Siqueira
Secretária
Documento assinado digitalmente conforme MP n° 2.200-2/2001 de 24/08/2001, que institui a Infra-estrutura de Chaves Públicas Brasileira - ICP-Brasil. O
documento pode ser acessado no endereço eletrônico http://www.stf.jus.br/portal/autenticacao/autenticarDocumento.asp sob o número 6157752
Supremo Tribunal Federal
Inteiro Teor do Acórdão - Página 15 de 15
","Extrato de Ata - 10/06/2014  
SEGUNDA TURMA  
RECURSO ORD. EM MANDADO DE SEGURANÇA 32.495  
DISTRITO FEDERAL  
RELATORA: MIN. CÁRMEN LÚCIA  
RECTE.(S): MÁRCIO JOSÉ MARQUES DE SOUZA  
ADV.(A/S): RENATO FERRARE RAMOS  
RECDO.(A/S): UNIÃO  
PROC.(A/S)(ES): ADVOGADO-GERAL DA UNIÃO  

Decisão: A Turma, unânime, conheceu em parte do recurso e negou provimento, conforme o voto da relatora. O ministro Gilmar Mendes não participou.  

Presidência: Teori Zavascki. Presentes: Celso de Mello, Gilmar Mendes, Ricardo Lewandowski e Cármen Lúcia.  

Subprocuradora-Geral: Dra. Cláudia Sampaio Marques.  

Documento assinado digitalmente conforme MP n° 2.200-2/2001. Pode ser acessado no endereço http://www.stf.jus.br/portal/autenticacao/autenticarDocumento.asp com o número 6157752.  

Supremo Tribunal Federal  
Inteiro Teor do Acórdão - Página 15 de 15",25865,49.41,56.05,6.640000000000001,0.9128814935684204,119,89,30,
"Tipo Texto 524
AG.REG. NO RECURSO EXTRAORDINÁRIO COM AGRAVO 963.181 RIO DE 
JANEIRO
RELATORA : MIN. ROSA WEBER
AGTE.(S) : JOSE GUILHERME BUARQUE GUIMARAES 
ADV.(A/S) :ARTHUR BRUNO FISCHER 
AGDO.(A/S) :MINISTERIO PUBLICO DO ESTADO DO RIO DE 
JANEIRO 
PROC.(A/S)(ES) :PROCURADOR-GERAL DE JUSTIÇA DO ESTADO DO 
RIO DE JANEIRO 
V  O  T  O
  
O  SENHOR  MINISTRO  MARCO  AURÉLIO  -  A  prestação 
jurisdicional  prevista  no  artigo  93,  inciso  IX,  da  Constituição  Federal 
pressupõe o enfrentamento, pelo órgão julgador, de todas as causas de 
pedir veiculadas pela parte, exceto quando, fixado o entendimento, surja 
a incompatibilidade. Provejo o agravo para que o extraordinário tenha 
regular sequência 
Supremo Tribunal Federal
Documento assinado digitalmente conforme MP n° 2.200-2/2001 de 24/08/2001, que institui a Infraestrutura de Chaves Públicas Brasileira - ICP-Brasil. O
documento pode ser acessado no endereço eletrônico http://www.stf.jus.br/portal/autenticacao/ sob o número 13618048.
Inteiro Teor do Acórdão - Página 19 de 20
","Tipo Texto 524  
AG.REG. NO RECURSO EXTRAORDINÁRIO COM AGRAVO 963.181 RIO DE JANEIRO  
RELATORA : MIN. ROSA WEBER  
AGTE.(S) : JOSE GUILHERME BUARQUE GUIMARAES  
ADV.(A/S) : ARTHUR BRUNO FISCHER  
AGDO.(A/S) : MINISTERIO PUBLICO DO ESTADO DO RIO DE JANEIRO  
PROC.(A/S)(ES) : PROCURADOR-GERAL DE JUSTIÇA DO ESTADO DO RIO DE JANEIRO  

O ministro Marco Aurélio diz que a prestação jurisdicional prevista no artigo 93, inciso IX, da Constituição Federal exige que o órgão julgador trate todas as causas do pedido, exceto quando há incompatibilidade. Provejo o agravo para que o recurso tenha regular sequência.  

Supremo Tribunal Federal  
Documento assinado digitalmente conforme MP n° 2.200-2/2001 de 24/08/2001, que institui a ICP-Brasil. O documento pode ser acessado no endereço http://www.stf.jus.br/portal/autenticacao/ sob o número 13618048.  
Inteiro Teor do Acórdão - Página 19 de 20",131871,38.48,53.14,14.660000000000004,0.9780699610710144,110,97,13,
"Voto - MIN. TEORI ZAVASCKI
26/04/2016 SEGUNDA TURMA
EMB.DECL. NO AG.REG. NA RECLAMAÇÃO 23.133 DISTRITO FEDERAL
V O T O
O SENHOR MINISTRO TEORI ZAVASCKI (RELATOR): 1. Não prospera a 
irresignação  da  parte  embargante.  De  acordo  com o  estatuído  no  art. 
1.022 do Código  de  Processo  Civil  de 2015,  são cabíveis  embargos de 
declaração  nas  hipóteses  de  obscuridade,  contradição  ou  omissão  do 
acórdão  atacado,  bem  assim  para  fins  de  correção  de  erro  material. 
Entretanto,  no  caso,  não  se  verifica  a  existência  de  quaisquer  das 
deficiências em questão, pois o acórdão embargado enfrentou e decidiu, 
de maneira integral e com fundamentação suficiente, toda a controvérsia 
posta na reclamação. Decidiu-se, com efeito, que a única hipótese em que 
a aplicação da sistemática da repercussão geral pela instância de origem 
enseja a remessa do recurso ao STF é quando, julgado o mérito do leading  
case, o Órgão de origem se recusa a retratar-se para adequar o acórdão 
recorrido à orientação desta Corte; assim, não cabe reclamação para fins 
de questionamento dessa sistemática, mesmo em relação ao fundamento 
previsto no art. 543-A, § 5º, do CPC.
Ora,  não  podem  ser  acolhidos  embargos  declaratórios  que,  a 
pretexto  de  alegadas  omissões  do  acórdão  embargado,  traduzem,  na 
verdade,  seu  inconformismo  com  a  decisão  tomada,  pretendendo 
rediscutir o que já foi decidido. 
Nesse panorama, inexistente qualquer vício no julgado embargado, 
conforme  exige  o  art.  1.022  do  CPC/2015,  impõe-se  a  rejeição  dos 
presentes embargos de declaração.
2. Diante do exposto, rejeito os embargos de declaração. É o voto.
Documento assinado digitalmente conforme MP n° 2.200-2/2001 de 24/08/2001, que institui a Infraestrutura de Chaves Públicas Brasileira - ICP-Brasil. O
documento pode ser acessado no endereço eletrônico http://www.stf.jus.br/portal/autenticacao/ sob o número 10907671.
Supremo Tribunal Federal
Inteiro Teor do Acórdão - Página 4 de 5
","Voto - MIN. TEORI ZAVASCKI  
26/04/2016 SEGUNDA TURMA  
EMB.DECL. NO AG.REG. NA RECLAMAÇÃO 23.133 DISTRITO FEDERAL  

O SENHOR MINISTRO TEORI ZAVASCKI (RELATOR):  

1. Os embargos de declaração não prosperam. De acordo com o artigo 1.022 do CPC/2015, eles podem ser apresentados quando há obscuridade, contradição ou omissão no acórdão. No caso, não há essas falhas, pois o acórdão decidiu todas as questões com fundamentação adequada. Não há motivo para questionar a decisão tomada.  

2. Por isso, os embargos de declaração são rejeitados. É o voto.  

Documento assinado digitalmente conforme MP n° 2.200-2/2001 de 24/08/2001. O documento pode ser acessado no endereço eletrônico http://www.stf.jus.br/portal/autenticacao/ sob o número 10907671.  
Supremo Tribunal Federal  
Inteiro Teor do Acórdão - Página 4 de 5",18938,40.32,70.47,30.15,0.9138935804367065,178,86,92,
"Ementa e Acórdão
16/09/2014 PRIMEIRA TURMA
AG.REG. NO RECURSO EXTRAORDINÁRIO COM AGRAVO 827.192 RIO DE 
JANEIRO
RELATOR : MIN. MARCO AURÉLIO
AGTE.(S) :GEORGE DE MATOS GUIMARÃES 
ADV.(A/S) :ALEXANDRE LUIS DINIZ RAMALHO 
AGDO.(A/S) :MINISTÉRIO PÚBLICO DO ESTADO DO RIO DE 
JANEIRO 
PROC.(A/S)(ES) :PROCURADOR-GERAL DE JUSTIÇA DO ESTADO DO 
RIO DE JANEIRO 
RECURSO  –  OPORTUNIDADE  –  PROCESSO  CRIMINAL  –
AGRAVO.  O  prazo  para  interposição  do  agravo  voltado  à  subida  de 
recurso  extraordinário  criminal  não  tem  regência  pelo  Código  de 
Processo Civil, considerada a Lei nº 9.850/94, mas pela Lei nº 8.038/90, na 
redação  primitiva,  sendo de  cinco  dias.  Verbete  nº  699  da  Súmula  do 
Supremo.
A C Ó R D Ã O
Vistos, relatados e discutidos estes autos, acordam os Ministros da 
Primeira  Turma do Supremo Tribunal  Federal  em desprover  o  agravo 
regimental no recurso extraordinário com agravo, nos termos do voto do 
relator  e  por  unanimidade,  em  sessão  presidida  pelo  Ministro  Marco 
Aurélio, na conformidade da ata do julgamento e das respectivas notas 
taquigráficas.
Brasília, 16 de setembro de 2014.
MINISTRO MARCO AURÉLIO – PRESIDENTE E RELATOR
Documento assinado digitalmente conforme MP n° 2.200-2/2001 de 24/08/2001, que institui a Infraestrutura de Chaves Públicas Brasileira - ICP-Brasil. O
documento pode ser acessado no endereço eletrônico http://www.stf.jus.br/portal/autenticacao/ sob o número 6848150.
Supremo Tribunal Federal
Inteiro Teor do Acórdão - Página 1 de 5
","Ementa e Acórdão  
16/09/2014 PRIMEIRA TURMA  
AG.REG. NO RECURSO EXTRAORDINÁRIO COM AGRAVO 827.192 RIO DE JANEIRO  
RELATOR : MIN. MARCO AURÉLIO  
AGTE.(S) :GEORGE DE MATOS GUIMARÃES  
ADV.(A/S) :ALEXANDRE LUIS DINIZ RAMALHO  
AGDO.(A/S) :MINISTÉRIO PÚBLICO DO ESTADO DO RIO DE JANEIRO  
PROC.(A/S)(ES) :PROCURADOR-GERAL DE JUSTIÇA DO ESTADO DO RIO DE JANEIRO  

O prazo para interpor agravo no recurso extraordinário criminal é de cinco dias, segundo a Lei nº 8.038/90, e não o Código de Processo Civil.  

A CÓRDAO  
Os Ministros da Primeira Turma desprovaram o agravo regimental, seguindo o voto do relator, por unanimidade.  

Brasília, 16 de setembro de 2014.  
MINISTRO MARCO AURÉLIO – PRESIDENTE E RELATOR",109877,48.08,54.53,6.450000000000003,0.9569060802459717,134,68,66,
"Voto - MIN. DIAS TOFFOLI
13/03/2012 PRIMEIRA TURMA
SEGUNDO AG.REG. NO AGRAVO DE INSTRUMENTO 716.021 SÃO PAULO
VOTO
O SENHOR MINISTRO DIAS TOFFOLI (RELATOR):
O inconformismo não merece prosperar.
Conforme  constou  da  decisão  agravada,  a  questão  acerca  da 
aplicação, ao presente caso, da norma do art. 100 da Constituição Federal 
não foi abordada nas razões do recurso extraordinário interposto pelo ora 
agravante.
Assim, não poderia mesmo ter sido objeto de deliberação na decisão 
que  apreciou  o  agravo  interposto  contra  o  despacho  que  negou 
seguimento àquele recurso, razão pela qual correta se mostrou a decisão 
ora atacada ao reconsiderá-la para esse fito.
Não é demais ressaltar que essa matéria não foi objeto dos acórdãos 
proferidos  pela  corte  regional,  tampouco constou das  razões  do  apelo 
extremo deduzido pelo agravante.
Inadmissível, outrossim, a inovação recursal por ele promovida ao 
abordar o tema apenas em suas razões de agravo regimental, postulando 
expressa  manifestação  desta  Corte  sobre  a  matéria,  até  porque  isso 
implicaria  inadmissível  supressão  de  instância,  uma  vez  que  a  Corte 
regional não deliberou acerca de tal tema.
Diga-se,  em  arremate,  que  os  demais  temas  suscitados  pelo 
agravante ao interpor o presente recurso, acerca da incidência de juros 
compensatórios  e  fixação do  prazo  de  pagamento  do  parcelamento,  já 
haviam sido apreciados pela primitiva decisão proferida nos autos, contra 
a qual não foi interposto, por parte do agravante, nenhum recuso, o que 
torna preclusa a matéria.
Ante o exposto, voto pelo não provimento do agravo regimental.
Documento assinado digitalmente conforme MP n° 2.200-2/2001 de 24/08/2001, que institui a Infraestrutura de Chaves Públicas Brasileira - ICP-Brasil. O
documento pode ser acessado no endereço eletrônico http://www.stf.jus.br/portal/autenticacao/ sob o número 1882567.
Supremo Tribunal Federal
Inteiro Teor do Acórdão - Página 6 de 8
","Voto – MIN. DIAS TOFFOLI  
13/03/2012 PRIMEIRA TURMA  
SEGUNDO AGREG. NO AGRAVO DE INSTRUMENTO 716.021 SÃO PAULO  

O SENHOR MINISTRO DIAS TOFFOLI (RELATOR):  
O inconformismo não merece prosperar.  

Conforme constou na decisão agravada, a questão sobre a aplicação da norma do artigo 100 da Constituição Federal no caso não foi discutida nas razões do recurso extraordinário interposto pelo agravante. Assim, não poderia ter sido objeto de deliberação na decisão que analisou o agravo contra o despacho que negou seguimento ao recurso. Por isso, a decisão ora atacada foi corretamente reconsiderada para esse fim.  

Não é demais ressaltar que essa matéria não foi discutida nos acórdãos da corte regional, nem consta das razões do apelo extremo do agravante. Também não é admitível a inovação recursal apresentada pelo agravante ao abordar o tema apenas nas razões de agravo regimental, pois isso implicaria uma supressão de instância, já que a corte regional não tomou posição sobre o assunto.  

Além disso, os outros temas levantados pelo agravante no recurso já foram analisados na decisão inicial, contra a qual ele não interpôs reclamação. Portanto, esses pontos estão fechados.  

Ante o exposto, voto pelo não provimento do agravo regimental.",89000,20.14,22.6,2.460000000000001,0.9315721988677979,180,122,58,
"Extrato de Ata - 16/03/2018
PLENÁRIO
EXTRATO DE ATA
AG.REG. NO RECURSO EXTRAORDINÁRIO COM AGRAVO 1.087.240
PROCED. : DISTRITO FEDERAL
RELATOR : MINISTRO PRESIDENTE
AGTE.(S) : BRASPAC BRASILIA PAVIMENTADORA E CONSTRUTORA LTDA
ADV.(A/S) : ALEXANDRE GARCIA DA COSTA JOSE JORGE (14428/DF)
AGDO.(A/S) : BÁRBARA RIBEIRO MONTEIRO E OUTRO(A/S)
ADV.(A/S) : WAGNER SOUZA LIMA (36486/GO)
Decisão:  O  Tribunal  negou  provimento  ao  agravo  regimental, 
condenou  a  parte  sucumbente,  nesta  instância  recursal,  ao 
pagamento de honorários advocatícios majorados em 1%, percentual 
que se soma ao fixado na origem, obedecidos os limites dos §§ 2º, 
3º e 11 do art. 85 do Código de Processo Civil, com a ressalva de 
eventual concessão do benefício da justiça gratuita, e aplicou a 
multa prevista no § 4 do art. 1.021 do Código de Processo Civil em 
1%,  nos  termos  do  voto  da  Relatora,  Ministra  Cármen  Lúcia 
(Presidente). Plenário, Sessão Virtual de 9.3.2018 a 15.3.2018.
 
Composição:  Ministros  Cármen  Lúcia  (Presidente),  Celso  de 
Mello,  Marco  Aurélio,  Gilmar  Mendes,  Ricardo  Lewandowski,  Dias 
Toffoli, Luiz Fux, Rosa Weber, Roberto Barroso, Edson Fachin e 
Alexandre de Moraes.
p/ Doralúcia das Neves Santos
Assessora-Chefe do Plenário
Documento assinado digitalmente conforme MP n° 2.200-2/2001 de 24/08/2001, que institui a Infra-estrutura de Chaves Públicas Brasileira - ICP-Brasil. O
documento pode ser acessado no endereço eletrônico http://www.stf.jus.br/portal/autenticacao/autenticarDocumento.asp sob o número 14532150
Supremo Tribunal Federal
Inteiro Teor do Acórdão - Página 10 de 10
","Extrato de Ata - 16/03/2018  
PLENÁRIO  
EXTRATO DE ATA  
AG.REG. NO RECURSO EXTRAORDINÁRIO COM AGRAVO 1.087.240  
PROCED. : DISTRITO FEDERAL  
RELATOR : MINISTRO PRESIDENTE  
AGTE.(S) : BRASPAC BRASILIA PAVIMENTADORA E CONSTRUTORA LTDA  
ADV.(A/S) : ALEXANDRE GARCIA DA COSTA JOSE JORGE (14428/DF)  
AGDO.(A/S) : BÁRBARA RIBEIRO MONTEIRO E OUTRO(A/S)  
ADV.(A/S) : WAGNER SOUZA LIMA (36486/GO)  

Decisão: O Tribunal negou provimento ao agravo regimental, condenou a parte sucumbente ao pagamento de honorários advocatícios majorados em 1%, que se soma ao fixado na origem, obedecidos os limites dos §§ 2º, 3º e 11 do art. 85 do Código de Processo Civil, com a ressalva de eventual concessão do benefício da justiça gratuita, e aplicou uma multa prevista no § 4 do art. 1.021 do Código de Processo Civil em 1%, nos termos do voto da Relatora, Ministra Cármen Lúcia (Presidente). Plenário, Sessão Virtual de 9.3.2018 a 15.3.2018.  

Composição: Ministros Cármen Lúcia (Presidente), Celso de Mello, Marco Aurélio, Gilmar Mendes, Ricardo Lewandowski, Dias Toffoli, Luiz Fux, Rosa Weber, Roberto Barroso, Edson Fachin e Alexandre de Moraes.  
p/ Doralúcia das Neves Santos  
Assessora-Chefe do Plenário  
Documento assinado digitalmente conforme MP n° 2.200-2/2001 de 24/08/2001, que institui a Infra-estrutura de Chaves Públicas Brasileira - ICP-Brasil. O documento pode ser acessado no endereço eletrônico http://www.stf.jus.br/portal/autenticacao/autenticarDocumento.asp sob o número 14532150  
Supremo Tribunal Federal  
Inteiro Teor do Acórdão - Página 10 de 10",145554,39.14,41.02,1.8800000000000026,0.9974164962768555,158,155,3,
"Voto - MIN. CÁRMEN LÚCIA
30/06/2016 PLENÁRIO
RECURSO EXTRAORDINÁRIO 704.292 PARANÁ
VOTO
A SENHORA MINISTRA CÁRMEN LÚCIA - Também, Presidente, 
estou acompanhando. 
Estamos fazendo uma repetição do que foi inicialmente posto nos 
votos  dos  julgamentos  do  Ministro  Fachin:  mesmo quando  se  declara 
inconstitucional, é observando-se o mesmo princípio.
Portanto, acompanho, no caso, na conclusão e, na tese, apenas não 
me pronunciando quanto à modulação.
Supremo Tribunal Federal
Documento assinado digitalmente conforme MP n° 2.200-2/2001 de 24/08/2001, que institui a Infraestrutura de Chaves Públicas Brasileira - ICP-Brasil. O
documento pode ser acessado no endereço eletrônico http://www.stf.jus.br/portal/autenticacao/ sob o número 11485085.
Inteiro Teor do Acórdão - Página 37 de 79
","Voto - MIN. CÁRMEN LÚCIA  
30/06/2016 PLENÁRIO  
RECURSO EXTRAORDINÁRIO 704.292 PARANÁ  
VOTO  
A senhora ministra Carmen Lucia, também presidente, está acompanhando.  
Estamos repetindo o que foi dito nos votos do ministro Fachin: mesmo quando se declara a inconstitucionalidade, segue-se o mesmo princípio.  
Portanto, acompanho a conclusão e a tese, mas não me pronuncio sobre a modulação.  
Supremo Tribunal Federal  
Documento assinado digitalmente conforme MP n° 2.200-2/2001 de 24/08/2001, que institui a Infraestrutura de Chaves Públicas Brasileira - ICP-Brasil. O documento pode ser acessado no endereço eletrônico http://www.stf.jus.br/portal/autenticacao/ sob o número 11485085.  
Inteiro Teor do Acórdão - Página 37 de 79",87011,43.91,50.52,6.6100000000000065,0.9489336013793945,87,80,7,
"Voto s/ Proposta
27/10/2016 PLENÁRIO
RECURSO EXTRAORDINÁRIO 693.456 RIO DE JANEIRO
VOTO S/PROPOSTA
O  SENHOR  MINISTRO  RICARDO  LEWANDOWSKI - 
Presidente,  vencido,  eu  adiro  à  tese,  porque  é  o  princípio  da 
colegialidade.  Eu  penso  que  a  tese  reflete  fielmente  aquilo  que  foi 
decidido  pela  maioria,  inclusive  contribuí  modestamente  para  que  se 
inserisse uma expressão dentro desta tese, então, não tenho como deixar 
de agasalhá-la.
Documento assinado digitalmente conforme MP n° 2.200-2/2001 de 24/08/2001, que institui a Infraestrutura de Chaves Públicas Brasileira - ICP-Brasil. O
documento pode ser acessado no endereço eletrônico http://www.stf.jus.br/portal/autenticacao/ sob o número 12049441.
Supremo Tribunal Federal
Inteiro Teor do Acórdão - Página 174 de 176
","Voto contra a proposta  
27/10/2016 PLENÁRIO  
RECURSO EXTRAORDINÁRIO 693.456 RIO DE JANEIRO  
VOTO S/PROPOSTA  
O senhor ministro Ricardo Lewandowski, presidente, vencido, adiou à tese, porque é o princípio da colegialidade. Acho que a tese reflete fielmente o que foi decidido pela maioria, inclusive contribuiu modestamente para que se inserisse uma expressão nesta tese, então não tenho como deixar de apoiá-la.  
Documento assinado digitalmente conforme MP n° 2.200-2/2001 de 24/08/2001, que institui a Infraestrutura de Chaves Públicas Brasileira - ICP-Brasil. O documento pode ser acessado no endereço eletrônico http://www.stf.jus.br/portal/autenticacao/ sob o número 12049441.  
Supremo Tribunal Federal  
Inteiro Teor do Acórdão - Página 174 de 176",85120,36.89,36.99,0.10000000000000142,0.9224916100502014,87,85,2,
"Voto - MIN. CÁRMEN LÚCIA
08/05/2012 PRIMEIRA TURMA
AG.REG. NO HABEAS CORPUS 108.087 SANTA CATARINA
VOTO
A  SENHORA  MINISTRA  CÁRMEN  LÚCIA -  Só  para 
esclarecimento perfeito, Ministro, Vossa Excelência negou seguimento ao 
habeas aplicando  a  Súmula  n.  279,  quer  dizer,  seria  matéria  fático-
probatória? 
O SENHOR MINISTRO LUIZ FUX (RELATOR) - Isso. Eu neguei 
seguimento, porque ficou comprovado em ambas as instâncias que ele se 
dedicava à atividade criminosa. E para revolver novamente essa matéria 
fático-probatória eu entendi que  writ não seria cabível,  que é de nossa 
jurisprudência.  Nossa  jurisprudência  diz  que  não  cabe,  em  sede  de 
habeas corpus, revolver a matéria fático-probatória para revisitar aquilo 
que  as  instâncias  anteriores  assentaram,  no  sentido  de  que  quem  se 
dedica  a  essa  atividade  não  tem  aptidão  para  receber  a  causa  de 
diminuição.  Então,  aí,  neguei  seguimento  ao  habeas  corpus  e  a  parte 
agravou. Estou negando provimento ao agravo.
 
A SENHORA MINISTRA CÁRMEN LÚCIA - Eu vou pedir vênia 
nesse caso, Ministro, mas eu tenho entendido que para negar provimento 
– eu tenho até um caso, trazendo hoje, exatamente nesse sentido, eu trago 
ao Colegiado, porque, quando se trata da Súmula n. 691, realmente aí é 
uma matéria, com as vênias do Ministro Marco Aurélio, mas, no caso da 
691, é porque eu tenho uma matéria, um tema sumulado. Então, neste 
caso, realmente, eu me sinto  autorizada... 
O SENHOR MINISTRO LUIZ FUX (RELATOR) - Dar provimento 
para trazer o habeas corpus para julgamento.
A SENHORA MINISTRA CÁRMEN LÚCIA - Reitero as vênias ao 
Supremo Tribunal Federal
Documento assinado digitalmente conforme MP n° 2.200-2/2001 de 24/08/2001, que institui a Infraestrutura de Chaves Públicas Brasileira - ICP-Brasil. O
documento pode ser acessado no endereço eletrônico http://www.stf.jus.br/portal/autenticacao/ sob o número 2113613.
Inteiro Teor do Acórdão - Página 7 de 11
Voto - MIN. CÁRMEN LÚCIA
HC 108.087 AGR / SC 
Ministro  Marco  Aurélio,  para  não  trazer.  Eu dou provimento,  apenas, 
para  trazer,  porque  neste  caso  é  aplicação  de  prova,  que  seria 
revolvimento de prova.
Peço vênia a Vossa Excelência, para dar provimento ao agravo, para 
trazer o habeas.
2 
Supremo Tribunal Federal
Documento assinado digitalmente conforme MP n° 2.200-2/2001 de 24/08/2001, que institui a Infraestrutura de Chaves Públicas Brasileira - ICP-Brasil. O
documento pode ser acessado no endereço eletrônico http://www.stf.jus.br/portal/autenticacao/ sob o número 2113613.
Inteiro Teor do Acórdão - Página 8 de 11
","Voto - MIN. CÁRMEN LÚCIA  
08/05/2012 PRIMEIRA TURMA  
AG.REG. NO HABEAS CORPUS 108.087 SANTA CATARINA  

A SENHORA MINISTRA CÁRMEN LÚCIA pergunta se o Ministro negou o habeas aplicando a Súmula 279, que trata de matéria fático-probatória. O RELATOR, MINISTRO LUIZ FUX, responde que sim, porque o réu estava envolvido em atividades criminosas e não tem direito a benefícios como diminuição da pena. Por isso, negou seguimento ao habeas. A parte agravou, mas o Ministro negou provimento ao agravo.

A SENHORA MINISTRA CÁRMEN LÚCIA pede vênia para pedir que o habeas seja julgado, pois a Súmula 691 permite isso. Ela reitera as vênias ao Supremo Tribunal Federal.  

O Ministro Marco Aurélio não foi citado, mas a Ministra diz que dará provimento ao agravo para trazer o habeas, porque é uma questão de prova. Peça vênia para dar provimento ao agravo, para trazer o habeas.",33381,37.77,43.42,5.649999999999999,0.8798619508743286,168,86,82,
"Aditamento ao Voto
08/02/2017 PLENÁRIO
RECURSO EXTRAORDINÁRIO 760.931 DISTRITO FEDERAL
A D I T A M E N T O    A O    V O T O
O  SENHOR  MINISTRO  GILMAR  MENDES -  Portanto, 
manifestando todas e respeitosas vênias e reconhecendo o belíssimo voto 
de Sua Excelência, perfilho esse entendimento ressaltando que a adoção, 
seja do modelo de responsabilidade objetiva, que era a primeira posição 
do enunciado do TST, seja o modelo de culpa presumida com a prática 
que o TST adotou, violam claramente, sem nenhum rebuço, a decisão do 
Supremo na ADC 16.
O debate vai prosseguir, certamente, com as condições, e não tenho 
dificuldade de subscrever as orientações, acho que o Tribunal, sobretudo 
porque está discutindo em repercussão geral, tem que fixar balizas para 
que esse tema não fique num eterno ritornelo.
O  SENHOR  MINISTRO  LUÍS   ROBERTO  BARROSO -  Foram 
quinhentas e cinquenta reclamações no ano passado, quer dizer, houve 
um salto.
O  SENHOR  MINISTRO  GILMAR  MENDES -  Nesse  diálogo 
institucional de surdos que se está fazendo nesta matéria.
Supremo Tribunal Federal
Documento assinado digitalmente conforme MP n° 2.200-2/2001 de 24/08/2001, que institui a Infraestrutura de Chaves Públicas Brasileira - ICP-Brasil. O
documento pode ser acessado no endereço eletrônico http://www.stf.jus.br/portal/autenticacao/ sob o número 12731560.
Inteiro Teor do Acórdão - Página 229 de 355
","Aditamento ao Voto  
08/02/2017 PLENÁRIO  
RECURSO EXTRAORDINÁRIO 760.931 DISTRITO FEDERAL  

O senhor ministro Gilmar Mendes disse que a adoção dos dois modelos de responsabilidade – o de responsabilidade objetiva e o de culpa presumida – viola a decisão do Supremo na ADC 16. Ele acha que o tribunal, estando em discussão sobre uma questão de repercussão geral, deve definir regras para evitar que o tema fique sempre repetindo.  

O senhor ministro Luís Roberto Barroso mencionou que houve 550 reclamações no ano passado, o que representa um aumento.  

O debate continua, e ele concorda com as orientações do tribunal.  

Supremo Tribunal Federal  
Documento assinado digitalmente conforme MP n° 2.200-2/2001 de 24/08/2001, que institui a Infraestrutura de Chaves Públicas Brasileira - ICP-Brasil. O documento pode ser acessado no endereço eletrônico http://www.stf.jus.br/portal/autenticacao/ sob o número 12731560.  
Inteiro Teor do Acórdão - Página 229 de 355",97496,33.18,40.86,7.68,0.8243774175643921,143,101,42,
