original_text,paraphrase,rotulo
DENÚNCIA. NÃO-PREENCHIMENTO DE REQUISITO DE ADMISSIBILIDADE. NÃO-CONHECIMENTO.    Não se conhece da denúncia que trata de matéria estranha à competência desta Corte de Contas.,"Denúncia: Não há conhecimento da denúncia, pois trata de um assunto fora da competência dessa Corte de Contas.",Delete
"ACÓRDÃO Nº 1881/2008 - TCU - 1ª CÂMARA  REPRESENTAÇÃO  Os Ministros do Tribunal de Contas da União, reunidos em Sessão da 1ª Câmara de 17/6/2008, quanto ao(s) processo(s) abaixo relacionado(s), com fundamento no art. 43, inciso I, da Lei nº 8.443/92 c/c os arts. 143, inciso III; e 237 do Regimento Interno/TCU, ACORDAM em conhecer da(s) representação(ões), para, no mérito considerá-la(s) procedente(s), mandando fazer a(s) seguinte(s) determinação(ões) conforme os pareceres emitidos nos autos, bem como cientificar o(s) representante(s), com o envio de cópia da respectiva instrução, arquivando-se posteriormente.  Ministério do Desenvolvimento, Indústria e Comércio Exterior  01 - TC 004.161/2008-5  Classe de Assunto : VI  Entidade(s)/Orgão(s): Banco Nacional de Desenvolvimento Econômico e Social Participações S.A. - BNDESPAR  Representante: Tribunal Regional do Trabalho no Rio de Janeiro  Advogado constituído nos autos: não há  1. Determinar ao Banco Nacional de Desenvolvimento Econômico e Social Participações S.A. - BNDESPAR que:  1.1 adote, caso ainda não o tenha feito, medidas corretivas relativamente ao desvio de função do Senhor Júlio César Santos Barros, de forma que o empregado somente desempenhe atividades próprias do cargo para o qual fora contratado;  1.2 abstenha-se de atribuir aos seus servidores atividades diversas daquelas inerentes ao cargo para os quais foram contratado  PREFEITURA MUNICIPAL  02 - TC 014.239/2007-5 (com 1 anexo)  Classe de Assunto : VI  Entidade(s)/Orgão(s): Prefeitura Municipal de São Domingos do Pombal /PB  Representante: Tribunal de Contas do Estado da Paraíba  Advogado constituído nos autos: não há  2.1 Determinar à Caixa Econômica Federal que, em conformidade com as normas aplicáveis à matéria, adote as medidas administrativas necessárias à aferição da boa e correta aplicação dos recursos transferidos à Prefeitura Municipal de São Domingos do Pombal/PB, por força dos Contratos de Repasse nºs 0128338-66 (Siafi nº 441856) e 0134037-41 (Siafi nº 442181), instaurando a competente tomada de contas especial, se for o caso;  2.2 Enviar à Caixa Econômica Federal cópia do presente processo, para subsidiar a análise determinada no item anterior.  03 - TC 018.307/2007-5 (com 2 volumes)  Classe de Assunto : VI  Entidade(s)/Orgão(s): Prefeitura Municipal de Pitimbu/PB  Representante: Tribunal de Contas do Estado da Paraíba  Advogado constituído nos autos: não há  3.1 determinar à Fundação Nacional de Saúde - Funasa que, em conformidade com as normas aplicáveis à matéria, adote as medidas administrativas necessárias à aferição da boa e correta aplicação dos recursos transferidos à Prefeitura Municipal de Pitimbu/PB, por força do Convênio 1217/2002 (Siafi nº 475992), instaurando a competente tomada de contas especial, se for o caso;  3.2. enviar à Funasa cópia do presente processo, em especial, a documentação acostada às fls. 472/83, para subsidiar a análise da prestação de contas do convênio supracitado.","ACÓRDÃO Nº 1881/2008 - TCU - 1ª CÂMARA
Os Ministros do Tribunal de Contas da União, reunidos em sessão da 1ª Câmara em 17/6/2008, consideraram as representações apresentadas. Com base nos arts. 43, inciso I, da Lei 8.443/92 e artigos 143, inciso III, e 237 do Regimento Interno/TCU, decidiram:  
- Reconhecer as representações;  
- Considerar as alegações como procedentes;  
- Mandar que as medidas sejam tomadas conforme os pareceres apresentados;  
- Informar os representantes com cópia das instruções e arquivar o processo.  

**Ministério do Desenvolvimento, Indústria e Comércio Exterior**  
1. TC 004.161/2008-5 – Classe VI – Entidade: BNDESPAR – Representante: Tribunal Regional do Trabalho no Rio de Janeiro  
   - Determinar que o Senhor Júlio César Santos Barros seja colocado em atividades adequadas ao seu cargo.  
   - Evitar que seus servidores realizem atividades fora do seu função.  

**Prefeitura Municipal**  
2. TC 014.239/2007-5 – Classe VI – Entidade: Prefeitura de São Domingos do Pombal/PB – Representante: Tribunal de Contas do Estado da Paraíba  
   - Determinar à Caixa Econômica Federal que verifique a aplicação correta dos recursos transferidos à prefeitura.  
   - Enviar cópia do processo para auxiliar na análise.  

3. TC 018.307/2007-5 – Classe VI – Entidade: Prefeitura de Pitimbu/PB – Representante: Tribunal de Contas do Estado da Paraíba  
   - Determinar à Funasa que verifique a aplicação correta dos recursos transferidos à prefeitura.  
   - Enviar cópia do processo para auxiliar na análise.",Split
"ACÓRDÃO Nº 1818/2011 - TCU - 2ª CâmaraOs ministros do Tribunal de Contas da União, reunidos em Sessão de 2ª Câmara, ACORDAM, por unanimidade, com fundamento nos arts. 1º, inciso II e 43, inciso I, da Lei 8.443; c/c os arts. 143, inciso V, alínea a; 169, inciso IV; 235, caput, e 237 do Regimento Interno do TCU, em conhecer da representação adiante indicada para, no mérito, considerá-la prejudicada ante a perda de seu objeto, e determinar o apensamento destes autos ao TC-028.972/2008-8, de acordo com o parecer da Secex/RJ.1. Processo TC-024.116/2009-5 (REPRESENTAÇÃO) 1.1. Responsáveis: Aloysio de Salles Fonseca (XXX-117.207-XX); Antonio Carlos da Silva Figueiredo (XXX-510.277-XX). 1.2. Entidade: Hospital dos Servidores do Estado  HSE/RJ. 1.3. Advogado constituído nos autos: não há.","ACÓRDÃO Nº 1818/2011 - TCU - 2ª Câmara. Os ministros do Tribunal de Contas da União, reunidos na 2ª Câmara, acordaram unânimemente, com base nos arts. 1º, inciso II, e 43, inciso I, da Lei 8.443, bem como os arts. 143, inciso V, alínea a; 169, inciso IV; 235, caput, e 237 do Regimento Interno do TCU, em reconhecer a representação apresentada, considerá-la prejudicada por ter perdido seu objeto, e determinar o apensamento dos autos ao processo TC-028.972/2008-8, conforme sugestão da Secex/RJ. 1. Processo TC-024.116/2009-5 (REPRESENTAÇÃO). 1.1. Responsáveis: Aloysio de Salles Fonseca (XXX-117.207-XX); Antonio Carlos da Silva Figueiredo (XXX-510.277-XX). 1.2. Entidade: Hospital dos Servidores do Estado (HSE/RJ). 1.3. Advogado constituido nos autos: não há.",Edit
"Trata-se de recurso de reconsideração interposto pelo Sr. Eugênio Arcanjo de Melo (peça 58) , ex-prefeito do Município de Santa Bárbara (MG) , contra o Acórdão 6.871/2017  1ª Câmara (peça 42) , proferido na Sessão de 15/8/2017, com o seguinte teor:9.1. julgar irregulares as contas do Sr. Eugênio Arcanjo de Melo, CPF XXX-268.206-XX, com fundamento nos arts. 1º, inciso I, 16, inciso III, alíneas b e c, 19, caput, e 23, inciso III, da Lei 8.443/1992 c/c com os arts. 1º, inciso I, 209, inciso II, 210 e 214, inciso III, do RI/TCU. 9.2. condenar o Sr. Eugênio Arcanjo de Melo, CPF XXX-268.206-XX ao pagamento da importância a seguir especificada, fixando-lhe o prazo de 15 dias para que comprove perante este Tribunal, em respeito ao art. 214, inciso III, alínea a, do RI/TCU, o recolhimento da dívida aos cofres da Fundação Nacional de Saúde, atualizada monetariamente e acrescida de juros de mora calculados a partir das datas indicadas até a data do efetivo recolhimento e com o abatimento de valores acaso já satisfeitos, nos termos da legislação vigente:  VALOR ORIGINAL (R$)  DATA DA OCORRÊNCIA 112.000,00 23/12/2002 9.3. autorizar, desde logo, a cobrança judicial da dívida nos termos do art. 28, inciso II, da Lei 8.443/1992 c/c o art. 219, inciso II, do RI/TCU, caso não atendida a notificação. 9.4. encaminhar cópia desta deliberação, bem como do relatório e do voto que a fundamentam, à Procuradoria da República no Estado de Minas Gerais, nos termos da Lei 8.443/1992, art. 16, § 3º, para adoção das medidas que entender cabíveis 9.5. dar ciência da deliberação proferida à Fundação Nacional de Saúde.2. Esta tomada de contas especial foi instaurada em razão da não consecução dos objetivos pactuados no Convênio 2.030/2001, celebrado pela Fundação Nacional de Saúde e pela referida municipalidade, cujo objeto era a execução de sistema de esgotamento sanitário (peça 1, p. 51 a 65) . 3. Para a realização do objeto avençado, foi prevista a aplicação de R$ 117.894,74 (cento e dezessete mil oitocentos e noventa e quatro reais e setenta e quatro centavos) , dos quais R$ 112.000,00 (cento e doze mil reais) seriam repassados pelo concedente e R$ 5.894,74 (cinco mil oitocentos e noventa e quatro reais e setenta e quatro centavos) corresponderiam à contrapartida municipal (peça 1, p. 55 a 57) . Os recursos federais foram repassados em única parcela (peça 5) . 4. A vigência do convênio sob exame se estendeu de 21/1/2002 a 21/8/2004 (peça 2, p. 354) .5. No âmbito desta Corte, o responsável foi citado em decorrência da não comprovação da boa e regular aplicação dos recursos federais repassados. Em especial, foram constatadas as seguintes irregularidades:  - ausência de demonstração do nexo de causalidade entre os recursos federais transferidos e a consecução do objeto do ajuste, a qual foi agravada pela movimentação irregular dos mencionados recursos. Foi verificado que os valores repassados foram integralmente sacados da conta vinculada do convênio, por meio da compensação de único cheque, cujo beneficiário não era a Prefeitura de Santa Bárbara (MG) - peça 12, p. 22;  - não consecução dos objetivos da avença, pois, conforme consta do Relatório de Visita Técnica Final da Funasa de 9/7/2010 (peça 2, p. 73 a 9) , houve a execução de 45,59% do objeto do convênio em tela. Cabe destacar que não foi concluída a estação de tratamento de esgoto do distrito de Sumidouro. Além disso, as unidades de esgotamento sanitária que haviam sido construídas estavam sucateadas e não funcionavam.6. Após a análise das alegações de defesa apresentadas pelo responsável o Tribunal decidiu, por meio do Acórdão 6.871/2017  1ª Câmara, transcrito anteriormente, julgar irregulares as contas do responsável e condená-lo a ressarcir o débito pelo valor integral repassado.7. Irresignado, o Sr. Eugênio Arcanjo de Melo interpôs o presente recurso de reconsideração (peça 58) .8. A Serur realizou o exame preliminar de admissibilidade (peça 59) e se manifestou pelo conhecimento deste recurso, uma vez que foram preenchidos os requisitos processuais aplicáveis à espécie. Em seguida, por meio de despacho, acolhi esse entendimento da unidade técnica e, por via de consequência, suspendi os efeitos dos itens 9.1, 9.2 e 9.3 do Acórdão 6.871/2017 - 1ª Câmara.9. Quanto ao mérito da peça recursal sob exame, a auditora salientou que devem ser respondidas as seguintes questões: a) cabe responsabilizar o prefeito sucessor (peça 58, p. 3 e 4) ; b) a aplicação dos recursos federais transferidos foi regular (peça 58, p. 6 e 7) ; c) é razoável imputar o débito no valor integral repassado (peça 58, p. 4, 5, 7 e 8) .10. Posteriormente, a auditora analisou as alegações do recorrente, tendo destacado que: - Alegações referentes à suposta responsabilidade solidária do prefeito sucessor  a) o relatório técnico de visita in loco registrou que o reator anaeróbico de fluxo ascendente (Rafa) foi construído. Porém, ele nunca funcionou porque a Cemig não instalou um transformador de maior potência (cerca de 15 KVA) para atender simultaneamente à fazenda do dono do terreno onde foi instalado o Rafa e a própria ETE; b) teria tentado, sem sucesso, resolver o impasse com a Cemig para a instalação desse transformador;  c) o mencionado transformador não estava previsto no projeto aprovado pela Funasa. Consequentemente, os recursos necessários para sua aquisição/instalação não foram previstos no convênio, o que acarretou a necessidade de serem utilizados recursos próprios do município; e d) sem a autorização da Cemig, o responsável não conseguiu concluir essa instalação dentro do seu mandato. Logo, ficou a cargo do seu sucessor dar continuidade às tratativas com a concessionária de energia elétrica, com o fito de colocar em funcionamento a mencionada unidade de tratamento; - Análise das alegações de defesa a) não há previsão legal para responsabilizar o prefeito sucessor; b) a Súmula TCU 230 é aplicável quando, apesar de os recursos terem sido transferidos e utilizados na gestão do gestor municipal antecessor, o prazo para apresentação da prestação de contas se encerrou durante o mandato do respectivo sucessor. Não é o caso verificado nestes autos, eis que o mencionado prazo findou no dia 21/8/2004 e o recorrente ficou no seu cargo até 31/12/2004; c) o Sr. Eugenio Arcanjo de Melo, na condição de prefeito municipal, foi o gestor do convênio, logo, deveria ter observado as exigências normativas com o fim de dar cumprimento ao objeto avençado; d) o recorrente tentou transferir a responsabilidade pelas irregularidades apuradas nestes autos para seu sucessor, que não administrou os recursos do convênio. Logo, essa argumentação não deve ser aceita pelo TCU; e) a responsabilidade do prefeito advém da sua condição de signatário e gestor do convênio. No caso vertente, o ex-prefeito não cumpriu com seu dever de atuar de forma diligente visando à consecução do objeto pactuado. Se era de seu conhecimento a necessidade de instalar um transformador para colocar em funcionamento o sistema de esgotamento sanitário, cabia a ele, no mínimo, solicitar a prorrogação do prazo do convênio com o fim de dirimir as pendências com a Cemig; e f) cabia ao gestor executar a obra em conformidade com o estabelecido no convênio e no plano de trabalho. Se não o fez, deve responder por seus atos. Não é razoável atribuir a responsabilidade ao seu sucessor, que não geriu os recursos do convênio, pelas consequências advindas do inadimplemento das condições pactuadas; - Alegações referentes à suposta aplicação regular dos recursos federais transferidos  a) os recursos repassados pela União não foram geridos na conta específica do convênio em tela, uma vez que foram transferidos para a conta corrente do Serviço Autônomo de Água e Esgoto  SAAE de Santa Bárbara (MG) . Tal conduta não gerou danos para o erário. Além disso, todos os comprovantes de pagamentos apresentados fazem menção a essa última conta; b) essa transferência pode ser comprovada por meio da análise conjunta dos extratos das duas contas acima citadas; e c) o SAAE de Santa Bárbara (MG) era o responsável pela manutenção da rede de esgoto. Nessa condição, ele gerenciou a execução das obras avençadas, o que justificou a transferência ora sob comento; - Análise das alegações de defesa a) o art. 7º, XIX, da Instrução Normativa STN 1/1997, vigente à época, exigia que a movimentação financeira dos recursos federais transferidos fosse realizada na conta específica do ajuste; b) o recorrente assinou o termo do convênio, cujas cláusulas segunda, II, d, e terceira, subcláusula primeira, reiteravam essa exigência; c) a utilização de conta bancária diversa da específica do convênio dificulta significativamente a comprovação da regular aplicação dos recursos transferidos, pois torna mais complexo o estabelecimento do nexo de causalidade ente os recursos geridos e os dispêndios efetuados. Note-se que essa comprovação é um ônus do gestor municipal, que não pode transferir tal responsabilidade para outrem; d) pesa contra o responsável a inexistência de documentação idônea capaz de sanar as irregularidades identificadas pelo concedente. Não constam dos autos, por exemplo, nenhum extrato bancário da conta do SAAE; e) cabia ao responsável não só executar a obra, mas também comprovar a regularidade na aplicação dos recursos federais que lhe foram confiados. No entanto, neste caso, é impossível determinar se a obra foi custeada com recursos municipais, estaduais ou oriundos de outro convênio celebrado com o governo federal. A mera execução física do objeto avençado, por si só, não comprova que os recursos foram aplicados corretamente, cabendo ao responsável demonstrar o nexo causal entre os recursos que lhe foram repassados e a consecução do referido objeto. Essa demonstração se dá por meio da exibição de notas de empenho, recibos e extratos bancários, o que não foi feito no caso vertente; f) esse entendimento fundamenta-se no dever de prestar contas, previsto no parágrafo único do art. 70 da Constituição Federal e em outros normativos infraconstitucionais, como o Decreto-lei 200/1967 e a Instrução Normativa STN 1/1997; e g) com fulcro nessas considerações, entende-se que a ausência de vínculo entre o montante transferido e os dispêndios incorridos impede a demonstração da boa e regular gestão dos valores envolvidos na execução do convênio em tela;  - Alegações referentes à imputação do débito pelo valor integral a) foi desarrazoada a imputação do débito pelo valor integral repassado, tendo em vista que o relatório técnico da Funasa confirmou a construção do reator anaeróbico de fluxo ascendente (Rafa) , apesar de afirmar que esse equipamento não estava funcionando; b) conforme consta do termo de recebimento da obra, ela foi entregue no dia 3/9/2004, porém a vistoria in loco somente foi realizada em 9/7/2010. Assim sendo, os problemas detectados decorreram do desgaste ocasionado pela passagem do tempo associado à ausência de manutenção por parte do município; e c) conforme consta do termo de medição final, a obra estava concluída e a execução de todos os serviços previstos na planilha foi aprovada. A ETE somente não entrou em funcionamento porque a Cemig não concluiu a instalação de um transformador elétrico capaz de suportar a entrada em operação dessa estação;  - Análise das alegações de defesa a) a imputação do débito pelo valor integral derivou do não atingimento do objetivo do convênio. Além disso, não foi identificada a construção de nenhuma parcela útil do objeto avençado, o que implica dizer que não foi gerado nenhum benefício para a população local. Até porque o sistema de esgotamento sanitário nunca entrou em funcionamento e os resíduos continuaram sendo lançados in natura no Rio Caraça; b) considerando que o recorrente tinha ciência da necessidade de instalar um transformador para viabilizar o funcionamento da estação de tratamento de esgotos no RAFA, não pode ser aceita a alegação de que a obra foi corretamente executada;  c) a execução parcial e irregular do objeto do convênio causou problemas sanitários para a população ribeirinha e prejuízo ao erário; d) restou caracterizada a desídia do responsável, que utilizou a integralidade dos recursos federais a ele confiados sem produzir nenhuma melhoria na qualidade de vida da população local; e) o dano apurado equivale a 100% dos recursos repassados, uma vez que, embora a execução física tenha alcançado 45,59%, não foi identificada qualquer etapa útil (a estação de tratamento não foi concluída e as unidades executadas, além de estarem sucateadas, nunca funcionaram) . A completa frustração dos objetivos do convênio importa a condenação do responsável à devolução integral dos recursos federais transferidos. Nesse sentido, no voto condutor do Acórdão 2.828/2015  Plenário, o Ministro Bruno Dantas salientou que: Quando a parcela executada do convênio não for suficiente para o atingimento, ainda que parcial, dos objetivos do ajuste, sem quaisquer benefícios à sociedade, a possibilidade de aproveitamento do que já foi executado em eventual retomada das obras, por se tratar de mera hipótese, e não de benefício efetivo, não enseja o correspondente abatimento no valor do débito apurado. f) vale registrar que a etapa útil de uma obra é aquela capaz de entrar em funcionamento imediatamente após a conclusão dos serviços e atingir seus objetivos sociais e de salubridade ambiental, dentro da especificidade pactuada no plano de trabalho. Dito de outra forma, deve ser capaz de produzir os efeitos definidos no programa no qual está inserido, além de atender os requisitos técnico-operacionais, ambientais, econômicos, legais, institucionais, sanitários e, principalmente, sociais; g) a ausência de tempestivo acompanhamento da obra pela Funasa não exclui a obrigação do gestor de comprovar a regular aplicação dos recursos, em conformidade com o plano de trabalho e o projeto aprovados; e h) diante do acima exposto, deve ser mantido o débito no valor integral.11. Com espeque nessas considerações, o auditor propôs (peça 76) : a) conhecer do presente recurso para, no mérito, negar-lhe provimento; e b) dar ciência deste acórdão ao recorrente.12. O Diretor da 1ª Diretoria da Secretaria de Recursos e o titular daquela unidade técnica manifestaram sua concordância com essa proposta (peças 77 e 78) .13. O Procurador Júlio Marcelo de Oliveira também se pronunciou favoravelmente ao acolhimento dessa proposta (peça 79) . É o Relatório.","O Sr. Eugênio Arcanjo de Melo interpôs um recurso para reexaminar a decisão que julgou irregular suas contas, com base na Lei 8.443/1992 e no Regimento Interno do TCU. A decisão original condenou-o ao pagamento de uma dívida de R$ 112.000,00, por não ter sido cumprido o objetivo do convênio celebrado com a Fundação Nacional de Saúde. O recurso foi acolhido porque os motivos apresentados pelo Sr. Arcanjo não foram aceitos.

O convênio tinha como objeto a execução de um sistema de esgotamento sanitário, com recursos federais repassados para o município. A maior parte dos recursos foi aplicada na conta do SAAE, e não na específica do convênio, o que dificultou a comprovação da regularidade da aplicação.

O Sr. Arcanjo alega que o prefeito sucessor não deve ser responsabilizado por irregularidades, mas a decisão rejeitou essa argumentação. Além disso, a imputação do débito pelo valor integral dos recursos repassados foi considerada inapropriada, pois a obra não teve sucesso e não gerou benefícios para a população.

O auditor concluiu que o débito deve permanecer integral, já que os objetivos do convênio não foram atingidos. O recurso foi negado, e a decisão foi comunicada ao Sr. Arcanjo.",Split
"VISTOS, relatados e discutidos estes autos de Tomada de Contas Especial de responsabilidade do Sr. Edson Seixas Rodrigues, ex-Procurador do INCRA, instaurada em razão de ressarcimento a menor das diárias recebidas consoante Proposta de Diária nº 791/90, tendo em vista a não restituição da correção monetária incidente, no período de 22.06.90 a 15.03.91, sobre o valor de Cr$ 66.074,50.  Considerando que, citado, o responsável apresentou alegações de defesa que foram rejeitadas parcialmente em 09.06.99 (Decisão nº 334/99 - 2ª Câmara);  Considerando que, ciente da Decisão nº 334/99, o responsável não se manifestou;  Considerando que o ex-Procurador do INCRA é servidor inativo da União, percebendo seus proventos pelo Ministério da Justiça;  Considerando os pareceres da Unidade Técnica e do douto Ministério Público.  ACORDAM os Ministros do Tribunal de Contas da União, reunidos em Sessão da 2ª Câmara, em:  a) julgar irregulares as presentes contas, com fulcro nos arts. 1º, inciso I, 16, inciso III, alínea ""b"", 19 e 23 , inciso III da Lei nº 8.443/92 e em débito o Sr. Edson Seixas Rodrigues, pela quantia correspondente à correção monetária, entre 22.06.90 a 15.03.91, incidente sobre o valor de Cr$ 66.074,50 (sessenta e seis mil e setenta e quatro cruzeiros e cinqüenta centavos), fixando-lhe o prazo de 15 (quinze) dias, a partir da notificação, para comprovar perante este Tribunal (art. 165, alínea ""a"", do Regimento Interno), o recolhimento do referido valor aos cofres do INCRA, acrescido da atualização monetária até a data do efetivo pagamento, nos termos da legislação em vigor;  b) caso não atendida a notificação, determinar ao Ministério da Justiça que promova o desconto parcelado da divida nos proventos do responsável, observados os limites previstos no art. 46 da Lei nº 8.112/90, com a redação dada pela Lei nº 9.527/97.  (Vide Acórdão 401/2005 Segunda Câmara - Ata 11. Recurso de reconsideração provido. Contas regulares com ressalva. Quitação ao responsável.)","Os autos relacionam a responsabilidade do Sr. Edson Seixas Rodrigues, ex-Procurador do INCRA, por não restituir a correção monetária sobre um valor de Cr$ 66.074,50, recebido entre 22/06/90 e 15/03/91. O responsável apresentou defensas, mas parte foi rejeitada. Ele não se manifestou após a decisão. Como servidor inativo, seus proventos são pagos pelo Ministério da Justiça. Os pareceres do órgão técnico e do Ministério Público também foram considerados.

O Tribunal de Contas da União decidiu: a) considerar as contas irregulares e determinar que o Sr. Rodrigues pague a correção monetária, com prazo para comprovar o pagamento; b) se ele não pagar, o Ministério da Justiça deve descontar a dívida dos seus proventos, conforme a lei.",Split
"ACÓRDÃO Nº 1593/2019 - TCU - 1ª CâmaraOs Ministros do Tribunal de Contas da União, reunidos em sessão da 1ª Câmara, tendo em vista o monitoramento do Acórdão 6.665/2016-1ª Câmara, referente à aposentadoria do sr. Weliton Militão dos Santos, deferida em 20/7/2010, no cargo de juiz federal da 1ª Região;Considerando que a inativação do ex-magistrado se deu de forma compulsória, por interesse público, em face de sanção administrativa aplicada pelo Conselho Nacional de Justiça (CNJ) , nos termos do art. 93, inciso VIII, c/c o art. 103-B, § 4º, inciso III, ambos da Constituição Federal;Considerando que esta Corte negou registro ao título concessório porquanto não observada, no cálculo e no reajuste dos proventos, a disciplina estabelecida no art. 40, §§ 3º e 17, da Constituição, c/c os arts. 1º e 15 da Lei 10.887/2004 (média das contribuições e atualização pelos índices aplicáveis ao regime geral de previdência) ;Considerando que, na oportunidade, foi determinado à Secretaria de Fiscalização de Pessoal (Sefip) que, quando do exame do novo ato a ser emitido pelo órgão de origem, verificasse a exação do tempo de serviço averbado em favor do interessado, haja vista que, a despeito de contar apenas 53 anos de idade à época da inativação, o magistrado computava quase 43 anos de tempo de serviço;Considerando que, devidamente notificada a respeito, a Justiça Federal da 1ª Região editou novo ato de aposentadoria para o sr. Weliton Militão dos Santos, desta feita com observância da Lei 10.887/2004, o qual foi considerado legal e registrado por meio do Acórdão 3.644/2017-2ª Câmara (TC-004.157/2017-6; relação 15/2017- Min. José Múcio Monteiro) ;Considerando que, na respectiva instrução, a propósito da determinação exarada no acórdão original, a Sefip limitou-se a informar que, de fato, foi atestado pelo INSS que o interessado começou a laborar no dia 10/9/1967, na função de Atendente, quando ainda possuía 10 anos de idade;Considerando que, posteriormente, no âmbito do presente processo, foi obtida vasta documentação sobre a matéria, não considerada na deliberação que deferiu o registro do novo título concessório do ex-magistrado;Considerando que, entre os 42 anos e 10 meses de tempo de serviço computados em favor do sr. Weliton Militão dos Santos, 14 anos e 3 meses foram obtidos por meio de duas ações declaratórias propostas pelo interessado contra o INSS, não tendo sido efetuadas as correspondentes contribuições previdenciárias;Considerando que ambas as ações declaratórias tiveram por fundamento reclamatórias trabalhistas em que as partes  o ex-magistrado e seus pretensos empregadores  limitaram-se a acordar em juízo que os reclamados procederiam às devidas anotações na carteira de trabalho (CTPS) do reclamante (peça 40, p. 6) ;Considerando que as ações declaratórias foram propostas em 1991 (período de 2/1/1974 a 26/12/1981) e 1996 (período de 10/9/1967 a 5/10/1974) , quando o sr. Weliton Militão dos Santos já integrava a magistratura federal;Considerando que o manifesto objetivo do interessado, com a propositura dessas ações, era o cômputo dos respectivos períodos de tempo para efeito de aposentadoria estatutária federal;Considerando, todavia, que a União não foi parte nesses processos, que, em princípio, obrigaram unicamente o INSS;Considerando que, à luz da jurisprudência assente no Supremo Tribunal Federal, a contagem de tempo de serviço privado para efeito de aposentadoria no serviço público (contagem recíproca) pressupõe o recolhimento das contribuições previdenciárias correspondentes, o que não se verificou na espécie;Considerando, por fim, que a Secretaria de Fiscalização de Pessoal (Sefip) e o Ministério Público sugerem o arquivamento do presente processo, uma vez cumpridos os objetivos que ensejaram sua autuação;ACORDAM, por unanimidade, com fundamento nos arts. 1º, inciso V, e 39, inciso II, da Lei 8.443/1992, c/c os arts. 143, incisos II e V, e 243 do Regimento Interno, em ordenar as medidas adiante especificadas, bem como em autorizar o oportuno arquivamento deste processo:1. Processo TC-016.487/2016-8 (APOSENTADORIA - MONITORAMENTO)  1.1. Interessado: Weliton Militão dos Santos (XXX-314.156-XX)  1.2. Órgão: Justiça Federal de 1º e 2º Graus da 1ª Região 1.3. Relator: Ministro Benjamin Zymler 1.4. Representante do Ministério Público: Procurador Sergio Ricardo Costa Caribé 1.5. Unidade Técnica: Secretaria de Fiscalização de Pessoal (SEFIP) . 1.6. Representação legal: não há. 1.7. Determinações/Recomendações/Orientações: 1.7.1. determinar à Sefip que proceda à juntada, por cópia, das peças 29, 38, 40, 41 e 42 destes autos ao TC-004.157/2017-6, adotando, na sequência, as medidas pertinentes com vistas à revisão de ofício do Acórdão 3.644/2017-2ª Câmara (relação 15/2017- Min. José Múcio Monteiro) ; 1.7.2. dar ciência desta deliberação à Advocacia-Geral da União, para conhecimento e adoção das medidas que entender pertinentes.","ACÓRDÃO Nº 1593/2019 - TCU - 1ª Câmara
Os Ministros do Tribunal de Contas da União, reunidos na 1ª Câmara, analisaram o caso de Weliton Militão dos Santos, que foi aposentado em 2010. A inativação dele ocorreu por vontade pública, após uma sanção do CNJ.  

A Corte considerou que o cálculo da aposentadoria não seguiu as regras estabelecidas pela Constituição e pela Lei 10.887/2004. A Sefip foi mandada verificar o tempo de serviço do magistrado, mas houve erros no cálculo.  

A Justiça Federal da 1ª Região emitiu uma nova decisão sobre a aposentadoria, seguindo as leis vigentes. No entanto, a Sefip informou que o magistrado começou a trabalhar com apenas 10 anos, o que gerou dúvidas.  

Foram encontradas novas documentações sobre o caso, mas não foram consideradas na decisão original. O magistrado fez duas ações contra o INSS para contar períodos de serviço, mas não houve contribuições previdenciárias nesses períodos.  

A União não foi parte desses processos, e a jurisprudência diz que os períodos de serviço privado não podem ser contados para aposentadoria pública se não houver contribuições.  

A Sefip e o Ministério Público querem arquivar o processo, pois já foram atendidos os objetivos iniciais.  

ACORDAM, unânimes, com base em leis e regimento, que:  
1. O processo TC-016.487/2016-8 (APOSENTADORIA - MONITORAMENTO) deve ser revisado.  
   1.1. Interessado: Weliton Militão dos Santos  
   1.2. Órgão: Justiça Federal de 1º e 2º Graus da 1ª Região  
   1.3. Relator: Ministro Benjamin Zymler  
   1.4. Representante do Ministério Público: Procurador Sergio Ricardo Costa Caribé  
   1.5. Unidade Técnica: Secretaria de Fiscalização de Pessoal (SEFIP)  
   1.6. Representação legal: não há  
   1.7. Determinações:  
   1.7.1. A Sefip deve juntar documentos ao TC-004.157/2017-6 para revisão do acórdão.  
   1.7.2. O Ministério Público deve ser informado sobre a decisão.",Split
"VISTOS, relatados e discutidos estes autos de denúncia dando conta de possível irregularidade ocorrida no Município de Vigia de Nazaré/PA, relacionada a inadimplência, por parte da prefeitura municipal, de pagamento devido a empresa contratada para a execução de serviços de reforma de escola, custeados com recursos do Fundeb,ACORDAM os Ministros do Tribunal de Contas da União, reunidos em sessão do Plenário, ante as razões expostas pelo Relator, em:9.1. não conhecer da presente denúncia, por não preencher os requisitos de admissibilidade previstos no art. 235 do Regimento Interno do TCU; e9.2. dar ciência desta deliberação ao denunciante e ao Fundo Nacional de Desenvolvimento da Educação (FNDE) .","VISTOS, relatados e discutidos os autos de denúncia sobre possíveis irregularidades no Município de Vigia de Nazaré/PA, relacionadas à inadimplência da prefeitura em pagar uma empresa contratada para reforma de uma escola, financiada com recursos do Fundeb. ACORDAM os Ministros do TCU: 1. não conhecer da denúncia por falta de admissibilidade conforme o artigo 235 do Regimento Interno; 2. informar o denunciante e o FNDE sobre a decisão.",Edit
"Cuidam os autos de tomada de contas especial instaurada pelo Ministério do Turismo (MTur) em desfavor do Sr. Túlio Aurélio Campos Fontes, ex-Prefeito de Cáceres (MT), em razão da impugnação total das despesas realizadas no âmbito do Convênio Siconv nº 732.644/2010, celebrado com aquela prefeitura, tendo por objeto a realização do 30º Festival Internacional de Pesca Esportiva de Cáceres (MT).2. Conforme disposto na cláusula quinta do termo de convênio, datado de 23/4/2000, foi prevista a transferência de R$ 326.120,00 (trezentos e vinte e seis mil, cento e vinte reais) para custear a execução do objeto avençado. Desse total, R$ 300.000,00 (trezentos mil reais) seriam aportados pelo concedente e R$ 26.120,00 (vinte e seis mil, cento e vinte reais) corresponderiam à contrapartida que ficou a cargo do convenente.3. Os recursos federais foram repassados em única parcela, por meio da ordem bancária nº 2010OB800819, no valor de R$ 300.000,00 (trezentos mil reais), emitida em 24/6/2010. Esses recursos foram creditados na conta nº 258-5 mantida na agência nº 0870 da Caixa Econômica Federal, no dia 29/6/2010. No dia 29/10/2010, foram devolvidos R$ 16.120,00 (dezesseis mil, cento e vinte reais) para o erário federal.6. O ajuste em tela vigorou entre 24/4 e 23/7/2010. Estava prevista a apresentação da prestação de contas até trinta dias após o término do prazo de vigência, conforme dispunha a cláusula quarta do termo em tela.7. Em razão do atraso na liberação dos recursos por parte do órgão concedente, a vigência do convênio foi prorrogada, de forma que seu término passou a ser previsto para o dia 27/9/2016, conforme estipulado no item “b” da cláusula terceira do termo de convênio.8. O Sr. Túlio Aurélio Campos Fontes foi regularmente citado pela “não comprovação do nexo causal dos pagamentos efetuados à empresa Banna Produções e Estruturas Ltda., no âmbito do Convênio Siconv nº 732.644/2010, celebrado com o Ministério do Turismo.”9. Em sua defesa, ele apresentou cópias dos cheques emitidos para a empresa Banna Produções e dos respectivos documentos de liquidação da despesa. Friso que os referidos cheques estavam vinculados à conta corrente específica do convênio. Assim, em linha de sintonia com a unidade técnica e o Ministério Público junto ao Tribunal, entendo que restou demonstrada a existência do nexo causal entre os recursos transferidos pela União e as despesas efetuadas visando à consecução do objeto avençado. Por via de consequência, julgo ter sido afastado o suposto débito anteriormente atribuído a esse responsável.10. Aduzo que a Prefeitura de Cáceres (MT) foi citada solidariamente com o Sr. Túlio Aurélio Campos Fontes pelo suposto débito ora sob comento. Logo, ela se beneficia dos argumentos e provas apresentados pelo ex-Prefeito, o que implica dizer que o débito em tela também deve ser afastado no que concerne àquele município.11. Por outro lado, o Sr. Túlio Aurélio Campos Fontes foi ouvido em audiência pela prática das seguintes irregularidades:a) contratação por inexigibilidade da empresa Banna Produções e Estruturas Ltda., em contrariedade ao disposto no Acórdão nº 351/2015 - 2ª Câmara e ao item II, “oo” da cláusula terceira do Termo de Convênio nº 732.644/2010;b) não publicação da situação de inexigibilidade no Diário Oficial da União, no prazo de 5 (cinco) dias, em contrariedade com a cláusula terceira, II, “o” do Termo de Convênio nº 732.644/2010 e o art. 26 da Lei nº 8.666/1993;c) não comprovação do recebimento do cachê pelos artistas, em contrariedade com a cláusula terceira, II, “pp” do Termo de Convênio nº 732.644/2010;d) não apresentação da certidão negativa de débito da empresa, em contrariedade com o art. 29 da Lei nº 8.666/1993 e com o Acórdão nº 2.575/2009 - Plenário;e) não apresentação das declarações de guarda de documentos e de notificação, em contrariedade com o art. 58, inciso VII, da Portaria Interministerial nº 127/2008, o art. 2º da Lei nº 9.452/2007 e a cláusula terceira, II, “c” e “i” do Termo de Convênio nº 732.644/2010.12. Novamente manifesto minha concordância com o entendimento esposado pelo Subprocurador Lucas Rocha Furtado e pela unidade técnica, cuja análise incorporo desde já aos fundamentos do meu voto, no sentido de que as razões de justificativa apresentadas pelo responsável a esta Corte não conseguiram ilidir as irregularidades citadas no parágrafo anterior deste voto. Contudo, entendo ser oportuno e conveniente tecer algumas considerações adicionais, o que passo a fazer.13. Em primeiro lugar, saliento que a contratação direta, realizada com base em suposta inexigibilidade de licitação, da empresa Banna Produções como representante dos artistas configura infração à norma legal e regulamentar, não uma mera falha formal, como entende o responsável.14. Afinal, é inegável que a ausência de apresentação do contrato de exclusividade em questão torna irregular a contratação por inexigibilidade de licitação, pois tal documento é imprescindível para caracterizar a inviabilidade de competição de que trata o art. 25, inciso III, da Lei nº 8.666/1993.15. Cumpre frisar que, além de ter restado clara a necessidade de sua apresentação, o contrato de exclusividade difere da autorização (também chamada de carta de exclusividade) que confere tal prerrogativa apenas para os dias correspondentes à apresentação dos artistas e que é restrita à localidade do evento, conforme explicado no Acórdão nº 96/2008 - Plenário.16. Nesse contexto, as alegações do responsável de que possuía tais cartas e de que elas foram registradas no cartório e publicadas no principal veículo de informação oficial da região não são aptas para afastar a irregularidade sob comento.17. Ainda em relação a essa questão, cabe salientar que esta 1ª Câmara tem se manifestado de forma reiterada, por exemplo, por meio dos Acórdãos nº 5.662/2014, nº 4.935/2016, nº 5.543/2016, nº 5.871/2016 e nº 6.533/2016, no sentido de que a conduta em tela enseja o julgamento pela irregularidade das contas e a aplicação ao responsável da multa estipulada no art. 58 da Lei 8.443/1992.18. Nesse particular, reside minha única discordância do judicioso parecer emitido pelo Subprocurador-Geral Lucas Rocha Furtado, no qual ele defende a conversão deste processo em representação, com o fito de aplicar multa e não julgar as contas do responsável.19. Em segundo lugar, friso que as alegações do Sr. Túlio Aurélio Campos Fontes no sentido de que a execução física do convênio foi aprovada pelo Ministério do Turismo, ele agiu de boa-fé, não houve prejuízo para o erário, cumpriu o objeto avençado e o evento gerou retorno expressivo para o município não são aptas para afastar a aplicação da multa ora aventada, pelos motivos que passo a expor.20. A uma, porque a inexistência de dano ao erário afasta a imputação de débito, não a aplicação de multa, a qual, consoante disposto expressamente na Lei Orgânica do TCU, pode ocorrer mesmo quando não houve prejuízo para a Administração Pública.21. A duas, porque o fato de a execução física ter sido aprovada pelo Ministro do Turismo apenas corrobora o entendimento de que não houve débito, mas nada garante a respeito da licitude da contratação, a qual poderia ser atestada pela aprovação da execução financeira.22. A três, porque, apesar de reconhecidamente terem ocorrido os shows previstos no convênio em tela, tal constatação apenas reitera a inexistência de débito.23. A quatro, porque a existência de boa-fé deve ser sopesada quando da fixação do valor da multa, mas não tem o condão de afastar, por si só, a aplicação da sanção pecuniária.24. Em terceiro lugar, saliento que a irregularidade consistente na não publicação da situação de inexigibilidade no Diário Oficial da União, no prazo de 5 (cinco) dias, que violou o disposto na cláusula terceira, II, “o” do Termo de Convênio nº 732.644/2010 e no art. 26 da Lei nº 8.666/1993, não foi afastada pelo responsável. O ex-Prefeito alegou ter publicado os referidos documentos no dia 18/10/2010. Contudo, essa publicação extemporânea não sanou o vício apontado, uma vez que ocorreu praticamente um mês após o término da vigência do convênio, o que a tornou inútil como instrumento de controle.25. Em quarto lugar, esclareço que o Sr. Túlio Aurélio Campos Fontes não apresentou qualquer justificativa para a não comprovação do recebimento do cachê pelos artistas. Logo, essa irregularidade subsiste, uma vez que ela contraria o disposto na cláusula terceira, II, “pp” do Termo de Convênio nº 732.644/2010.26. Em quinto lugar, esclareço que o ex-Prefeito admitiu que a certidão negativa de débito da empresa Banna Produções não foi apresentada, contudo, ressaltou que o concedente reconheceu posteriormente que essa empresa estava regular à época. Entendo, que essa afirmação do Ministério Público, por ter sido posterior ao pagamento pelos shows realizados, não afasta o caráter irregular da conduta sob exame. Afinal, se a empresa contratada estivesse irregular, o prejuízo já teria ocorrido quando da manifestação do concedente.27. Em relação ao último ponto abordado nas razões de justificativa, o responsável alegou que, apesar de não possuir os documentos comprobatórios, teria expedido todas as notificações cabíveis sobre a celebração do convênio em tela.28. Diante disso, entendo que essa irregularidade, que contrariou o disposto no art. 58, inciso VII, da Portaria Interministerial nº 127/2008, no art. 2º da Lei nº 9.452/2007 e na cláusula terceira, II, “c” e “i” do Termo de Convênio nº 732.644/2010, também não foi afastada pelo ex-Prefeito.29. Do acima exposto, concluo que este colegiado deve julgar irregulares as contas do responsável em tela, sem imputação de débito e com a aplicação da multa prevista no art. 58 da Lei 8.443/1992, a qual arbitro em R$ 10.000,00 (dez mil reais).Com espeque nessas considerações, voto no sentido de que este colegiado aprove a minuta de acórdão que ora submeto à sua consideração.TCU, Sala das Sessões Ministro Luciano Brandão Alves de Souza, em 21 de março de 2017.BENJAMIN ZYMLERRelator","O Ministério do Turismo instaurou um processo de auditoria contra o ex-prefeito Túlio Aurélio Campos Fontes por motivo da total anulação das despesas feitas com o Convênio Siconv nº 732.644/2010, que tinha como objetivo organizar o 30º Festival Internacional de Pesca Esportiva em Cáceres.

De acordo com o convênio, R$ 326.120,00 deveriam ser transferidos para cobrir as despesas do festival. O governo federal aportou R$ 300.000,00 e o município ficou responsável por R$ 26.120,00. Os recursos federais foram depositados na conta da prefeitura em 29/6/2010, mas os R$ 16.120,00 foram devolvidos para o orçamento federal em 29/10/2010.

O convênio estava vigente de 24/4 a 23/7/2010 e deveria ter suas contas apresentadas em 30 dias. Porém, devido ao atraso na liberação dos recursos, o prazo foi estendido até 27/9/2016.

O ex-prefeito foi acusado de não comprovar a relação causal entre os pagamentos feitos à empresa Banna Produções e as despesas do festival. Ele apresentou cheques e documentos para demonstrar que os recursos transferidos foram usados para o evento.

A Prefeitura de Cáceres também foi citada solidariamente, e por isso, a acusação contra o ex-prefeito também se aplica à cidade.

Porém, o ex-prefeito foi acusado de contratar a empresa Banna Produções por inexigibilidade, o que é ilegal. A empresa não teve contrato exclusivo, o que torna a contratação irregular. Além disso, os documentos necessários para comprovar a inexigibilidade não foram publicados no Diário Oficial da União dentro do prazo estipulado.

Também foi acusado de não comprovar o pagamento dos artistas e de não apresentar certidões negativas de débito. Além disso, não houve notificação sobre a contratação e os documentos necessários não foram entregues.

Apesar das justificativas do ex-prefeito, as irregularidades persistem. A contratação por inexigibilidade é ilegal, a publicação dos documentos foi feita após o prazo, e não houve comprovação da recebimento dos artistas.

Portanto, conclui-se que as contas do ex-prefeito são irregulares, sem imputação de débito, mas com aplicação de multa prevista na Lei 8.443/1992, no valor de R$ 10.000,00.",
"Por esclarecedora, transcrevo a instrução produzida no âmbito da Secretaria de Controle Externo em Minas Gerais, que contou com o de acordo do Diretor e do Titular da unidade:  Trata-se da Tomada de Contas Especial de responsabilidade do Sr. Adimilson Bosco Chitarra, instaurada em decorrência da não-aprovação da prestação de contas relativa ao Convênio/MARA/SDR n° 118/94, por força do qual foram transferidos, pela então Secretaria de Desenvolvimento Rural, R$ 73.465,00, em 07/11/94, à Fundação de Apoio ao Ensino, Pesquisa e Extensão/MG - FAEPE, com o objetivo de aprimorar a visão estratégica de gerentes de cooperativas, aprimorar a visão logística da organização e fornecer elementos facilitadores à adoção de novas estratégias.  2. A 2ª Câmara, em Sessão de 21/2/2002, ao apreciar as alegações de defesa apresentadas pelo responsável, decidiu rejeitá-las parcialmente, uma vez que não ficou comprovado o regular emprego da totalidade dos recursos transferidos, restando não comprovada a aplicação da quantia de R$ 9.894,94 (Decisão n° 34/2002 - Segunda Câmara, fls. 206, Vol. Principal).  3. Após a cientificação do responsável (fls. 208/209), a FAEPE, por meio de seu representante legal e mediante o expediente de fls. 210/228, solicitou o parcelamento da quantia devida pelo responsável, em até 24 meses, por entender que a referida quantia correspondia a despesas da instituição da época em que o Sr. Adimilson Bosco Chitarra era Presidente de seu Conselho Deliberativo.  5. Tendo em vista o interesse demonstrado e aplicando o disposto no art. 930 do Código Civil Brasileiro, foi atendida a solicitação da Entidade, autorizando-se o parcelamento na forma requerida, conforme Decisão n° 449/2002 - Segunda Câmara, inserida na Ata n° 33/2002 (fls. 235, Vol. Principal).  6. Considerando que foi integralmente concluído o recolhimento determinado pelo Tribunal, à vista do Demonstrativo de Débito de fls. 191/200 e Controle de Recolhimentos de fls. 201(ambos deste Volume 1), as contas encontram-se em condições de serem apreciadas no mérito, sem prejuízo de que seja considerada a medida alvitrada [pela Secex] no item 3 de fls. 196 do Vol. Principal (multa) e de que seja expedida a determinação preconizada no Voto do Exmo. Sr. Ministro-Relator, condutor da Decisão n° 34/2002 - Segunda Câmara (fls. 204, Vol. Principal).  6. Do exposto, proponho que:  a) as presentes contas sejam julgadas irregulares, dando-se quitação ao responsável, ante o recolhimento integral do débito, nos termos do art. 1°, inciso I, 16, inciso III, alínea  c , 19, e 23, inciso III, c/c o art. 27 da Lei n° 8.443/92, e aplicando-se-lhe a multa prevista no art. 58, inciso I, da mesma Lei;  b) seja autorizada desde logo a cobrança judicial da dívida, nos termos do art. 28, inciso II, da Lei n° 8.443/92, caso não atendida a notificação;  c) seja determinado à Fundação de Apoio ao Ensino, Pesquisa e Extensão - FAEPE que, quando da celebração de convênios ou outros ajustes com a Administração Pública Federal, observe o disposto na legislação pertinente (Lei n° 8.666/93, IN/STN n° 1/97 e demais normativos aplicáveis).  2. O Ministério Público junto ao TCU, em parecer da lavra da Subprocuradora Maria Alzira Ferreira, manifesta-se de acordo com a proposta unânime da Secex-MG, divergindo apenas quanto ao fundamento legal do julgamento pela irregularidade, entendendo que o enquadramento deva ser no art. 16, III, b, da Lei nº 8.443/92, uma vez que, embora recolhido o valor do débito, remanescem outras irregularidades nas contas: não realização de procedimento licitatório e utilização de recursos institucionais para executar o objeto, efetuando pagamentos por meio de Notas Fiscais emitidas pela própria FAEPE.  É o Relatório.","Por esclarecer, transcrevo a instrução da Secretaria de Controle Externo em Minas Gerais, aprovada pelo Diretor e pelo responsável pela unidade: ""Trata-se da Tomada de Contas Especial do Sr. Adimilson Bosco Chitarra, iniciada por não aprovar a prestação de contas relativa ao Convênio/MARA/SDR n° 118/94, que transferiu R$ 73.465,00 para a FAEPE em 07/11/94, com o objetivo de melhorar a visão estratégica dos gerentes das cooperativas, a logística da organização e facilitar a adoção de novas estratégias"".

A segunda Câmara, em 21/2/2002, rejeitou parcialmente as defesas do responsável, pois não houve comprovação que todos os recursos foram usados corretamente, restando sem comprovar o uso de R$ 9.894,94 (Decisão n° 34/2002 - Segunda Câmara, fls. 206, Vol. Principal).

Após a notificação, a FAEPE solicitou o parcelamento da dívida em até 24 meses, pois a quantia era despesa da instituição quando o Sr. Adimilson era presidente do Conselho Deliberativo. 

Tendo em conta o interesse da entidade e aplicando o artigo 930 do Código Civil Brasileiro, autorizou-se o parcelamento conforme solicitado (Decisão n° 449/2002 - Segunda Câmara, Ata n° 33/2002, fls. 235, Vol. Principal).

Considerando que todos os débitos foram pagos, as contas podem ser analisadas, incluindo a multa prevista (fls. 196 do Vol. Principal) e a determinação do ministro-relator.

Propõe-se: 
a) Considerar as contas irregulares, quitar o responsável, conforme a lei 8.443/92 e aplicar a multa;
b) Autorizar a cobrança judicial da dívida, se não houver notificação;
c) Determinar que a FAEPE, ao celebrar convênios com a Administração Pública Federal, siga as normas vigentes (Lei 8.666/93, IN/STN n° 1/97 e outros).

O Ministério Público, junto ao TCU, concorda com a proposta, exceto no fundamento legal, entendendo que o enquadramento deve ser no artigo 16, III, ""b"", da Lei nº 8.443/92, pois, embora o débito tenha sido pago, restam irregularidades como não realização de licitação e uso de recursos institucionais para pagar com notas fiscais emitidas pela própria FAEPE.",
"ACÓRDÃO Nº 3121/2014 - TCU  1ª CâmaraPreliminarmente, registro que atuo nos presentes autos em razão de convocação para exercer as funções de Ministro, em virtude da aposentadoria do Senhor Ministro Valmir Campelo, nos termos da Portaria-TCU nº 76, de 8 de abril de 2014. Os Ministros do Tribunal de Contas da União ACORDAM, por unanimidade, com base no Acórdão nº 2100/2010 TCU Plenário e no art. 169, inciso IV do Regimento Interno/TCU, em excluir os seguintes atos de admissão do Sistema Sisac, em razão do cadastramento em duplicidade, sendo essa informação registrada no Sistema Radar, arquivar o processo, de acordo com os pareceres emitidos nos autos:1. Processo TC-009.692/2014-2 (ATOS DE ADMISSÃO) 1.1. Interessados: Alan dos Santos Costa (XXX-660.287-XX); Andreza Amaral da Silva (XXX-748.407-XX); Eber Lopes de Moraes (XXX-232.347-XX); Edson Fernandes da Silva (XXX-885.347-XX); Elizandra Martins Silva (XXX-456.557-XX); Erica Soares de Souza (XXX-441.687-XX); Mario Alves Afonso (XXX-487.027-XX); Rodrigo Cabral da Silva (XXX-863.537-XX) 1.2. Órgão/Entidade: Universidade Federal Rural do Rio de Janeiro 1.3. Relator: Ministro-Substituto Augusto Sherman Cavalcanti 1.4. Representante do Ministério Público: Procurador-Geral Paulo Soares Bugarin 1.5. Unidade Técnica: Secretaria de Fiscalização de Pessoal (SEFIP). 1.6. Advogado constituído nos autos: não há. 1.7. Determinações/Recomendações/Orientações: não há.","ACÓRDÃO Nº 3121/2014 - TCU 1ª Câmara
Preliminarmente, registro que atuo nos presentes autos por convocação para exercer as funções de Ministro, em virtude da aposentadoria do Senhor Ministro Valmir Campelo, conforme a Portaria-TCU nº 76, de 8 de abril de 2014. Os Ministros do Tribunal de Contas da União ACORDAM, por unanimidade, com base no Acórdão nº 2100/2010 TCU Plenário e no art. 169, inciso IV, do Regimento Interno/TCU, em excluir os seguintes atos de admissão do Sistema Sisac, por duplicidade no cadastramento, com a informação registrada no Sistema Radar:  

1. Processo TC-009.692/2014-2 (ATOS DE ADMISSÃO)  
   1.1. Interessados: Alan dos Santos Costa (XXX-660.287-XX), Andreza Amaral da Silva (XXX-748.407-XX), Eber Lopes de Moraes (XXX-232.347-XX), Edson Fernandes da Silva (XXX-885.347-XX), Elizandra Martins Silva (XXX-456.557-XX), Erica Soares de Souza (XXX-441.687-XX), Mario Alves Afonso (XXX-487.027-XX), Rodrigo Cabral da Silva (XXX-863.537-XX).  
   1.2. Órgão/Entidade: Universidade Federal Rural do Rio de Janeiro.  
   1.3. Relator: Ministro-Substituto Augusto Sherman Cavalcanti.  
   1.4. Representante do Ministério Público: Procurador-Geral Paulo Soares Bugarin.  
   1.5. Unidade Técnica: Secretaria de Fiscalização de Pessoal (SEFIP).  
   1.6. Advogado constituído nos autos: não há.  
   1.7. Determinações/Recomendações/Orientações: não há.",
"Em exame a tomada de contas anual do TCU referente ao exercício de 2007.  2. Conforme se verifica dos autos, no período em avaliação foram detectadas pequenas falhas formais, inexpressivas materialmente, todas já devidamente sanadas. Não existem, portanto, irregularidades que possam comprometer ou macular a gestão do Tribunal no exercício em exame. 3. Quanto ao desempenho, o resultado institucional alcançou notáveis 99% da meta prevista, o que revela o esforço realizado por dirigentes e servidores. Do mesmo modo, o índice de apreciação de processos ficou próximo do número previamente estabelecido, confirmando o compromisso desta Casa em ser cada vez mais eficiente e efetiva, respondendo aos anseios da sociedade. 4. Embora eu não tenha presenciado os fatos aqui apresentados, por não integrar esta Corte na época, não posso deixar de registrar minha admiração pela gestão empreendida durante o biênio em que foi Presidente o Ministro Walton Alencar Rodrigues, especialmente por seu legado. 5. Sob sua proficiente orientação foram aperfeiçoados e desenvolvidos projetos que abriram novos horizontes e começaram a modelar o Tribunal do futuro: mais ágil, mais efetivo, mais inteligente; caso dos projetos Atuar, Regulação, Síntese e Áquila. 6. No aspecto formal, consoante registrado nos pareceres emitidos pela Secoi e pela 3ª Secex, as presentes contas expressam, de forma clara e objetiva, a exatidão dos demonstrativos contábeis, a legalidade, a legitimidade e a economicidade dos atos de gestão praticados ao longo do exercício. 7. Assim, deverão ser julgadas regulares, com quitação plena aos responsáveis, conforme proposto em uníssono pela Unidade Técnica e pelo Ministério Público. 8. Registro, por último, minhas homenagens aos servidores do Tribunal, pois sem a sua dedicação não teria sido possível atingir esses resultados. Ante o exposto, voto no sentido de que seja adotada a deliberação que ora submeto ao Plenário.TCU, Sala das Sessões Ministro Luciano Brandão Alves de Souza, em 23 de fevereiro de 2011.JOSÉ MÚCIO MONTEIRO Relator","O TCU está analisando as contas do ano de 2007. Durante esse período, foram encontradas pequenas falhas, mas todas já foram corrigidas. Não houve problemas graves que afectem a gestão do Tribunal. O desempenho foi muito bom, atingindo quase 100% da meta prevista, mostrando o esforço dos funcionários. O processo também foi tratado de forma eficiente, conforme esperado. Apesar de não ter presenciado os fatos, respeito a gestão do Ministro Walton Alencar Rodrigues, que deixou um legado importante. Sob sua orientação, foram desenvolvidos projetos que melhoraram o Tribunal, tornando-o mais rápido, eficaz e inteligente. As contas são claras e mostram que as gestões foram legal, justas e econômicas. Acredita-se que a gestão foi regular e os responsáveis devem ser creditados. Por fim, agradece aos servidores por terem contribuído para os bons resultados. Com base nisso, apóio a decisão proposta. TCU, Sala das Sessões Ministro Luciano Brandão Alves de Souza, em 23 de fevereiro de 2011.JOSÉ MÚCIO MONTEIRO Relator.",
"VISTOS,  relatados  e  discutidos estes autos de  Tomada  de  Contas Especial  de responsabilidade de José Camilo de Souza, referentes ao exercício de 1986.      Considerando  que,  devidamente   citado,   o  responsável  não apresentou alegações de defesa;      Considerando  que,  na  Sessão  de  11/12/1991,  este  Tribunal decidiu  julgar  irregulares  as  presentes contas  e  em  débito  o responsável, pela quantia de Cz$ 100.000,00 (cem mil cruzados);      Considerando  que a Prestação de Contas do convênio em  questão foi  apresentada  intempestivamente pelo Sr. Luiz Garbelotti,  então Prefeito  Municipal  de  Carlópolis, porém em data  anterior  à  dos ofícios citatórios;      Considerando  que a Prestação de Contas foi encaminhada após  a extinção  do  MINTER,  o   que   dificultou  a  localização  daquele documento;      Considerando  que  o  Controle   Interno   aprovou  a  referida Prestação de Contas:      ACORDAM  os Ministros do Tribunal de Contas da União,  reunidos em Sessão Plenária: a) tornar  insubsistente  o  Acórdão  nº  035/91-Plenário  e  julgar    regulares  com ressalva as presentes contas, dando-se quitação ao    responsável,  com  fundamento  no art. 16, inciso II, da  Lei  nº    8.443/92,  c/c  os  arts. 18 e 23, inciso II, da  citada  Lei,  e    aplicar  ao  responsável,  Sr.  José Camilo  de  Souza,  a  multa    prevista  no art. 58 da mesma Lei, no valor de Cr$  12.507.000,00    (doze  milhões,  quinhentos  e sete mil cruzeiros), com  base  no    limite  permitido  na  legislação  então   vigente  (art.  53  do    Decreto-lei  nº  199/67) combinado com o art. 2º da  Portaria  nº    115-GP/92,  a  cujo pagamento o condenam, fixando-lhe o prazo  de    30(trinta)  dias,  a   contar   da   notificação,   para   o  seu    recolhimento aos cofres da União; b) determinar,  desde logo, nos termos do art. 28, inciso II, da Lei    nº  8.443/92,  a  cobrança  judicial  do  débito,  acrescido  dos    encargos  legais contados a partir do dia seguinte ao término  do    prazo  ora  estabelecido,  até a data do recolhimento,  caso  não    atendida a notificação, na forma da legislação em vigor; c) tornar insubsistente o Acórdão nº 036/91-Plenário; d) recomendar  à  Prefeitura Municipal de Carlópolis/PR que passe  a    apresentar  as  prestações  de   contas  relativas  aos  recursos    recebidos nos prazos fixados; e e) recomendar  à  CISET  do  Ministério   do  Bem-Estar  Social  que    intensifique  o acompanhamento da execução dos convênios firmados    pelo  Ministério, com a finalidade de melhor respaldar o  correto    julgamento das contas.","Os autos relacionados à conta especial de José Camilo de Souza, referente ao ano de 1986, foram apresentados, discutidos e analisados. Considerando que o responsável não apresentou defesa, o tribunal decidiu julgar as contas irregulares e impor uma multa de 100 mil cruzados ao responsável. A conta foi submetida em data antecedente à citação, dificultando sua localização. Apesar disso, o controle interno aprovou as contas. O tribunal decidiu: a) tornar insubsistente uma decisão anterior e julgar as contas regularmente com ressalvas, pagando o responsável; b) cobrar judicialmente o débito, incluindo encargos legais, caso o pagamento não ocorra; c) tornar insubsistente outra decisão; d) orientar a prefeitura a apresentar contas em prazos fixados; e) pedir que a CISET acompanhe melhor os convênios do Ministério.",
"Cuidam os autos de ato de aposentadoria de José Alves dos Santos, ex-servidor da Fundação Nacional de Saúde  Funasa  Coordenação Regional no Estado do Pernambuco.2. Conforme os termos do Acórdão 3.245/2010  TCU  Plenário, recentemente confirmado pelo Acórdão 587/2011  TCU  Plenário, deve ser garantido, aos beneficiários de aposentadoria cujos atos tenham sido autuados nesta Corte há mais de cinco anos, o direito ao exercício do contraditório e à ampla defesa. Nesse contexto, e considerando que o ato concessório em questão foi disponibilizado ao TCU em 18/8/2004, ou seja, há mais de 7 (sete) anos, a princípio, deveria ser garantida ao interessado a realização de tal procedimento.3. Todavia, à vista dos elementos trazidos à colação, creio que o desfecho destes autos não acarretará qualquer prejuízo ao interessado, o que torna dispensável a sua participação nos autos do processo, para fim de exercer o contraditório e a ampla defesa. Senão, vejamos:4. Primeiramente, ressalto que corroboro o entendimento externado nos pareceres da Secretaria de Fiscalização de Pessoal  Sefip e do Ministério Público/TCU, no sentido de que considerar ilegal a inclusão, no cômputo do tempo de serviço do Sr. José Alves dos Santos, de período prestado como aluno-aprendiz, porquanto ausentes as exigências contidas no Acórdão 2.024/2005  TCU  Plenário, especialmente, a documentação capaz de demonstrar o efetivo labor do então estudante na execução de encomendas recebidas pela escola.5. Contudo, peço vênias por discordar da proposta de encaminhamento contida nos pareceres, uma vez que o presente caso, conforme demonstrarei a seguir, se reveste de peculiaridades especialíssimas suficientes a ensejar a excepcionalidade consistente na aplicação do princípio da segurança jurídica em detrimento do princípio da legalidade.6. A princípio, cumpre destacar que a vigência do ato de aposentadoria em questão é de mais de 16 (dezesseis) anos (11/7/1995) e que inexiste, nestes autos, qualquer evidência de que o ex-servidor tenha dado causa à demora na apreciação do mesmo pelo Tribunal. Entretanto, importa relembrar que esta Corte, em diversos julgados tem se posicionado no sentido de que o simples transcurso do tempo não se presta a legalizar situações constituídas em desacordo com o ordenamento jurídico e que a aplicação do princípio da segurança jurídica deve cingir-se àquelas hipóteses em que há absoluta impossibilidade material de o interessado retornar à atividade, seja por já haver atingido o limite de idade para a aposentadoria compulsória (setenta anos), seja pela superveniência de doença incapacitante ao labor. A matéria foi tratada pelo Exmo. Ministro Aroldo Cedraz no voto condutor do Acórdão 713/2011. Na oportunidade, este Colegiado negou provimento a recurso interposto por ex-servidor com vistas a reformar deliberação que considerou ilegais os fundamentos de sua aposentadoria. Segue abaixo excerto do voto que fundamentou a decisão:5.6. No tocante à aplicação ao caso do princípio da segurança, em virtude do transcurso do período de mais de dez anos entre a emissão do ato e a apreciação deste pelo Tribunal, com as vênias de estilo por discordar da posição da Serur, acompanho as conclusões do Ministério Público, pelos motivos a seguir enumerados.5.7. Há que se ressaltar, em primeiro lugar, que quase a totalidade da jurisprudência do STF apontada pela Unidade Técnica para apoiar sua defesa da aplicação do princípio da segurança jurídica não diz respeito a atos de concessão de aposentadoria, reforma ou pensão, mas sim a processos de fiscalização.5.8. Naqueles julgados, a Corte Suprema de Justiça, de fato, reconheceu a impossibilidade de invalidação, pelo Tribunal, de situações pessoais constituídas há longo tempo. Tratava-se, todavia, de atos simples, aperfeiçoados há mais de cinco anos.5.9. Esse entendimento, é óbvio, não se aplica a atos de natureza complexa, como é o caso do ato de concessão de aposentadoria, reforma ou pensão, que somente se aperfeiçoa após o registro por esta Corte de Contas, conforme reconhece a jurisprudência do próprio STF (MS 25.552 e outros).5.10. Friso, também, que o Supremo Tribunal, ao apreciar mandados de segurança contra deliberações do TCU que consideraram ilegais atos de concessão publicados há mais de cinco anos, fez uso dos princípios da segurança jurídica, da boa-fé do administrado e da presunção de legalidade do ato administrativo não para considerar legais os atos apreciados, mas tão somente para justificar a necessidade de, antes da formação de um juízo sobre o mérito, ser promovida por este Tribunal a oitiva dos interessados, em homenagem também aos princípios do contraditório e da ampla defesa (MS 25.403, 25.116, 24.268, entre outros).5.11. Por outro lado, consoante apontado pelo Ministério Público, existem diversos julgados do STF em que foi negado pedido de liminar para suspender os efeitos de decisão deste Tribunal que considerou ilegal aposentadoria em razão da utilização de tempo de aluno-aprendiz sem a comprovação do labor do então estudante na execução de encomendas e da remuneração percebida, mesmo na hipótese em que o julgamento tenha ocorrido há mais de dez anos da concessão.5.12. Conforme, ainda, assinalado pelo Parquet especializado, ""No mesmo sentido, em diversos julgados, as decisões deste Tribunal pela ilegalidade de aposentadorias que envolvem o cômputo de tempo rural sem a respectiva contribuição previdenciária, ainda que tardias, são mantidas pelo STF, sob o fundamento de que a concessão de aposentadoria é ato complexo que não se aperfeiçoa enquanto não registrado pelo TCU"".5.13. Verifica-se, portanto, com base nos pronunciamento do próprio STF, que a aplicação do princípio da segurança jurídica não pode ter a extensão que pretende lhe emprestar a Serur e, com isso, legalizar, pelo simples transcurso do tempo, situações constituídas em franco desacordo com o ordenamento jurídico.5.14. Reconheço que, sempre que possível, esta Corte deve procurar resguardar situações fáticas há muito consolidadas. Mas tal procedimento não deve ser adotado de forma indiscriminada ou absoluta, desvinculada das peculiaridades de cada caso concreto e da ponderação com o princípio da legalidade. É preciso também considerar, sempre, a reversibilidade ou não da situação examinada e a monta do prejuízo causado ao interessado, fatores que, em minha opinião, devem ser os principais critérios de aferição do recurso à segurança jurídica.5.15. Assim, a aplicação do princípio da segurança jurídica em detrimento do princípio da legalidade, no exame de ato de concessão de aposentadoria, reforma ou pensão há muito publicado, deve ocorrer apenas em caso extremo, quando for irreversível a situação fática do interessado ou insuportável o prejuízo a este causado. Seriam as hipóteses, apenas para citar alguns exemplos, de morte, de ultrapassagem de idade para retorno à atividade, de inviabilidade da subsistência em razão da perda de renda ou da absoluta impossibilidade de preenchimento de algum requisito legal.7.  Dessa forma, cumpre verificar se o ato de aposentadoria ora em exame se adéqua às situações excepcionais.8. Assim sendo, e tendo em conta que o beneficiário do ato concessório em tela, Sr. José Alves dos Santos, conta, hoje, com mais de 70 (setenta) anos, penso que sua situação fática, porquanto irreversível, deverá ser preservada mediante a aplicação do princípio da segurança jurídica, julgando-se legal seu ato de aposentadoria, autorizando-lhe o respectivo registro. Pelo exposto VOTO por que o Tribunal adote o Acórdão que ora submeto à deliberação da 2ªCâmara.  TCU, Sala das Sessões Ministro Luciano Brandão Alves de Souza, em 18 de outubro de 2011.JOSÉ JORGE Relator","O texto trata de um processo sobre a aposentadoria de José Alves dos Santos, ex-servidor da Funasa. Segundo o Acórdão 3.245/2010 e confirmado pelo Acórdão 587/2011 do TCU, beneficiários de aposentadoria cujos atos foram submetidos ao TCU há mais de cinco anos devem ter direito ao contraditório e à ampla defesa. O ato em questão foi apresentado ao TCU em 2004, o que já ultrapassa sete anos, então deveria ser garantido esse direito.

No entanto, os elementos apresentados indicam que o desfecho do processo não causará prejuízo ao interessado, tornando desnecessária sua participação nos autos. A Secretaria de Fiscalização de Pessoal e o Ministério Público/TCU concordaram que a inclusão de período como aluno-aprendiz no cálculo de tempo de serviço é ilegal, pois não há documentação comprobatória do trabalho desse período.

Apesar disso, o relator discorda da posição dos outros órgãos, argumentando que o caso tem particularidades especiais e deve ser analisado com base no princípio da segurança jurídica, em detrimento do princípio da legalidade. O ato de aposentadoria data de 1995, há mais de 16 anos, e não há indícios de que o servidor tenha causado demora na apreciação pelo Tribunal.

A Corte tem posição clara de que o simples transcurso do tempo não legaliza situações desacordantes com o ordenamento jurídico. A aplicação do princípio da segurança jurídica deve ser restrita a casos excepcionais, como morte, ultrapassagem da idade para retorno à atividade, inviabilidade de subsistência ou impossibilidade de preencher requisitos legais.

Considerando que o interessado tem mais de 70 anos, sua situação é irreversível e deve ser preservada pelo princípio da segurança jurídica. Portanto, o ato de aposentadoria deve ser considerado legal e autorizado. O relator apresenta esse voto para ser deliberado pela 2ª Câmara do TCU.",
"ACÓRDÃO Nº 7440/2011 - TCU - 1ª Câmara Os Ministros do Tribunal de Contas da União ACORDAM, por unanimidade, com fundamento nos arts. 1º, inciso V, e 39, inciso II,  da Lei nº 8.443, de 16 de julho de 1992, c/c os arts. 1º, inciso VIII; 143, inciso II; 259, inciso II, e 260 do Regimento Interno, em considerar legal(ais) para fins de registro o(s) ato(s)  de concessão a seguir relacionado(s), de acordo com os pareceres emitidos nos autos:1. Processo TC-023.487/2011-9 (APOSENTADORIA) 1.1. Interessados: Carlos Alberto Rebello Sobrinho (XXX-299.307-XX); Gerson de Jesus Ferreira (XXX-289.677-XX); Marcelo de Sampaio Marques (XXX-571.027-XX); Maria Inês Duprat Avellar (XXX-717.927-XX); Wagner Duarte de Aquino (XXX-338.707-XX) 1.2. Órgão/Entidade: Comissão de Valores Mobiliários - MF 1.3. Relator: Ministro Valmir Campelo 1.4. Unidade Técnica: Secretaria de Fiscalização de Pessoal(SEFIP) 1.5. Advogado(s) constituído(s) nos autos: não há. 1.6. Determinações/Recomendações/Orientações: não há.","ACÓRDÃO Nº 7440/2011 - TCU - 1ª Câmara Os Ministros do Tribunal de Contas da União decidiram, unânimes, com base nos arts. 1º, V, e 39, II, da Lei nº 8.443/1992, junto com os arts. 1º, VIII; 143, II; 259, II, e 260 do Regimento Interno, que os atos de concessão listados são legais para registro, segundo os pareceres apresentados.

1. Processo TC-023.487/2011-9 (APOSENTADORIA)  
   1.1. Interessados: Carlos Alberto Rebello Sobrinho (XXX-299.307-XX); Gerson de Jesus Ferreira (XXX-289.677-XX); Marcelo de Sampaio Marques (XXX-571.027-XX); Maria Inês Duprat Avellar (XXX-717.927-XX); Wagner Duarte de Aquino (XXX-338.707-XX)  
   1.2. Órgão/Entidade: Comissão de Valores Mobiliários - MF  
   1.3. Relator: Ministro Valmir Campelo  
   1.4. Unidade Técnica: Secretaria de Fiscalização de Pessoal (SEFIP)  
   1.5. Advogado(s) constituído(s): não há  
   1.6. Determinações/Recomendações/Orientações: não há",
"VISTOS, relatados e discutidos estes autos em que se apreciam embargos de declaração opostos ao Acórdão 2.902/2012-TCU-Plenário.ACORDAM os Ministros do Tribunal de Contas da União, reunidos em Sessão do Plenário, ante as razões expostas pelo Relator, nos termos dos arts. 32, inciso II, e 34 da Lei nº 8.443/1992, em:9.1.conhecer dos embargos de declaração, para, no mérito, acolhê-los parcialmente; 9.2. excluir o subitem 9.8.10 do Acórdão nº 2.902/2012  Plenário;9.3.dar ciência desta deliberação aos embargantes.","VISTOS, relatados e discutidos estes autos, em que se apreciam embargos de declaração opostos ao Acórdão 2.902/2012-TCU-Plenário. ACORDAM os Ministros do Tribunal de Contas da União, reunidos em Sessão do Plenário, considerando as razões apresentadas pelo Relator, nos termos dos arts. 32, inciso II, e 34 da Lei nº 8.443/1992: 9.1. reconhecer os embargos de declaração, acolhê-los parcialmente; 9.2. excluir o subitem 9.8.10 do Acórdão nº 2.902/2012-Plenário; 9.3. informar os embargantes sobre esta decisão.",
"Trago à apreciação deste Colegiado o Relatório da Auditoria realizada na Secretaria de Estado da Saúde de Santa Catarina  SES/SC, com o objetivo de fiscalizar a aplicação de recursos repassados pelo Ministério da Saúde por meio dos Convênios ns. 2.814/2007 e 2.428/2008; objetivando a aquisição de equipamentos e material permanente para o Hospital Regional Terezinha  Gaio Basso em São Miguel do Oeste/SC e para o Hospital Governador Celso Ramos em Florianópolis/SC, respectivamente.2. Consoante relato da equipe da Secretaria de Controle Externo de Santa Catarina  Secex/SC encarregada dos trabalhos, foram detectadas as seguintes ocorrências, em síntese:2.1. remanejamento de equipamentos adquiridos pelo Convênio n. 2.814/2007, originariamente destinados ao Hospital Regional Terezinha Gaio Basso de São Miguel do Oeste/SC, para outros estabelecimentos hospitalares da rede estadual;2.2. aquisição e pagamento de materiais em quantitativo superior ao previsto no Plano de Trabalho;2.3. não-localização de alguns bens adquiridos por intermédio das avenças;2.4. existência de bens sem identificação patrimonial;2.5. aquisição e pagamento de material não-localizado em Plano de Trabalho;2.6. compra de equipamentos e materiais a preços unitários acima dos previstos nos Planos de Trabalho.3. No tocante ao mérito, considerando que os ajustes fiscalizados ainda estão vigentes, a unidade técnica propôs medidas dirigidas sobretudo ao Órgão Repassador, especificamente ao Núcleo Estadual do Ministério da Saúde em Santa Catarina  Núcleo/MS-SC, a fim de instá-lo a regularizar as falhas e/ou irregularidades identificadas nesta Auditoria, adotando providências como a glosa de valores ou mesmo a sua devolução, quando a ocorrência não for passível de correção pelo Convenente.4. Tendo em vista tratar-se de fiscalização incidente sobre convênios ainda em fase de execução, com a possibilidade de correção da maior parte das ocorrências apuradas, concordo com o exame da unidade técnica e acolho, em essência, o encaminhamento por ela sugerido, com pequenos ajustes de forma que entendo necessários.5. Quanto às falhas em si, parece-me que, de fato, a maior parte delas ainda está em tempo de ser corrigida, seja pelo Repassador, seja pelo Convenente, antes de se emitir um juízo sobre a sua reprovabilidade ou de se determinar a instauração de Tomada de Contas Especial.6. A propósito, observo que o remanejamento de equipamentos originariamente destinados ao Hospital Regional Terezinha Gaio Basso para outros estabelecimentos hospitalares do Estado, embora possa configurar, em análise estrita, descumprimento do Plano de Trabalho, tem justificativa plausível consistente no fato de que aquele nosocômio se encontra em obras e, portanto, ainda sem condições físicas de receber tais equipamentos.7. A sua utilização provisória em outros hospitais, em verdade, denota a preocupação de se conferir máximo aproveitamento ao bem já adquirido e, em última análise, cumpre à finalidade pactuada ao servir à população de Santa Catarina.8. Também a aquisição de equipamentos em quantitativo superior ao aprovado, conquanto vá de encontro ao que originariamente entabulado, pode vir a ser devidamente esclarecida pela SES/SC ou mesmo ser objeto de revisão do correspondente Plano de Trabalho, por isso a pertinência de se determinar a regularização da falha.9. A mesma sorte têm as impropriedades descritas nos itens 2.3, 2.4 e 2.5 acima, eis que a não-localização de alguns bens não significa que não tenham sido adquiridos, pois o fato de ambos os hospitais beneficiados estarem em obras dificulta, por vezes, o armazenamento no próprio local. Assim, tais itens podem ser oportunamente encontrados, pondo fim a esse ponto da auditoria.10. A situação dos bens sem identificação patrimonial é também corrigível mediante a sua correspondente identificação, a aposição de placa com o seu número de patrimônio e o respectivo registro no sistema de gerenciamento patrimonial do órgão.11. Por fim, a questão que merece maior atenção por parte do Ministério da Saúde diz respeito à aquisição de equipamentos e materiais a preços unitários acima dos previstos nos Planos de Trabalho.12. Conquanto não se possa, a priori, concluir pela existência de sobrepreço, até porque há item em que a diferença é de 1%, dentro de margem de oscilação do mercado, observo que não foi analisada a adequabilidade dos preços constantes do Plano de Trabalho com os efetivamente praticados no mercado, razão pela qual deve aquele Órgão Repassador proceder a novo exame dos preços contratados e pagos e, se for o caso, providenciar a devolução dos valores eventualmente glosados, ou, ainda, justificar a sua aceitação. Com essas considerações, manifesto-me por que seja adotada a deliberação que ora submeto a este Colegiado.     T.C.U., Sala das Sessões, em 07 de dezembro de 2011. MARCOS BEMQUERER COSTARelator","Trago à sua atenção o relatório da auditoria realizada na Secretaria de Estado da Saúde de Santa Catarina (SES/SC), com objetivo de verificar como os recursos do Ministério da Saúde foram usados nos convênios 2.814/2007 e 2.428/2008, para a compra de equipamentos e materiais em dois hospitais do Estado. Foram encontradas algumas irregularidades, como: equipamentos sendo remanejados para outros hospitais, compra de materiais em quantidade maior que prevista, bens não localizados, falta de identificação de alguns itens, e aquisição de material sem estar no plano de trabalho. Também foi observado que alguns equipamentos foram comprados a preços acima dos previstos.

Considerando que os convênios ainda estão em andamento, a unidade técnica propôs medidas para regularizar as irregularidades, principalmente com o órgão que envia os recursos. Acredita-se que a maioria das falhas pode ser corrigida antes de se decidir sobre a reprovabilidade ou iniciar uma nova auditoria especial.

Alguns pontos, como o remanejamento de equipamentos, têm justificativa porque o hospital está em obras e não pode receber os itens. A utilização provisória em outros hospitais é uma forma de usar melhor os recursos. A compra de materiais em quantidade maior pode ser revisada, e as irregularidades em relação à localização dos bens podem ser resolvidas com a identificação adequada.

A aquisição de equipamentos a preços acima do previsto requer uma nova verificação para garantir que os valores estejam dentro da realidade do mercado. Por fim, acredita-se que as medidas propostas sejam válidas e devem ser adotadas.",
"Recurso de Revisão interposto contra o Acórdão n° 812/2002, mantido pelos Acórdãos n° 236/2004 (Rec. Recons.), e n° 1.307/2004 (Embargos), todos da 1ª Câmara. TCE do Sr. Francisco de Assis Neves Nóbrega (ex-Prefeito - falecido), julgada irregular e o seu espólio condenado ao pagamento da quantia de Cr$ 900.000,00, atualizada monetariamente e acrescida dos encargos legais cabíveis, ante a falta de prestação de contas dos recursos transferidos ao Município pelo extinto Ministério da Ação Social. Alegações de defesa e juntada de novos documentos capazes de comprovar a correta aplicação do repasse. Conhecimento. No mérito, dar-lhe provimento, tornando insubsistentes os Acórdãos vergastados. Julgar regulares com ressalva a presente TCE, dando-se quitação ao responsável. Envio ao atual Prefeito de Monteiro/PB de cópia do Acórdão bem como do Relatório e Voto que o fundamentam, para conhecimento. Ciência à recorrente da deliberação do TCU e do Relatório/Voto que a fundamentam.","Recurso de Revisão contra o Acórdão 812/2002, que foi mantido pelos Acórdãos 236/2004 (Rec. Recons.) e 1.307/2004 (Embargos), todos da 1ª Câmara. O TCE condenou o Sr. Francisco de Assis Neves Nóbrega (ex-Prefeito, falecido) a pagar Cr$ 900.000,00, atualizados e com encargos legais, por não ter apresentado contas corretas sobre recursos transferidos ao Município pelo extinto Ministério da Ação Social. O réu alegou que tinha aplicado corretamente os recursos e juntou documentos comprobatórios. O recurso foi acatado, anulando os Acórdãos anteriores. O TCE considerou o processo regular, mas com ressalvas, e deu quitação ao responsável. O Acórdão foi encaminhado ao novo Prefeito de Monteiro/PB, junto com o Relatório e Voto, para conhecimento. A recorrente também foi informada sobre a decisão do TCU e os documentos que a fundamentam.",
"Conforme mencionado no Relatório supra, trata-se de recurso de revisão interposto pelo  Sr. Esmeraldo Costa Santos, ex-Prefeito do município de Itapebi/BA, contra o Acórdão n.º 458/2007  2ª Câmara, por meio do qual foi condenado em débito e apenado com multa do art. 57 da Lei nº 8.443/1992, em virtude de omissão no dever de prestar contas dos recursos transferidos por força do Convênio nº 750561/2003, celebrado entre o citado município e o Fundo Nacional de Desenvolvimento da Educação  FNDE, que tinha por objeto viabilizar a aquisição de veículo de transporte escolar.2. O recurso de revisão apresentado pelo responsável merece ser conhecido, pois atende aos requisitos de admissibilidade para essa espécie recursal.3. Quanto ao mérito, endosso, em essência, a proposta de encaminhamento formulada pelo Sr. Secretário em sua última manifestação transcrita no Relatório supra, que mereceu a anuência do MP/TCU. Isso porque a documentação trazida aos autos pelo ex-Prefeito é suficiente para comprovar a aplicação dos recursos repassados, por meio do citado convênio, na finalidade acordada.  Veja-se que o responsável trouxe aos autos cópias de extratos bancários, nota fiscal, cheque e certificado de registro e licenciamento do veículo adquirido. 4. Embora alguns documentos exigidos no termo de convênio para fins de prestação de contas não tenham sido apresentados, entendo que aqueles por ele trazidos são bastantes para atestar a correta aplicação dos recursos repassados ao município. Especialmente porque os acima citados documentos guardam compatibilidade com o objeto do convênio e com a data estipulada para sua execução. A falta das peças indicadas pela Unidade Técnica pode, por isso, ser considerada falha formal. 5. Além disso, nos exatos termos do despacho do Sr. Secretário, o pagamento parcial de despesas com recursos de convénio, por si. não impede o estabelecimento do nexo. Ademais, no presente caso, noto que a documentação colacionada pelo ex-Prefeito em seu recurso comprova a aplicação da verba convenial na finalidade proposta. conforme cópias de extratos bancários, nota fiscal, cheque e Certificado de Registro e Licenciamento de Veículo consentâneos com o objeto do convénio e com a época dos fatos (fls. 27/31 do Anexo 2).6. A apresentação tardia das contas, porém, desacompanhada de motivo que justifique essa intempestividade dá ensejo, consoante recentes julgado desta Corte, ao julgamento pela irregularidade das contas do responsável. Veja-se, a propósito, que foi realizada diligência ao responsável alertando-o de que o provimento de seu recurso de revisão dependeria não somente da comprovação da correta aplicação dos recursos repassados ao município, mas também da apresentação de motivos consistentes, devidamente provados, da ocorrência de circunstâncias que justificassem essa intempestividade. 7.  Em resposta, o responsável alegou que teria apresentado a prestação de contas do Convênio 750561/2003 ao Tribunal de Contas dos Municípios no mês 06/2004, e não ao MEC/FNDE. E que: Notificado por este último da ausência de prestação de contas (na pessoa de uma servidora municipal), o mesmo não foi cientificado pela servidora que, provavelmente, encaminhou a notificação à contabilidade municipal. Portanto, luzido está que o réu somente foi notificado quando da notificação do TCU no processo de Tomada de Contas Especial, do qual ficou impossibilitado de apresentar a documentação em tempo hábil, em virtude da negativa de apresentação dos documentos pelo atual prefeito. 8.  O recorrente, porém, não trouxe aos autos elementos probatórios que sinalizassem a fidedignidade de suas alegações. Não se pode, por isso, reconhecer a ocorrência de circunstância que justificasse o referido retardo. Assim sendo, quanto a essa questão, entendo que merecem prevalecer os pronunciamentos uniformes contidos nos autos, no sentido de que restou configurada a referida omissão no dever de prestar contas. 9.  Pelos motivos acima enunciados e em conformidade com a manifestação do Sr. Secretário e do MP/TCU, impõe-se conceder provimento parcial ao recurso sob exame, com o intuito a afastar o débito que lhe fora imputado, alterar a fundamentação da multa para art. 58, inciso I, da Lei nº 8.443/1992 e reduzir seu valor para R$ 2.000,00.  Ante o exposto, Voto no sentido de que seja adotado o Acórdão que ora submeto a este Plenário. TCU, Sala das Sessões Ministro Luciano Brandão Alves de Souza, em 22 de setembro de 2010.BENJAMIN ZYMLER Relator","Conforme mencionado no relatório, o Sr. Esmeraldo Costa Santos, ex-prefeito de Itapebi/BA, interpôs um recurso de revisão contra o acórdão 458/2007, na 2ª Câmara. Ele foi condenado por não prestar contas dos recursos transferidos pelo Convênio 750561/2003 com o FNDE, que tinha como objetivo a aquisição de um veículo escolar.

O recurso merece ser conhecido porque atende aos requisitos para esse tipo de recurso. Em relação ao mérito, concordo com a proposta do Sr. Secretário, que foi acatada pelo MP/TCU. O ex-prefeito apresentou documentos como extratos bancários, nota fiscal, cheques e certificados que comprovam o uso dos recursos conforme acordado.

Embora alguns documentos não tenham sido apresentados, os que foram trazidos são suficientes para mostrar que os recursos foram aplicados corretamente. A falta de outros documentos pode ser considerada uma falha formal. Além disso, a apresentação parcial das contas não impede o estabelecimento do nexo, e os documentos apresentados comprovam a aplicação dos recursos na finalidade acordada.

O ex-prefeito alegou que já apresentou as contas ao Tribunal de Contas dos Municípios em 2004, mas não ao MEC/FNDE. Ele disse que não foi informado sobre a ausência de contas por falta de documentos. No entanto, não houve elementos probatórios para comprovar essa justificativa.

Portanto, a omissão no dever de prestar contas configura uma irregularidade. Por esses motivos, concedo parte do recurso: afasto o débito, mudo a multa para o artigo 58, inciso I, da Lei 8.443/1992 e reduzo seu valor para R$ 2.000,00. Voto pelo acórdão apresentado.",
"Desde logo manifesto minha concordância quanto à proposta de encaminhamento da unidade técnica, no sentido do julgamento pela irregularidade das contas, com imputação de débito no valor dos repasses ocorridos em 1997 e 1998, além da aplicação da multa prevista no art. 57 da Lei Orgânica/TCU.  2. Ao não apresentar a prestação de contas, o responsável ignorou dever legal (art. 93 do Decreto-lei 200, de 25 de fevereiro de 1967) e constitucional (parágrafo único do art. 70 da Constituição Federal), bem como deixou de comprovar a correta aplicação dos recursos, o que configura a existência de débito e enseja o julgamento pela irregularidade das contas.  3. Suas alegações de defesa não se prestam a justificar a não-comprovação da boa e regular aplicação dos recursos públicos federais que lhe foram confiados, persistindo a ausência de documentos relativos à prestação de contas e, portanto, sua omissão no dever legal e constitucional.  4. Conforme farta jurisprudência desta Corte de Contas, compete ao gestor o ônus de comprovar a boa e regular aplicação dos recursos recebidos por força de convênio. Decorre ele do disposto no art. 70, parágrafo único, da Constituição Federal, no art. 93 do Decreto-lei 200/67 e das próprias cláusulas estabelecidas no instrumento. Importa salientar, nesse sentido, que essa obrigação não foi satisfeita, apesar das oportunidades concedidas pelo FNDE e pelo Tribunal para tanto.  5. Nesse contexto, anote-se que a alegação de empobrecimento não é justificativa suficiente a suprir a omissão no dever de prestar contas, bem como não afasta a competência deste Tribunal para julgamento de suas contas, as quais, nos termos do art. 16, inciso III, alínea a, c/c o art. 19, caput, da Lei 8.443/1992, devem ser consideradas irregulares, havendo-se que condenar o responsável ao recolhimento do débito correspondente aos recursos que geriu, bem como aplicar-lhe a multa prevista no art. 57 da mesma lei.  6. Dessarte, entendo que não ficou caracterizada a boa-fé do responsável, o que leva, desde logo, ao julgamento definitivo pela irregularidade destas contas, conforme prevê o art. 202, § 6º, do RI/TCU.  7. Considerando o dever constitucional deste Tribunal, de representar ao poder competente sobre irregularidades ou abusos apurados no exercício de suas atribuições funcionais (art. 71, inciso XI), entendo que, adicionalmente, deva ser remetida cópia da documentação pertinente ao Ministério Público da União, para o ajuizamento das ações que entender cabíveis, com base no art. 209, § 6º, in fine, do Regimento Interno/TCU.  Diante do exposto, acolho os pareceres da unidade técnica e do Ministério Público e VOTO por que o Tribunal aprove o acórdão que ora submeto à apreciação deste Colegiado.  Sala das Sessões, em 21 de novembro de 2006.  Augusto Sherman Cavalcanti  Relator","Manifesto minha concordância com a proposta de encaminhamento da unidade técnica, que diz respeito ao julgamento das contas como irregulares, com imputação de débito pelo valor dos repasses em 1997 e 1998, além da aplicação da multa prevista no art. 57 da Lei Orgânica/TCU.

O responsável não apresentou as contas, o que mostra que ele ignora deveres legais (art. 93 do Decreto-lei 200/67) e constitucionais (parágrafo único do art. 70 da Constituição Federal), e também não comprovou a correta aplicação dos recursos, o que configura a existência de débito e justifica o julgamento das contas como irregulares.

Suas defesas não explicam por que não comprovaram a boa e regular aplicação dos recursos públicos federais confiados a ele, mesmo diante da ausência de documentos relacionados às contas e da omissão no dever legal e constitucional.

Conforme a jurisprudência desta Corte, o gestor deve comprovar a boa e regular aplicação dos recursos recebidos por convênio. Isso está previsto no art. 70, parágrafo único, da Constituição Federal, no art. 93 do Decreto-lei 200/67 e nas cláusulas do instrumento. A obrigação não foi cumprida, apesar das oportunidades fornecidas pelo FNDE e pelo Tribunal.

A alegação de empobrecimento não é uma justificativa suficiente para explicar a omissão no dever de prestar contas, nem afasta a competência do Tribunal para julgar as contas. Como previsto no art. 16, inciso III, alínea ""a"", c/c o art. 19, caput, da Lei 8.443/1992, as contas devem ser consideradas irregulares, e o responsável deve pagar o débito correspondente aos recursos geridos e pagar a multa prevista no art. 57 da mesma lei.

Assim, não se caracteriza a boa-fé do responsável, o que leva ao julgamento definitivo das contas como irregulares, conforme prevê o art. 202, § 6º, do RI/TCU.

Considerando o dever constitucional deste Tribunal de representar ao poder competente sobre irregularidades ou abusos (art. 71, inciso XI), entendo que também deve ser remetida cópia da documentação ao Ministério Público da União, para que ele aja com base no art. 209, § 6º, in fine, do Regimento Interno/TCU.

Diante do exposto, acolho os pareceres da unidade técnica e do Ministério Público e VOTO por que o Tribunal aprove o acórdão que submeto à apreciação deste Colegiado.

Sala das Sessões, em 21 de novembro de 2006.

Augusto Sherman Cavalcanti
Relator",
Prestação de Conta. Royalties. Prefeitura Municipal de São Pedro  da Aldeia RJ. Aplicação dos recursos no mercado financeiro.  Rendimentos não apropriados como receita. Pagamento de juros sobre  saldo devedor de conta bancária. Alegações de defesa já rejeitadas.  Recolhimento parcial do débito. Contas irregulares. Débito.,"Prestação de Contas. Royalties. Prefeitura de São Pedro da Aldeia, RJ. Uso dos recursos no mercado financeiro. Rendimentos não considerados como receita. Pagamento de juros sobre o saldo devedor da conta bancária. Argumentos já rejeitados. Pagamento parcial da dívida. Contas irregulares. Débito.",
"ACÓRDÃO 1542/2005  - Plenário - TCU  Os Ministros do Tribunal de Contas da União, reunidos em Sessão Plenária, em 5/10/2005, ACORDAM, por unanimidade, com fundamento no inciso V do art. 143 do Regimento Interno, aprovado pela Resolução nº 155/2002 e no art. 18 da Resolução TCU nº 02/93, c/c o enunciado 145 da Súmula da Jurisprudência predominante do TCU e com o inciso I, art. 463 do Código de Processo Civil, em autorizar a Secretaria de Controle Externo competente a apostilar a Decisão proferida no processo a seguir relacionado, para fins de correção de erro material, de acordo com os pareceres emitidos nos autos, mantendo-se os demais termos do instrumento legal, ora retificado e fazendo-se as determinações sugeridas nos autos.  Ministério do Trabalho e Emprego  01 - TC 010.275/2001-4  Classe de Assunto : I  Natureza: Recurso de Revisão  Recorrente: Ministério Público Junto ao Tribunal de Contas da União  Entidade: Fundação Jorge Duprat Figueiredo de Segurança e Medicina do Trabalho - FUNDACENTRO  Determinações:  1. - retificar o Acórdão 1168/2005  - Plenário - TCU, no item 9.4, onde consta o nome do responsável como sendo Antônio José Torquato, quando o correto é Antônio Sérgio Torquato;  2. - promover o desapensamento do TC 013.153/2003-1.","ACÓRDÃO 1542/2005 – Plenário – TCU. Os Ministros do Tribunal de Contas da União, reunidos em sessão plenária em 5/10/2005, decidiram, por unânime, autorizar a Secretaria de Controle Externo a registrar a decisão do processo citado, para corrigir um erro material. A decisão foi baseada em normas internas e jurisprudência do TCU, mantendo os outros termos da decisão. O processo envolve o Ministério do Trabalho e Emprego, com o recurso de revisão apresentado pela Procuradoria junto ao TCU. A entidade envolvida é a Fundacento. Foram determinadas duas correções: 1) corrigir o nome do responsável em uma decisão anterior, de Antônio José Torquato para Antônio Sérgio Torquato; 2) cancelar um processo pendente (TC 013.153/2003-1).",
"Lê-se na peça apresentada que o responsável usou como fundamento de admissibilidade do recurso o art. 35 da Lei nº 8.443/92, cujo caput diz: De decisão definitiva caberá recurso de revisão ao Plenário (...).  2. Mas a mesma lei cuidou de explicar precisamente o que se deve entender por decisão definitiva, conforme o § 2º do art. 10: Definitiva é a decisão pela qual o Tribunal julga as contas regulares, regulares com ressalva, ou irregulares.  3. De maneira harmônica, o art. 32 da lei dispõe sobre o cabimento do recurso de revisão apenas em processo de tomada ou prestação de contas.  4. Como o presente processo é de auditoria, não houve julgamento de contas, e portanto o recurso de revisão não pode ser cogitado.  5. Recurso aplicável neste caso é exclusivamente o pedido de reexame, previsto no art. 48 da Lei nº 8.443/92. Todavia, o recorrente já se valeu desse caminho, com os mesmos propósitos de agora, não tendo tido sucesso, como se nota do Acórdão nº 1.684/2003-Plenário. De acordo com o art. 33 da referida lei, c/c o parágrafo único do art. 48, o pedido de reexame pode ser interposto uma só vez.  6. Por outro lado, conquanto reconheça que a última deliberação proferida nestes autos, o Acórdão nº 82/2006-Plenário, em sede de monitoramento, admitiu afastar parcela do sobrepreço apurado de início no Contrato PJ nº 007/99, a irregularidade mesmo assim existiu, significativamente, pois remanesceram R$ 3.568.726,15 desconformes com os preços de mercado, os quais deverão ser ajustados ou descontados das faturas de serviços seguintes. Isto é, o motivo da apenação do responsável que neste momento intenta novo recurso continuou válido.  7. Em suma, a peça apresentada não deve ser conhecida como recurso, mas como mera petição, que também não pode prosperar, visto que a matéria está julgada, sem a possibilidade da pretendida reabertura da discussão.  Diante do exposto, voto por que o Tribunal adote o acórdão que ora submeto ao Plenário.  TCU, Sala das Sessões, em 14 de fevereiro de 2007.  MARCOS VINICIOS VILAÇA  Ministro-Relator","O texto diz que o responsável usou a Lei 8.443/92 para dizer que o recurso pode ser feito. Segundo a lei, o recurso de revisão só é permitido em certos processos, como os de tomada ou prestação de contas. No caso do processo de auditoria, não há julgamento das contas, então o recurso de revisão não é válido. O tipo de recurso que pode ser usado é o pedido de reexame, mas já foi feito e não deu certo. Apesar disso, a irregularidade continua existindo, pois ainda há valores que devem ser ajustados. Por fim, o recurso não deve ser aceito, pois a questão já está resolvida. O Tribunal deve adotar o acórdão apresentado.",
"VISTOS, relatados e discutidos estes autos de Tomada de Contas Especial de responsabilidade da Srª Vanda de Barros Almeida (ex-empregada), instaurada em razão de irregularidades praticadas no exercício da função de Chefe da Agência de Correios Riachuelo/RJ, consistentes na ausência e retardo da escrituração de lançamentos de entrada de numerários no movimento financeiro da unidade, ocasionado a indevida apropriação dos respectivos valores e do ganho decorrente da desvalorização monetária.  Considerando que, regularmente citada, a responsável apresentou alegações de defesa, as quais, todavia, não se prestaram a afastar as provas produzidas nos autos dando conta da sua participação nos fatos que deram causa aos prejuízos impostos aos Correios;  Considerando que, nos termos do art. 3º da Decisão Normativa TCU nº  35/2000, se não configurada a boa-fé do responsável, o Tribunal proferirá, desde logo, o julgamento definitivo de mérito pela irregularidade das contas;  Considerando que, como é típico no caso de alcance, restou comprovada nos autos a má-fé da responsável;  ACORDAM os Ministros do Tribunal de Contas da União, reunidos em Sessão Plenária, com fundamento nos arts. 1°, inciso I, 16, inciso III, alínea d, c/c os arts. 19 e 23, inciso III, da Lei n° 8.443/92, em:   a) julgar irregulares as presentes contas e em débito a Srª Vanda de Barros Almeida, condenando-a ao pagamento dos valores a seguir discriminados, acrescidos de atualização monetária e juros de mora a partir de suas respectivas datas e até a data do efetivo pagamento, nos termos da legislação em vigor, abatendo-se na oportunidade os valores já ressarcidos, fixando-lhe o prazo de 15 (quinze) dias, a contar da notificação, para que comprove perante este Tribunal (art. 165, inciso III, alínea a, do Regimento Interno), o seu recolhimento aos cofres da Empresa Brasileira de Correios e Telégrafos:   VIDE QUADRO NO DOCUMENTO ORIGINAL  b) autorizar, desde logo, nos termos do art. 28, inciso II, da Lei n° 8.443/92, a cobrança judicial da dívida, caso não atendida a notificação; e  c) autorizar a remessa de cópia dos autos bem como do presente Acórdão, acompanhado do Relatório e do Voto que o fundamentam, ao Ministério Público da União para adoção das providências que julgar pertinentes, tendo em vista o disposto no art. 16, § 3°, da Lei n° 8.443/92; e  d) determinar à Empresa Brasileira de Correios e Telégrafos, caso ainda não efetivada, a inclusão do nome da responsável no Cadastro Informativo de Créditos não Quitados de Órgãos e Entidades Federais - CADIN.","Os autos foram vistos, relatados e discutidos por causa de irregularidades cometidas pela Srª Vanda de Barros Almeida (ex-empregada), que era chefe da Agência de Correios Riachuelo/RJ. As irregularidades envolvem a ausência e atraso na escrituração de lançamentos de dinheiro no financeiro da unidade, o que causou a indevida posse dos valores e ganhos por desvalorização monetária. A responsável foi notificada e apresentou defesas, mas não conseguiu mostrar que as provas não comprovavam sua participação nos fatos. Segundo a lei, se ela não agiu em boa-fé, o tribunal condena imediatamente pela irregularidade. Comprova-se que ela agiu com má-fé. Portanto, os Ministros do Tribunal de Contas decidiram: 1) declarar as contas irregulares e condenar a responsável ao pagamento de valores, com juros e atualização monetária; 2) autorizar a cobrança judicial se não houver pagamento; 3) enviar cópias dos autos ao Ministério Público; 4) incluir o nome da responsável no Cadastro Informativo de Créditos não Quitados.",
"VISTOS, relatados e discutidos estes recursos de reconsideração interpostos por Derli Antônio Donin, ex-prefeito do município de Toledo/PR, e pela empresa Castelo Comércio de Alimentos Ltda. contra o Acórdão 1.199/2014-TCU-Plenário, que julgou tomada de contas especial instaurada pelo Fundo Nacional de Desenvolvimento da Educação (FNDE). ACORDAM os Ministros do Tribunal de Contas da União, reunidos em Sessão do Plenário, diante das razões expostas pelo Relator, em: 9.1. com fundamento nos arts. 32, inciso I, e 33 da Lei 8.443/1992, conhecer do presente recurso de reconsideração, para, no mérito, negar-lhe provimento, mantendo inalterado o Acórdão 1.199/2014-TCU-Plenário; 9.2. dar ciência do inteiro teor desta deliberação aos recorrentes.","VISTOS, relatados e discutidos os recursos de reconsideração interpostos por Derli Antônio Donin, ex-prefeito de Toledo/PR, e pela empresa Castelo Comércio de Alimentos Ltda., contra o Acórdão 1.199/2014-TCU-Plenário, que rejeitou a tomada de contas especial realizada pelo FNDE. ACORDAM os Ministros do Tribunal de Contas da União: 9.1. Conhecer do recurso com base nos arts. 32, inciso I, e 33 da Lei 8.443/1992, mas negar-lhe provimento, mantendo o Acórdão 1.199/2014-TCU-Plenário; 9.2. Informar os recorrentes sobre a decisão completa.",
"ACÓRDÃO: Os Ministros do Tribunal de Contas da União, reunidos na 2ª Câmara, na Sessão de 17/6/1999, ACORDAM,  por  unanimidade, com fundamento nos arts. 1º, inciso I; 16, inciso II; 18 e 23, inciso II, da Lei nº 8.443/92, c/c os arts. 70,  inciso IV;  73 e 79 do Regimento Interno, aprovado  pela Resolução Administrativa  nº 15/93,  em julgar as contas a seguir relacionadas  regulares  com  ressalva,  dar quitação aos responsáveis, e  mandar  fazer as determinações sugeridas, na forma proposta pelo Ministério Público:  MINISTÉRIO DA EDUCAÇÃO E DO DESPORTO  01 - TC 225.151/98-7  Classe de Assunto : II - Prestação de Contas   Responsáveis : Heraldo de Oliveira Gomes e demais arrolados à fl. 2  Entidade : Escola Agrotécnica Federal de São Gabriel da Cachoeirinha - AM  Exercício : 1997  02 - TC 300.070/98-5  Junto : TC-300.095/98-8  Classe de Assunto : II - Prestação de Contas   Responsáveis : Roberto Fernando Fermo e demais arrolados à fl. 1  Entidade : Escola Agrotécnica Federal de Colatina - ES  Exercício : 1997  TOMADA DE CONTAS  ACÓRDÃO: Os  Ministros  do  Tribunal  de  Contas  da  União, reunidos na 2ª Câmara, em Sessão de 17/6/1999, ACORDAM, por  unanimidade, com fundamento nos arts. 1º,  inciso I; 16,  inciso I;  17 e 23, inciso I, da Lei nº 8.443/92, c/c os arts. 70, inciso IV;  73 e 79  do Regimento Interno, aprovado pela Resolução Administrativa nº 15/93, em julgar as contas a seguir relacionadas regulares e dar quitação  plena aos responsáveis, de acordo com os pareceres emitidos nos autos:  MINISTÉRIO DA AGRICULTURA E DO ABASTECIMENTO  01 - TC 004.157/99-0  Classe de Assunto: II - Tomada de Contas  Responsáveis: Solismar Dame Prestes e demais arrolados às fls. 2/5  Unidade: 8º Distrito de Meteorologia de Porto Alegre - RS  Exercício: 1998  MINISTÉRIO DAS COMUNICAÇÕES  01 - TC 004.115/99-6  Classe de Assunto : II - Tomada de Contas   Responsáveis : Eduardo Graziano e demais arrolados às fls. 1/4  Unidade : Delegacia do Ministério das Comunicações em São Paulo  Exercício : 1998  ACÓRDÃO: Os  Ministros  do  Tribunal  de  Contas  da  União, reunidos na 2ª Câmara, em Sessão de 17/6/1999, ACORDAM, por  unanimidade,  com  fundamento nos arts. 1º, inciso I; 16, inciso II; 18 e 23, inciso II,  da Lei nº 8.443/92, c/c os arts. 70, inciso IV; 73 e 79 do Regimento Interno, aprovado  pela Resolução Administrativa  nº 15/93, em julgar as contas a seguir relacionadas regulares com ressalva,  dar quitação aos responsáveis e mandar fazer as determinações sugeridas nos pareceres emitidos nos autos:  MINISTÉRIO DA AGRICULTURA E DO ABASTECIMENTO  01 - TC 005.122/99-6  Classe de Assunto : II - Tomada de Contas   Responsáveis : Alino Zavarise Bis e demais arrolados à fl. 1  Unidade : Comissão Executiva do Plano da Lavoura Cacaueira em Altamira- PA  Exercício : 1998  MINISTÉRIO DAS COMUNICAÇÕES  01 - TC 004.302/99-0  Classe de Assunto : II - Tomada de Contas   Responsáveis : Adernoel Viana Querino, Fernando Antonio Ornelas de Almeida e demais arrolados às fls. 1/4  Unidade : Delegacia do Ministério das Comunicações em Sergipe  Exercício : 1998","Os Ministros do Tribunal de Contas da União, reunidos na 2ª Câmara em 17/6/1999, decidiram, por unanimidade, baseando-se em artigos da Lei 8.443/92 e do Regimento Interno, que as contas apresentadas são regulares com ressalvas. Eles determinaram que os responsáveis devem ser quitados e que as recomendações feitas pelo Ministério Público devem ser cumpridas.

Ministério da Educação e do Esporte:
- TC 225.151/98-7: Contas regulares com ressalvas para a Escola Agrotécnica Federal de São Gabriel da Cachoeirinha (AM) em 1997.
- TC 300.070/98-5: Contas regulares com ressalvas para a Escola Agrotécnica Federal de Colatina (ES) em 1997.

Ministério da Agricultura e do Abastecimento:
- TC 004.157/99-0: Contas regulares para o 8º Distrito de Meteorologia de Porto Alegre (RS) em 1998.
- TC 005.122/99-6: Contas regulares para a Comissão Executiva do Plano da Lavoura Cacaueira em Altamira (PA) em 1998.

Ministério das Comunicações:
- TC 004.115/99-6: Contas regulares para a Delegacia do Ministério das Comunicações em São Paulo em 1998.
- TC 004.302/99-0: Contas regulares para a Delegacia do Ministério das Comunicações em Sergipe em 1998.",
"Trata-se de processo consolidado de atos de concessão de pensão civil de interesse dos dependentes de ex-servidores vinculados ao C. Superior Tribunal de Justiça - STJ, com parecer do Controle Interno pela legalidade.  2. Constituído o processo por intermédio do Sistema Sisac, nos moldes estabelecidos na Instrução Normativa TCU 44/2002, o Sr. Analista responsável pela instrução do feito no âmbito da Secretaria de Fiscalização de Pessoal - Sefip, lançou a instrução de fls. 20/21, a seguir reproduzida:  Relatório  Versam estes autos sobre pensões civis de instituidores do quadro de pessoal do Superior Tribunal de Justiça, cujos atos foram encaminhados a este Tribunal, por intermédio do sistema Sisac, para apreciação conforme a sistemática definida na Instrução Normativa 44/2002, com parecer pela legalidade emitido pelo Controle Interno.  Esta Unidade Técnica procedeu à análise dos fundamentos legais e das informações prestadas pelo órgão de Controle Interno e constatou uma vantagem denominada Vantagem Pessoal 8911/94 nos atos do instituidor Antonio Santana de Abreu, que é oriunda da aplicação equivocada da Lei 9.030/95 no âmbito do Poder Judiciário. A referida parcela foi concedida nos termos da decisão proferida pelo Conselho da Justiça Federal nos autos do PA 97240014.  O CJF resolveu estender administrativamente aos servidores os efeitos da decisão proferida pelo STJ no Processo Administrativo 325/96, no sentido de resguardar aos servidores aposentados até 28/2/95, data imediatamente anterior aos efeitos financeiros da Lei 9.030/95, o direito adquirido decorrente da opção pela remuneração do vencimento do cargo efetivo (art. 2º da Lei 8.911/94), acrescido da vantagem de 55% da Gratificação de Desempenho de Função (GADF), devidamente atualizada em razão do aumento gerado pela citada Lei 9.030/95, e, ainda, a extensão da fórmula de cálculo aos servidores ativos ou inativos que se encontrassem no exercício de cargo em comissão DAS 4, 5 e 6 até 13/4/1995. No STJ o assunto foi tratado no Processo 103/97.  Mais tarde, o Conselho da Justiça Federal, em resposta à consulta formulada pelo TRF da 4ª Região, acerca da continuidade do pagamento da referida vantagem em face de manifestação contrária do TCU em processos individuais de aposentadoria, decidiu declarar insubsistente a decisão proferida no citado Processo Administrativo 97240014, e, consequentemente, revogou a decisão que autorizou o pagamento da vantagem pessoal da opção DAS 4, 5 e 6.  O Superior Tribunal de Justiça resolveu manter o pagamento da referida vantagem, por decisão prolatada nos autos do Processo Administrativo STJ 1307/2003.  O assunto já foi analisado pela Corte de Contas em outras assentadas e já é pacífico o entendimento pela sua ilegalidade (vide Decisão 250/1999 - Plenário, Acórdão 115/2003 - Plenário, Acórdão 332/2003 - Plenário, Acórdão 922/2005 - 2ª Câmara, entre outros).  Conclusão  Diante do exposto, com fulcro nos arts. 39, inciso II, da Lei 8.443/92 e 260, § 1º, do Regimento Interno/TCU, submetemos os autos à consideração superior propondo que sejam considerados:  1. legais, para fins de registro, os atos das beneficiárias Francisca Graciana Cordeiro, Sônia Maria Silva Costa e;  2. ilegais, negando-lhes o registro, os atos dos beneficiários Ana Julia Pereira da Silva, Ana Júlia Pereira da Silva, Jeremias Pereira da Silva Arraes, Jeremias Pereira da Silva Arraes e Jorge Pilomia de Abreu, com as seguintes determinações:  2.1. seja aplicado o Enunciado 106 da Súmula de Jurisprudência do TCU, em relação às importâncias recebidas de boa-fé;  2.2. com fulcro no art. 262, caput, do Regimento Interno deste Tribunal, seja determinado ao Superior Tribunal de Justiça que faça cessar todo e qualquer pagamento, no prazo máximo de 15 (quinze) dias, contados a partir da ciência da deliberação do Tribunal, sob pena de responsabilidade solidária da autoridade administrativa omissa; e  2.3. com fundamento no art. 262, § 2º, do Regimento Interno deste Tribunal, que o Superior Tribunal de Justiça poderá proceder a emissão de novos atos dos interessados retro, livres das irregularidades ora apontadas, e submetê-los a nova apreciação por este Tribunal, na forma do artigo 260, caput, também do Regimento.   3. A Srª Diretora e o Sr. Secretário da Unidade põem-se de acordo com a instrução (fls. 21), e, bem assim, o douto Ministério Público junto à Corte (fl. 22).  É o Relatório.","Trata-se de um processo que reúne atos de concessão de pensão civil para dependentes de ex-servidores do STJ. O processo foi feito pelo sistema Sisac, conforme a norma TCU 44/2002. O analista da Sefip instruiu o processo com as folhas 20 e 21, que resumem:

O processo envolve pensões civis de pessoas que trabalhavam no STJ. Os atos foram encaminhados ao Tribunal pelo sistema Sisac, conforme a norma TCU 44/2002, com parecer pela legalidade do Controle Interno.  

Foi constatada uma vantagem chamada ""Vantagem Pessoal 8911/94"" nos atos de Antonio Santana de Abreu, decorrente da aplicação errada da Lei 9.030/95 no Poder Judiciário. Essa vantagem foi concedida conforme a decisão do Conselho da Justiça Federal no Processo PA 97240014.  

O CJF estendeu essa decisão aos servidores, resguardando seus direitos. O STJ manteve o pagamento dessa vantagem, e o TCU já decidiu que ela é ilegal.  

Com base nisso, o processo sugere que:  
- Os atos das beneficiárias Francisca Graciana Cordeiro, Sônia Maria Silva Costa sejam considerados legais;  
- Os atos dos beneficiários Ana Julia Pereira da Silva, Ana Júlia Pereira da Silva, Jeremias Pereira da Silva Arraes, Jeremias Pereira da Silva Arraes e Jorge Pilomia de Abreu sejam considerados ilegais.  

Para os últimos, será aplicado o Enunciado 106 do TCU sobre valores recebidos com boa-fé, e o STJ deverá parar todos os pagamentos em até 15 dias, sob pena de responsabilidade solidária. Além disso, o STJ pode emitir novos atos para esses beneficiários, livres das irregularidades, e submetê-los a nova apreciação pelo Tribunal.  

A Diretora, o Secretário e o Ministério Público concordaram com essa instrução.",
"VISTOS, relatados e discutidos estes autos que, nesta fase processual, tratam de recursos de reconsideração interpostos pelos Srs. Wellington Lins de Albuquerque e Neudo Ribeiro Campos, contra o Acórdão 613/2010- TCU- Plenário,ACORDAM os Ministros do Tribunal de Contas da União, reunidos em sessão do Plenário, ante as razões expostas pelo Relator e com fundamento nos arts. 32, I, 33 e 161 da Lei 8.443/92, em:9.1. conhecer dos recursos;9.2. dar provimento ao recurso interposto pelo Sr. Wellington Lins de Albuquerque, por nulidade na citação fls. 654-5, vol. 7, tornando insubsistente o Acórdão 613/2010- TCU- Plenário; 9.3. considerar prejudicado, por perda de objeto, o recurso interposto por Neudo Ribeiro Campos;9.4.. dar ciência desta decisão aos recorrentes; e 9.5. restituir os autos ao relator a quo para as providências cabíveis.","Os Ministros do Tribunal de Contas da União, reunidos em sessão do Plenário, decidiram: 1. conhecer dos recursos; 2. conceder o recurso do Sr. Wellington Lins de Albuquerque por nulidade na citação (fls. 654-5, vol. 7), anulando o Acórdão 613/2010- TCU- Plenário; 3. considerar o recurso do Sr. Neudo Ribeiro Campos prejudicado por perda de objeto; 4. informar os recorrentes sobre a decisão; e 5. devolver os autos ao relator para as medidas adequadas.",
"VISTOS, relatados e discutidos estes autos, que tratam nesta fase processual de Recurso de Reconsideração concernente ao Acórdão nº 112/2000-TCU-2ªCâmara, o qual, ao examinar o presente processo de Tomada de Contas Especial de responsabilidade do Sr. Waldemar José de Torres, ex-Prefeito Municipal de Canhotinho/PE, julgou irregulares as contas então apresentadas, por insuficientes para comprovar a boa e regular aplicação dos recursos públicos; imputou débito ao responsável; autorizou a cobrança judicial da dívida; e remeteu cópia da documentação pertinente ao Ministério Público da União.  Considerando que a condenação do interessado decorreu do fato de a documentação apresentada perante este Tribunal, para comprovar a boa e correta aplicação dos recursos públicos, conter inconsistências que não permitiram sua aprovação;  Considerando que o interessado, em seu recurso, não trouxe aos autos elementos capazes de sanear as inconsistências verificadas por este Tribunal;  Considerando que a verificação física da obra, isoladamente, não é suficiente para atestar que os recursos do convênio em exame foram corretamente aplicados, pois não comprova que a obra foi realizada com os recursos do referido convênio;  Considerando que há necessidade de apresentação de documentos que permitam estabelecer nexo causal entre esses e a execução da obra, tais como: notas de empenho, recibos, extratos bancários, de forma que seja possível à fiscalização afirmar que aquela obra foi executada com os recursos transferido pelo Convênio examinado; e  Considerando que essa exigência não se constitui em mera formalidade, por se tratar do único meio que possui os órgãos de controle para atestar a boa e regular aplicação dos recursos públicos;  ACORDAM os Ministros do Tribunal de Contas da União, reunidos em Sessão da 2ª Câmara, em :  a) com fulcro nos arts. 32, inciso I, e 33 da Lei nº 8.443/92, conhecer do presente Recurso de Reconsideração para, no mérito, negar-lhe provimento, mantendo-se em seus exatos termos o Acórdão nº 112/2000-TCU-2ªCâmara; e  b) dar ciência da presente deliberação ao interessado.","Os autos foram analisados, relatados e discutidos. Trata-se de um recurso de reconsideração sobre o acórdão 112/2000-TCU-2ªCâmara, que julgou as contas do Sr. Waldemar José de Torres irregulares por não comprovar a regular aplicação dos recursos públicos. O acórdão imputou débito ao responsável, autorizou a cobrança judicial e remeteu documentos ao Ministério Público. Considerando que os documentos apresentados contêm inconsistências que invalidam a aprovação; que o réu não forneceu elementos para corrigir essas inconsistências; que a verificação física da obra não é suficiente para comprovar a aplicação correta dos recursos do convênio; e que são necessários documentos que estabeçam a relação entre os recursos e a execução da obra, como notas de empenho, recibos e extratos bancários. A exigência desses documentos não é formalista, mas essencial para o controle dos recursos públicos. Os ministros do TCU mantêm o acórdão original e comunicam a decisão ao interessado.",
"Trata-se de processo em que se analisa a concessão de aposentadoria do ex-servidor Horácio Leite Martins, vinculado à Justiça Federal da 3ª Região (SP), com parecer do Controle Interno pela legalidade (fls. 01/07).  2. No intuito de obter dados sobre a averbação de tempo obtido por justificação judicial e sobre o recolhimento das contribuições previdenciárias, os autos noticiam que a Unidade Técnica realizou diligência por meio do Ofício nº 391/2007-SEFIP (fls. 8, 23 e 27). Atendendo solicitação da Subsecretaria de Controle Interno e Auditoria do Tribunal Regional Federal da 3ª Região, a Seção Judiciária de Mato Grosso do Sul expediu o Ofício nº 04/2007-SUCI, de 8/3/07, anexando a ele cópia autenticada da Certidão de Tempo de Serviço, expedida pelo INSS, por força de decisão judicial (fls. 08/09).  3. A sentença declara a existência de tempo de serviço vinculado ao INSS, no período de 1º/1/59 a 31/12/66, prestado em regime de economia familiar (fls. 10/16). Submetidos à remessa oficial, os autos subiram ao TRF da 3ª Região, cujo acórdão negou provimento ao recurso, mantendo, assim, a decisão de primeiro grau (fls. 17/20). A certidão de folhas 22 registra o trânsito em julgado do acórdão, ocorrido em 10/9/99.  4. No âmbito desta Corte de Contas, o Sr. Analista propõe, em conclusão, que o ato de aposentadoria seja considerado legal, promovendo-se o respectivo registro (fls. 23/26). O Sr. Diretor da 3ª Diretoria Técnica e o Sr. Secretário de Fiscalização de Pessoal - com apoio em jurisprudência de tribunais superiores e desta Corte de Contas - posicionam-se pela ilegalidade do ato de aposentação, aplicando-se a Súmula TCU nº 106, em relação às importâncias recebidas de boa-fé pelo interessado (fls. 27/29).  5. O Ministério Público junto ao TCU, em cota singela, manifesta a sua concordância com o entendimento final da Unidade Técnica (fl. 29v).  É o relatório.","O processo analisa a concessão da aposentadoria do ex-servidor Horácio Leite Martins, ligado à Justiça Federal da 3ª Região (SP), com avaliação sobre a legalidade (fls. 01/07). Para obter informações sobre o tempo de serviço com justificativa judicial e o recolhimento das contribuições previdenciárias, a Unidade Técnica realizou uma investigação por meio do Ofício nº 391/2007-SEFIP (fls. 8, 23 e 27). Segundo a solicitação da Subsecretaria de Controle Interno e Auditoria, a Seção Judiciária de Mato Grosso do Sul emitiu o Ofício nº 04/2007-SUCI, anexando uma certidão autenticada do INSS (fls. 08/09). A sentença comprova que o tempo de serviço foi prestado ao INSS entre 1º de janeiro de 1959 e 31 de dezembro de 1966, no regime de economia familiar (fls. 10/16). Após a remessa oficial, os autos foram submetidos ao TRF da 3ª Região, que negou provimento ao recurso, mantendo a decisão inicial (fls. 17/20). A certidão de folhas 22 indica que o acórdão entrou em julgado em 10 de setembro de 1999. Na Corte de Contas, o Sr. Analista conclui que a aposentadoria é legal e deve ser registrada (fls. 23/26). O Sr. Diretor da 3ª Diretoria Técnica e o Sr. Secretário de Fiscalização de Pessoal, com base em jurisprudência de tribunais superiores e desta Corte, defendem a ilegalidade do ato de aposentadoria, aplicando a Súmula TCU nº 106 (fls. 27/29). O Ministério Público junto ao TCU concorda com o entendimento da Unidade Técnica (fl. 29v). Este é o relatório.",
"Após exame das aposentadorias deste processo, concedidas a servidores do Tribunal Regional do Trabalho, 21ª Região, Rio Grande do Norte, a Sefip propôs que fossem consideradas legais.2.Por sua vez, o Ministério Público junto ao TCU opinou pela ilegalidade do ato em favor de Francisca das Chagas Medeiros, em virtude de o cálculo dos proventos ter afrontado regras estabelecidas pela Medida Provisória (MP) nº 167/2004, convertida na Lei nº 10.887/2004, e fundamentadas na Emenda Constitucional (EC) nº 41/2003.3.A citada servidora aposentou-se compulsoriamente, aos setenta anos de idade, com fundamento na Constituição Federal, art. 40, § 1º, inciso II.Com base nas informações inseridas no Sisac, a concessão ocorreu após a edição da referida MP e teve como parâmetro a última remuneração percebida, em atividade. De acordo com a nova regra, deveria ter sido considerada, para o cálculo dos proventos da interessada, a média aritmética de suas maiores remunerações, utilizadas como base para suas contribuições aos regimes de previdência a que esteve vinculada, correspondentes a 80% (oitenta por cento) de todo o período contributivo desde a competência julho de 1994.4.Segundo o art. 40, caput e § 1º, inciso II, da Constituição Federal (com redação dada pela EC nº 41/2003), esse preceito é válido também para inativações compulsórias, aos setenta anos, como é o caso da servidora. Portanto, o cálculo dos proventos seguirá o fixado no § 3º do art. 40 da Constituição, na forma da Lei nº 10.887/2004. 5.Está correto, pois, o encaminhamento proposto pelo Ministério Público. A aposentadoria de Francisca das Chagas Medeiros deve ser considerada ilegal, sem prejuízo de dispensá-la do ressarcimento das importâncias recebidas de boa-fé, tendo em vista a Súmula TCU nº 106. 6.Devo acrescentar ainda que a Vantagem Pecuniária Individual (VPI) da Lei nº 10.698/2003 foi incluída de forma irregular, com seu valor integral, visto que se trata de aposentadoria com proventos proporcionais ao tempo de serviço. A esse respeito, é entendimento pacífico, neste Tribunal de Contas, que as únicas parcelas isentas de proporcionalização são a Gratificação Adicional por Tempo de Serviço, a vantagem pessoal dos quintos e a vantagem consignada no artigo 193 da Lei nº 8.112/1990. 7.Em relação aos demais atos, nenhuma falha foi observada. Dessa forma, podem ser considerados legais e seus registros podem ser autorizados.8.Por fim, cabe esclarecer ao Tribunal Regional do Trabalho, 21ª Região, que a concessão considerada ilegal poderá prosperar, mediante emissão de novo ato livre das irregularidades apontadas, conforme previsto no artigo 262, § 2º, do Regimento Interno do TCU. Além disso, deve-se determinar à unidade jurisdicionada que dê ciência à interessada acerca da presente deliberação, alertando-a de que o efeito suspensivo proveniente da interposição de eventuais recursos não a exime da devolução dos valores percebidos indevidamente após a respectiva notificação, caso esses não sejam providos.Diante do exposto, voto por que o Tribunal adote o acórdão que ora submeto à 1ª Câmara.TCU, Sala das Sessões Ministro Luciano Brandão Alves de Souza, em 9 de março de 2010.JOSÉ MÚCIO MONTEIRO Relator","Após analisar as aposentadorias do processo, os servidores do Tribunal Regional do Trabalho, 21ª Região, no Rio Grande do Norte, tiveram suas aposentadorias concedidas. A Sefip defendeu que fossem consideradas legais. Por sua vez, o Ministério Público e o TCU alegaram que a aposentadoria de Francisca das Chagas Medeiros era ilegal, pois o cálculo dos proventos violou regras estabelecidas pela Medida Provisória (MP) nº 167/2004, convertida na Lei nº 10.887/2004, e baseada na Emenda Constitucional (EC) nº 41/2003. A servidora aposentou-se compulsoriamente aos setenta anos, com base na Constituição Federal, art. 40, § 1º, inciso II. De acordo com as informações do Sisac, a aposentadoria foi concedida após a edição da MP e teve como base a última remuneração percebida. Segundo a nova regra, o cálculo dos proventos deveria considerar a média aritmética das maiores remunerações da servidora, usadas como base para suas contribuições previdenciárias, correspondentes a 80% do período contributivo desde julho de 1994. O artigo 40 da Constituição, com a redação dada pela EC nº 41/2003, também aplica esse préceito às aposentadorias compulsórias aos setenta anos. Portanto, o cálculo dos proventos seguirá a regra estabelecida no § 3º do artigo 40 da Constituição, conforme a Lei nº 10.887/2004. O Ministério Público está correto ao propor que a aposentadoria de Francisca das Chagas Medeiros seja considerada ilegal, mas sem prejuízo do ressarcimento dos valores recebidos de boa-fé, conforme a Súmula TCU nº 106. Além disso, a Vantagem Pecuniária Individual (VPI) da Lei nº 10.698/2003 foi incluída de forma irregular, com seu valor integral, pois se trata de aposentadoria com proventos proporcionais ao tempo de serviço. Neste Tribunal, é pacífico que as únicas parcelas isentas de proporcionalização são a Gratificação Adicional por Tempo de Serviço, a vantagem pessoal dos quintos e a vantagem consignada no artigo 193 da Lei nº 8.112/1990. Em relação aos outros atos, não houve falhas. Assim, podem ser considerados legais e seus registros autorizados. Por fim, cabe esclarecer ao Tribunal Regional do Trabalho, 21ª Região, que a concessão considerada ilegal pode ser validada com a emissão de novo ato livre das irregularidades apontadas, conforme previsto no artigo 262, § 2º, do Regimento Interno do TCU. Também deve-se informar a unidade jurisdicional que notifique a interessada sobre essa deliberação, alertando-a de que o efeito suspensivo de eventuais recursos não a exime da devolução dos valores recebidos indevidamente após a notificação, caso esses não sejam resolvidos. Diante do exposto, vota-se pela admissão do acórdão apresentado à 1ª Câmara. TCU, Sala das Sessões Ministro Luciano Brandão Alves de Souza, em 9 de março de 2010. JOSÉ MÚCIO MONTEIRO Relator.",
"Entendo que o Tribunal deva conhecer do presente recurso de reconsideração, tendo em vista o preenchimento dos requisitos de admissibilidade exigidos para a espécie.  2. Conforme noticiam os autos, o recorrente, enquanto Prefeito do Município de Caratinga/MG, celebrou um convênio com o Fundo Nacional de Desenvolvimento da Educação/FNDE, tendo por objeto a manutenção, em caráter supletivo, de escolas públicas municipais e municipalizadas que atendam mais de vinte alunos no ensino fundamental. Por pertinente, registre-se que o presente processo teve início em razão da omissão do ora recorrente no dever de prestar contas dos recursos federais repassados ao mencionado Município por meio do Convênio nº 43.489/1998.  3. Por essa razão, teve suas contas julgadas irregulares, sendo instado a recolher aos cofres públicos o valor original do convênio, R$ 11.200,00, sendo, ainda, penalizado com a multa prevista no art. 57 da Lei nº 8.443/92, no valor de R$ 3.000,00.  4. Irresignado, interpôs a presente peça recursal, denominando-a de Pedido de Reconsideração, modalidade recursal não prevista nos normativos desta Casa, mas, por nós conhecida e admitida como recurso de reconsideração, em razão da inexistência de óbices normativas e da aplicação do formalismo moderado.  5. Contudo, como bem demonstrado na análise empreendida pela Secretaria de Recursos, cujo relatório, no essencial, reproduzi e adotei como minhas razões de decidir, os argumentos oferecidos pelo recorrente não lograram elidir as irregularidades detectadas (sua omissão, seguida de revelia). Tais justificativas, assim como a documentação acostada aos autos, não possuem força capaz de influir no mérito do julgamento proferido com base no acórdão recorrido. Nenhuma de suas alegações tem procedência, em razão do que, foram refutadas, uma a uma, pela Serur.  6. Entendo que o Tribunal não pode formar convicção acerca de gestão de recursos públicos, a fim de atribuir-lhe regularidade, calcado tão-somente nas declarações do responsável. Se dessa forma procedesse, se aceitariam quaisquer justificativas, independentemente do que se desejasse tornar patente, visto que não haveria necessidade de demonstração de conteúdo, resultado, ou provas. Em outras palavras, os recursos não tiveram sua destinação comprovada, permanecendo a obrigação de ressarcimento por parte do responsável.  7. Nestas condições, entendo que o responsável não juntou ao presente processo as provas necessárias à desconstituição das evidências contra ele levantadas, restando patente que os fatores que embasaram o julgamento pela irregularidade de suas contas permanecem inalterados, impedindo, destarte, a reforma da deliberação recorrida.  Ante o exposto, acolho os pareceres concordantes emitidos nos autos e VOTO no sentido de que o Tribunal adote o acórdão que ora submeto à deliberação deste 1ª Câmara.  Sala das Sessões Ministro Luciano Brandão Alves de Souza, em 6 de junho de 2007.  VALMIR CAMPELO  Ministro-Relator","Entendo que o Tribunal deve considerar o recurso de reconsideração, pois os requisitos para admissibilidade estão cumpridos. O recorrente, enquanto Prefeito de Caratinga/MG, fechou um convênio com o FNDE para manter escolas públicas que atendem mais de vinte alunos. O processo começou porque o recorrente não apresentou contas dos recursos federais repassados via Convênio 43.489/1998. As contas foram consideradas irregulares, e o recorrente teve que devolver R$ 11.200,00 e pagar uma multa de R$ 3.000,00. Ele interpôs um recurso chamado ""Pedido de Reconsideração"", mesmo que não esteja previsto nos normativos da Casa, pois não há obstáculos legais e se aplica o formalismo moderado. No entanto, as argumentações do recorrente não acalmaram as irregularidades detectadas (omissão e revelia). As justificativas e as provas não influenciaram o julgamento baseado no acórdão recorrido. Nenhuma dessas alegações foi válida, e foram rejeitadas pela Serur. Acho que o Tribunal não pode decidir com base apenas nas declarações do responsável, pois isso permitiria qualquer justificativa. Os recursos não tiveram sua destinação comprovada, e a obrigação de ressarcimento permanece. O recorrente não apresentou as provas necessárias para desestabilizar as evidências contra ele. Assim, os fatos que levaram ao julgamento da irregularidade continuam válidos, impedindo a reforma do acórdão. Considerando tudo isso, acordo com os pareceres e VOTO por considerar que o Tribunal adote o acórdão apresentado. Sala das Sessões Ministro Luciano Brandão Alves de Souza, em 6 de junho de 2007. VALMIR CAMPELO Ministro-Relator",
"Por preencherem os requisitos de admissibilidade previstos no art. 34 da Lei 8.443/1992, conheço dos Embargos opostos em face do Acórdão 10.991/2011  2ª Câmara.2. No mérito, acolho a proposta da Secex/5, sem prejuízo de tecer as considerações que seguem.3. Conforme bem destacou a Auditora da 5ª Secex, os Embargos que ora se examinam não têm por objetivo esclarecer os termos do Acórdão 10.991/2011  2ª Câmara, tampouco alterá-lo, mas sim saber se o resultado do trabalho de auditoria do Tribunal é meramente orientador, com vistas a aprimorar os processos administrativos internos do Sesi/DN, ou se tem natureza de determinação ou recomendação.4. Pela via dos Embargos de Declaração a entidade busca declaração clara e taxativa do Tribunal acerca da natureza da ciência referida no item 1.4 do acórdão, questionando se tem caráter meramente orientador e sem qualquer conteúdo determinante ou cogente.5. Por meio dos subitens 1.4.1 a 1.4.6 do Acórdão embargado, em consonância com o disposto na Portaria-Segecex 13/2011, que orienta a proposição de determinações pelas unidades técnicas, o Tribunal informou ao Embargante as principais falhas formais, descumprimento de leis, normas ou jurisprudência apuradas na Auditoria realizada no Sesi/DN (peça 36) que não ensejaram proposta da unidade técnica de aplicação de multa nem de determinação à Entidade.6. O comando do item 1.4 do Acórdão embargado deve ser examinado à luz dos incisos I a V do art. 250 do Regimento Interno do TCU, que transcrevo a seguir, verbis:[...]Art. 250. Ao apreciar processo relativo à fiscalização de atos e contratos, o relator ou o Tribunal:I  determinará o arquivamento do processo, ou o seu apensamento às contas correspondentes, se útil à apreciação destas, quando não apurada transgressão a norma legal ou regulamentar de natureza contábil, financeira, orçamentária, operacional ou patrimonial;II  determinará a adoção de providências corretivas por parte do responsável ou de quem lhe haja sucedido quando verificadas tão somente falhas de natureza formal ou outras impropriedades que não ensejem a aplicação de multa aos responsáveis ou que não configurem indícios de débito e o arquivamento ou apensamento do processo às respectivas contas, sem prejuízo do monitoramento do cumprimento das determinações;III  recomendará a adoção de providências quando verificadas oportunidades de melhoria de desempenho, encaminhando os autos à unidade técnica competente, para fins de monitoramento do cumprimento das determinações;IV  determinará a audiência do responsável para, no prazo de quinze dias, apresentar razões de justificativa, quando verificada a ocorrência de irregularidades decorrentes de ato ilegal, ilegítimo ou antieconômico, bem como infração a norma legal ou regulamentar de natureza contábil, financeira, orçamentária ou patrimonial.V  determinará a oitiva da entidade fiscalizada e do terceiro interessado para, no prazo de quinze dias, manifestarem-se sobre fatos que possam resultar em decisão do Tribunal no sentido de desconstituir ato ou processo administrativo ou alterar contrato em seu desfavor.[...].7. Não foram apurados na Auditoria que originou as ciências ora embargadas achados cuja relevância justificasse a adoção das medidas indicadas a seguir: (a) monitoramentos das providências adotadas pela entidade fiscalizada (incisos II e III do art. 250 do Regimento Interno/TCU); (b) audiência dos responsáveis (inciso IV); e (c) oitiva sobre fatos que possam resultar em decisão do Tribunal no sentido de desconstituir ato ou processo administrativo ou alterar contrato (inciso V).8. Assim, pela interpretação sistemática do art. 250 do Regimento Interno do TCU e dos achados detalhados no Relatório de Auditoria (peça 36), a ciência referida no item 1.4 do Acórdão 10.991/2011  2ª Câmara tratou tão somente de falhas que o Tribunal julgou não configurarem transgressão a norma legal ou regulamentar de natureza contábil, financeira, orçamentária, operacional ou patrimonial, e são, assim, regidas pelo inciso I do supracitado dispositivo.9. Em síntese, pela regência do art. 250 do Regimento Interno, a ciência em discussão tem caráter meramente informativo, não configurando determinação à entidade nem tampouco recomendação, uma vez que referido comando não se inclui entre os passíveis, em princípio, de serem monitorados pelo Tribunal.10. Acrescento ainda que as dúvidas do embargante acerca da natureza da ciência formulada no Acórdão embargado foram discutidas em outros processos de minha relatoria. Nesse sentido, menciono o Voto que proferi ao relatar o Acórdão 38/2011-Plenário (TC-006.171/2009-9). Naquela ocasião, já havia destacado que os alertas e ciências proferidos pelo TCU não possuem força cogente, desobrigando, por consequência, o gestor de cumpri-los, sem qualquer consequência para este. Assim, uma vez estes não têm o condão de obrigar o gestor a praticar ou deixar de praticar atos da mesma natureza, servindo muitas vezes mais para confundi-los do que ajudá-los, entendo pertinente encaminhar cópia do Acórdão a ser proferido neste processo à Segecex, para que esta avalie a conveniência e oportunidade de reexaminar as orientações contidas na Portaria-Segecex 13/2011.11. Com essas considerações, acolho a proposta de encaminhamento da Unidade Técnica, com os ajustes considerados necessários, e Voto no sentido de que o Tribunal adote a deliberação que ora submeto à apreciação deste Colegiado.Sala das Sessões, em 4 de setembro de 2012.AROLDO CEDRAZRelator","O Tribunal conhece os embargos apresentados contra o Acórdão 10.991/2011, segunda Câmara. No mérito, aceita a proposta da Secex/5. A Auditoria da 5ª Secex destacou que os embargos não buscam esclarecer ou alterar o Acórdão, mas sim verificar se a ciência do item 1.4 é meramente orientadora, para melhorar os processos administrativos do Sesi/DN, ou se tem natureza de determinação ou recomendação. Pela via dos embargos, a entidade busca uma declaração clara sobre a natureza da ciência mencionada no item 1.4, questionando se ela é apenas orientadora e não possui força obrigatória. O Acórdão informou as principais falhas encontradas na Auditoria do Sesi/DN, mas não levou a cabo medidas como multas ou determinações. Pela interpretação do artigo 250 do Regimento Interno do TCU, a ciência referida no item 1.4 trata apenas de falhas que o Tribunal achou não configurar infrações, e portanto está regida pelo inciso I do dispositivo. Assim, a ciência tem caráter informativo, não sendo determinação ou recomendação. As dúvidas sobre a natureza da ciência já foram discutidas em outros processos. Considerando isso, aceita-se a proposta de encaminhamento da Unidade Técnica, com as correções necessárias, e o Tribunal adota a deliberação apresentada. Sala das Sessões, em 4 de setembro de 2012. AROLDO CEDRAZ Relator.",
"PROPOSTA DE DELIBERAÇÃOA tomada de contas especial ora em análise foi instaurada pela Secretaria de Planejamento, Orçamento e Administração do Ministério do Meio Ambiente - Spoa/NMA em razão da não aprovação da prestação de contas do Convênio 112/2001 e Termo Aditivo, celebrados com o Município de Alto Alegre do Maranhão/MA, no valor original total de R$ 330.349,00, sendo R$ 300.000,00 de origem federal e R$ 30.349,00 a contrapartida municipal, que tinham por objeto a elaboração do Plano de Gerenciamento Integrado de Resíduos Sólidos e a implantação de Aterro Sanitário no município.2. Após instrução do processo, a unidade técnica encaminhou ofícios de citação aos responsáveis em decorrência das irregularidades discriminadas nos autos. Considerando o insucesso das citações feitas por via postal, a Secex/GO promoveu nova citação por via de edital publicado no Diário Oficial da União de 16/7/2007 (fls. 115/135).3. Regularmente citados na forma prevista no art. 179, inciso III, do Regimento Interno/TCU, os responsáveis não apresentaram suas alegações de defesa nem efetuaram o recolhimento do débito a eles imputado. Operam, portanto, contra o Sr. Benedito Ferreira Pires Segundo e a Construtora Fortaleza Ltda. os efeitos da revelia, devendo o feito prosseguir até final julgamento, consoante o que prescreve o art. 12, § 3º, da Lei 8.443/92.4. Com respeito ao mérito das presentes contas, os responsáveis deixaram de apresentar os documentos fundamentais para afastar as evidências do não atingimento da totalidade dos objetivos avençados, do desvio de finalidade, da impugnação de despesas, do não cumprimento da disponibilização dos recursos da contrapartida e/ou de não aplicação dos rendimentos decorrentes de aplicações financeiras no objeto avençado, bem como para justificar o pagamento da totalidade dos serviços à empresa emissora de nota fiscal no dia seguinte ao dia da homologação do procedimento licitatório, sem que os serviços estivessem realizados. Esse conjunto de irregularidades levou a 3ª Secex a propor o julgamento destas contas como irregulares, com débito a ser ressarcido aos cofres do Tesouro Nacional e a aplicação de multa.5. Verifico que os elementos contidos no processo demonstram concretamente a existência de dano ao erário, promovido com a concorrência de parte interessada na sua prática. Assim, as evidências conduzem ao julgamento das contas como irregulares e fazem com que o fundamento legal adequado à situação seja o art. 16, inciso III, alínea ""c"" e § 2º, alínea ""b"", da Lei 8.443/92.6. Acolho, portanto, a proposta apresentada pela unidade técnica, com a anuência Ministério Público, no sentido de que estas contas sejam julgadas irregulares e de considerar em débito solidário os responsáveis, aplicando-lhes, individualmente, a multa prevista no art. 57 da Lei 8.443/92, assim como, nos termos do art. 28, inciso II, da mesma lei, autorizar, desde logo, a cobrança judicial das dívidas, e também a remessa de cópia dos elementos pertinentes à Procuradoria da República no Estado do Maranhão, para ajuizamento das ações civis e penais que entender cabíveis.Ante o exposto, manifesto-me por que o Tribunal aprove o acórdão que ora submeto à apreciação deste Colegiado.Sala das Sessões, em 26 de agosto de 2008.Augusto Sherman CavalcantiRelator","A proposta de deliberação diz que uma verificação especial foi iniciada pela Secretaria de Planejamento, Orçamento e Administração do Ministério do Meio Ambiente porque as contas de um convênio não foram aprovadas. O convênio tinha como objetivo a elaboração de um plano para gerenciar resíduos sólidos e a construção de um aterro sanitário no município de Alto Alegre do Maranhão, com valor total de R$ 330.349,00, sendo R$ 300.000,00 da federação e R$ 30.349,00 da cidade.

Após instruir o processo, a unidade técnica enviou ofícios para citar as pessoas responsáveis por irregularidades descritas. Como as citações por correio não funcionaram, a Secex fez uma nova citação publicando um edital no Diário Oficial em 16/7/2007.

Os responsáveis não apresentaram suas defesas nem pagaram o débito. Por isso, estão sujeitos às consequências da revelia e o processo deve continuar até o final. Segundo a lei, isso é permitido.

Quanto ao mérito, os responsáveis não apresentaram documentos que comprovem que as despesas foram feitas conforme o objetivo do convênio. Havia irregularidades como desvio de finalidade, falta de recursos, e pagamentos antecipados. Por isso, a 3ª Secex considerou as contas irregulares e pediu que os dinheiros fossem devolvidos ao governo e uma multa fosse aplicada.

A proposta da unidade técnica foi aceita, com o apoio do Ministério Público. As contas serão consideradas irregulares, os responsáveis terão débito solidário, multas serão aplicadas individualmente, e as dívidas serão cobradas judicialmente. Além disso, as documentações serão enviadas à Procuradoria da República para ajuizar ações civis e penais.

Com base nisso, o tribunal aprova a decisão apresentada.  
Sala das Sessões, em 26 de agosto de 2008.  
Augusto Sherman Cavalcanti – Relator",
"ACÓRDÃO Nº 4089/2008 - TCU - 2ª Câmara1. Processo TC-009.442/2008-9 (APOSENTADORIA)2. Classe de assunto: V3. Interessados: Antonio Belmiro de Oliveira Santos (CPF XXX-828.495-XX), Juarez de Oliveira Cardoso (CPF XXX-285.941-XX), Libânia Sira Cardozo Miranda (CPF XXX-145.791-XX) e Maria de Lourdes Granja de Aquino (CPF XXX-364.041-XX)4. Entidade: Grupo Executivo para Extinção do DNER - MT (em liquidação)5. Relator: MINISTRO UBIRATAN AGUIAR6. Representante do Ministério Público: Procurador Sergio Ricardo Costa Caribé7. Unidade Técnica: Secretaria de Fiscalização de Pessoal - Sefip8. Advogado constituído nos autos: não há9. Acórdão:VISTOS, relatados e discutidos estes autos que cuidam de atos de aposentadoria de servidores do Grupo Executivo para Extinção do DNER - MT.Considerando que a Secretaria de Fiscalização de Pessoal - Sefip, ao proceder à análise dos fundamentos legais dessas concessões, constatou que os atos de Antonio Belmiro de Oliveira Santos, Juarez de Oliveira Cardoso e Libânia Sira Cardozo Miranda, apresentam, nas informações constantes da ""discriminação dos tempos de serviço e averbações"", períodos insuficientes para a concessão de aposentadoria na forma como foram deferidas, além de serem divergentes do campo 28 - ""tempo de serviço para aposentadoria""; Considerando que esse fato inviabiliza a análise dos fundamentos legais dessas concessões e das parcelas decorrentes do tempo de serviço, tais como a vantagem do art. 192, inciso II, da Lei 8.112/1990, do art. 184, inciso II, da Lei 1.711/1952, e o adicional por tempo de serviço.Considerando que, diante dessas falhas, resta prejudicada a análise de mérito por inépcia dos atos, sendo necessária nova emissão dos mesmos pelo órgão de origem, nos termos do art. 3º, §6º, da Resolução TCU 206/2007, que dispõe: ""o Tribunal poderá considerar prejudicado o exame dos atos que apresentem outras inconsistências ou omissões não detectadas pela crítica preliminar a que se refere o §3º deste artigo, desde que não seja possível formular juízo sobre a legalidade desses atos"";Considerando que o ato de concessão de aposentadoria de Maria de Lourdes Granja de Aquino foi deferido em conformidade com as disposições legais;ACORDAM os Ministros do Tribunal de Contas da União, reunidos em Sessão 2ª Câmara, diante das razões expostas pelo Relator, em:9.1. considerar prejudicada a apreciação de mérito dos atos de aposentadoria de Antonio Belmiro de Oliveira Santos, Juarez de Oliveira Cardoso e Libânia Sira Cardozo Miranda, em razão de as informações constantes da ""discriminação dos tempos de serviço e averbações"" indicarem períodos insuficientes para a concessão de aposentadoria na forma como foram deferidas, além de serem divergentes do campo 28 - ""tempo de serviço para aposentadoria"";9.2. determinar ao Grupo Executivo para Extinção do DNER - MT que providencie, no prazo de 60 (sessenta) dias, o encaminhamento, por intermédio do sistema Sisac, nos termos da Instrução Normativa TCU 55/2007, de novos atos de aposentadoria para apreciação por este Tribunal, corrigindo as falhas de preenchimento constatadas no formulário de concessão;9.3. considerar legal a concessão de aposentadoria à servidora Maria de Lourdes Granja de Aquino e ordenar o registro do respectivo ato.","ACÓRDÃO Nº 4089/2008 - TCU - 2ª Câmara

1. Processo: TC-009.442/2008-9 (APOSENTADORIA)
2. Assunto: V
3. Interessados: Antonio Belmiro de Oliveira Santos, Juarez de Oliveira Cardoso, Libânia Sira Cardozo Miranda e Maria de Lourdes Granja de Aquino
4. Entidade: Grupo Executivo para Extinção do DNER - MT (em liquidação)
5. Relator: Ministro Ubiratan Aguiar
6. Representante do Ministério Público: Procurador Sergio Ricardo Costa Caribé
7. Unidade Técnica: Secretaria de Fiscalização de Pessoal - Sefip
8. Advogado: Não há
9. Acórdão:

VISTOS, relatados e discutidos estes autos que envolvem aposentadoria de servidores do Grupo Executivo para Extinção do DNER - MT.

Considerando que a Secretaria de Fiscalização de Pessoal (Sefip) constatou que as informações sobre o tempo de serviço dos servidores Antonio Belmiro de Oliveira Santos, Juarez de Oliveira Cardoso e Libânia Sira Cardozo Miranda são insuficientes e divergentes do campo 28 - ""tempo de serviço para aposentadoria"", inviabilizando a análise legal dessas concessões.

Considerando que, por isso, a apreciação de mérito dos atos está prejudicada devido à inépcia dos atos, sendo necessário reenvio dos documentos ao órgão original, conforme previsto na Resolução TCU 206/2007.

Considerando que o ato de concessão para Maria de Lourdes Granja de Aquino foi feito de forma legal:

ACORDAM os Ministros do Tribunal de Contas da União, reunidos em Sessão 2ª Câmara, diante das razões expostas pelo Relator, em:

9.1. Considerar prejudicada a apreciação de mérito dos atos de aposentadoria de Antonio Belmiro de Oliveira Santos, Juarez de Oliveira Cardoso e Libânia Sira Cardozo Miranda, por terem informações insuficientes e divergentes do campo 28 - ""tempo de serviço para aposentadoria"";

9.2. Determinar ao Grupo Executivo para Extinção do DNER - MT que, em 60 dias, encaminhe novos atos de aposentadoria por intermédio do sistema Sisac, conforme Instrução Normativa TCU 55/2007, corrigindo os erros no formulário;

9.3. Considerar legal a concessão de aposentadoria para Maria de Lourdes Granja de Aquino e ordenar o registro do ato.",
"ACÓRDÃO Nº 2277/2009  - TCU - 1ª Câmara Os Ministros do Tribunal de Contas da União ACORDAM, por unanimidade, com fundamento nos arts. 1º, inciso I, 16, inciso I, 17 e 23, inciso I, da Lei n. 8.443/1992, c/c os arts. 143, inciso I, alínea d, 207 e 214, inciso I, do Regimento Interno/TCU, aprovado pela Resolução n. 155/2002, em julgar as contas a seguir indicadas regulares e dar quitação plena aos responsáveis, promovendo-se, em seguida, o arquivamento do processo, de acordo com os pareceres emitidos nos autos:1. Processo TC-016.572/2007-5 (TOMADA DE CONTAS SIMPLIFICADA - Exercício: 2006) 1.1. Responsáveis: Andre de Oliveira Costa (XXX-552.617-XX); Antonio Bilouro (XXX-866.407-XX); Christiano Moreira Sobral Pinto (XXX-456.857-XX); Jayme Teixeira Pinto Filho (XXX-686.307-XX); Marcus Vinicius Barros da Silva (XXX-242.437-XX); Sergio da Silva Pereira (XXX-402.327-XX); Walter Lucas da Silva (XXX-245.547-XX). 1.2. Órgão/Entidade: Laboratório Farmacêutico da Marinha  MD/CM. 1.3. Unidade Técnica: 3ª Secretaria de Controle Externo (SECEX-3). 1.4. Advogado constituído nos autos: não há. 1.5. Determinações/Recomendações/Orientações: não há.","ACÓRDÃO Nº 2277/2009 - TCU - 1ª Câmara. Os Ministros do Tribunal de Contas da União acordaram, unânimes, com base nos arts. 1º, I; 16, I; 17 e 23, I, da Lei 8.443/1992, junto com os arts. 143, I, d; 207 e 214, I, do Regimento Interno/TCU, aprovado pela Resolução n. 155/2002, para considerar as contas apresentadas como regulares e pagar integralmente os responsáveis, depois arquivar o processo conforme os pareceres emitidos: 1. Processo TC-016.572/2007-5 (Tomada de Contas Simplificada - Exercício: 2006). 1.1. Responsáveis: Andre de Oliveira Costa (XXX-552.617-XX); Antonio Bilouro (XXX-866.407-XX); Christiano Moreira Sobral Pinto (XXX-456.857-XX); Jayme Teixeira Pinto Filho (XXX-686.307-XX); Marcus Vinicius Barros da Silva (XXX-242.437-XX); Sergio da Silva Pereira (XXX-402.327-XX); Walter Lucas da Silva (XXX-245.547-XX). 1.2. Órgão/Entidade: Laboratório Farmacêutico da Marinha MD/CM. 1.3. Unidade Técnica: 3ª Secretaria de Controle Externo (SECEX-3). 1.4. Advogado constituido nos autos: não há. 1.5. Determinações/Recomendações/Orientações: não há.",
"VISTOS, relatados e discutidos estes autos de representação, com pedido de cautelar suspensiva, formulada pela Agroservice Empreiteira Agrícola Ltda. sobre possíveis irregularidades no Pregão Eletrônico nº 76/GAP-DF/2016 promovido pelo Grupamento de Apoio ao DF (GAP/DF), junto ao Comando da Aeronáutica, para a contratação de serviços de limpeza, conservação e desinfecção das instalações do Hospital da Força Aérea de Brasília, no valor estimado anual de R$ 3.885.043,56;ACORDAM os Ministros do Tribunal de Contas da União, reunidos em Sessão da Segunda Câmara, ante as razões expostas pelo Relator, em:9.1. conhecer da presente representação, já que atendidos os requisitos legais e regimentais de admissibilidade, para, no mérito, considerá-la procedente;9.2. considerar prejudicado o pedido de cautelar suspensiva formulado pela Agroservice Empreiteira Agrícola Ltda., diante da presente apreciação de mérito do feito pelo TCU;9.3. determinar que, nos termos do art. 250, II, do RITCU, o Grupamento de Apoio do Distrito Federal abstenha-se de prosseguir com o Pregão Eletrônico nº 76/GAP-DF/2016 sem, anteriormente, adotar as seguintes providências:9.3.1. exclua do edital, se ainda não o fez, os itens inerentes à qualificação técnica dos licitantes com cláusulas restritivas à competição (itens 8.7.3, 8.7.4, 8.7.6.6 e 8.7.6.7);9.3.2. insira no Capítulo “Do Termo de Contrato”, se ainda não o fez, os dispositivos propostos no Ofício nº 6/DIVOB/2298;9.3.3. informe o TCU, no prazo de 15 dias contados da ciência desta deliberação, sobre o resultado dessas medidas;9.4. enviar cópia deste Acórdão, acompanhado do Relatório e do Voto que o fundamenta, ao Grupamento de Apoio do Distrito Federal, ao órgão de controle interno do Comando da Aeronáutica e à representante; e9.5. arquivar os presentes autos, com fundamento no art. 169, II, do RITCU, sem prejuízo de determinar que a unidade técnica promova o monitoramento da determinação contida no item 9.3 deste Acórdão.","VISTOS, relatados e discutidos estes autos de representação, com pedido de cautelar suspensiva, formulado pela Agroservice Empreiteira Agrícola Ltda. sobre possíveis irregularidades no Pregão Eletrônico nº 76/GAP-DF/2016 promovido pelo Grupamento de Apoio ao DF (GAP/DF), para a contratação de serviços de limpeza, conservação e desinfecção das instalações do Hospital da Força Aérea de Brasília, no valor estimado anual de R$ 3.885.043,56;

ACORDAM os Ministros do Tribunal de Contas da União, reunidos em Sessão da Segunda Câmara, ante as razões expostas pelo Relator, em:

9.1. conhecer da presente representação, já que atendidos os requisitos legais e regimentais de admissibilidade, para, no mérito, considerá-la procedente;

9.2. considerar prejudicado o pedido de cautelar suspensiva formulado pela Agroservice Empreiteira Agrícola Ltda., diante da presente apreciação de mérito do TCU;

9.3. determinar que, nos termos do art. 250, II, do RITCU, o Grupamento de Apoio do Distrito Federal abstenha-se de prosseguir com o Pregão Eletrônico nº 76/GAP-DF/2016 sem, anteriormente, adotar as seguintes providências:

9.3.1. exclua do edital, se ainda não o fez, os itens inerentes à qualificação técnica dos licitantes com cláusulas restritivas à competição (itens 8.7.3, 8.7.4, 8.7.6.6 e 8.7.6.7);

9.3.2. insira no Capítulo “Do Termo de Contrato”, se ainda não o fez, os dispositivos propostos no Ofício nº 6/DIVOB/2298;

9.3.3. informe o TCU, no prazo de 15 dias contados da ciência desta deliberação, sobre o resultado dessas medidas;

9.4. enviar cópia deste Acórdão, acompanhado do Relatório e do Voto que o fundamenta, ao Grupamento de Apoio do Distrito Federal, ao órgão de controle interno do Comando da Aeronáutica e à representante; e

9.5. arquivar os presentes autos, com fundamento no art. 169, II, do RITCU, sem prejuízo de determinar que a unidade técnica promova o monitoramento da determinação contida no item 9.3 deste Acórdão.",
"A representação de autoria do Tribunal de Contas do Estado da Paraíba (TCE/PB) contém informações a respeito de suposta irregularidade ocorrida no município de Arara/PB na aplicação de recursos federais referentes ao Programa Nacional de Apoio ao Transporte Escolar (PNATE), coordenado pelo Fundo Nacional de Desenvolvimento da Educação (FNDE).2.Ao examinar as contas do município relativas ao exercício de 2004, o TCE/PB verificou ter havido adulteração nos nomes dos beneficiários em cópias de cheques fornecidos àquela Corte. Dois deles, nos valores de R$ 2.400,00 (de 15/10/2004) e R$ 2.630,00 (de 15/9/2004), são concernentes à execução de convênio celebrado com o FNDE, no âmbito do PNATE, e, portanto, de competência do TCU.3.Os elementos apontam, de fato, para a ocorrência de desvio dos recursos, o que requereria determinação ao FNDE para a instauração de tomada de contas especial (TCE), como propõe a Secex/PB. Todavia, como destacou a própria unidade técnica, o montante atualizado do prejuízo apontado pelo representante não atinge o valor mínimo de R$ 23.000,00 para a adoção da mencionada medida, conforme o art. 5º c/c o art. 11 da Instrução Normativa TCU nº 56/2007, transcritos na sequência:Art. 5º A tomada de contas especial somente deve ser instaurada e encaminhada ao Tribunal quando o valor do dano, atualizado monetariamente, for igual ou superior à quantia fixada pelo Tribunal para esse efeito.(...)Art. 11. Para os fins do disposto no art. 5° fica estabelecido o valor de R$ 23.000,00 (vinte e três mil reais).4.Dessa forma, embora concorde que as informações constantes nestes autos devam ser remetidas ao FNDE para subsidiar a análise da prestação de contas do município relativas ao PNATE/2004 (que ainda se encontram sem a manifestação final do concedente, conforme se verifica por meio de pesquisa no sítio do fundo na internet), o pequeno valor do prejuízo verificado não demanda a instauração de TCE, de acordo com a IN TCU nº 56/2007.5.Por fim, considero apropriada a proposta de remeter cópia da deliberação à Procuradoria da República no Estado da Paraíba, para adoção das medidas que entender cabíveis, como prevê o art. 16, § 3º, da Lei nº 8.443/1992, a despeito de este processo não tratar de apreciação de contas. Diante do exposto, voto por que o Tribunal adote o acórdão que ora submeto à 1ª Câmara.TCU, Sala das Sessões Ministro Luciano Brandão Alves de Souza, em 19 de abril de 2011.JOSÉ MÚCIO MONTEIRO Relator","O Tribunal de Contas do Estado da Paraíba (TCE/PB) informou sobre uma possível irregularidade no município de Arara/PB, relacionada ao uso de recursos federais para o Programa Nacional de Apoio ao Transporte Escolar (PNATE), coordenado pelo Fundo Nacional de Desenvolvimento da Educação (FNDE). Ao revisar as contas do município em 2004, o TCE/PB descobriu que alguns nomes nos cheques foram alterados. Dois dos cheques, no valor de R$ 2.400,00 e R$ 2.630,00, correspondem a uma convivência com o FNDE, portanto devem ser analisados pelo TCU. Apesar disso, o valor do prejuízo não é suficiente para exigir uma investigação especial (TCE), conforme determinado pela Instrução Normativa TCU nº 56/2007. Por isso, a proposta é encaminhar as informações ao FNDE para que analisem as contas do município. Além disso, sugere-se enviar uma cópia da decisão à Procuradoria da República no Estado da Paraíba, conforme previsto na Lei nº 8.443/1992. Com base nisso, o tribunal deve adotar a decisão apresentada.",
"PESSOAL. APOSENTADORIA. OFENSA ÀS REGRAS PARA O CÁLCULO DE PROVENTOS PREVISTAS NA EMENDA CONSTITUCIONAL Nº 41/2003. PROPORÇÃO INDEVIDA NO CÁLCULO DOS PROVENTOS. ILEGALIDADE. ATOS COM IRREGULARIDADES JÁ CORRIGIDAS NOS COMPROVANTES DE PAGAMENTOS. RESOLUÇÃO TCU Nº 206. LEGALIDADE. 1. É ilegal a concessão de proventos apurados sobre a remuneração do servidor em atividade, se não demonstrado o atendimento dos requisitos para exercício do direito até 19/2/2004, data da edição da Medida Provisória nº 167/2004, que regulamentou a forma de cálculo estabelecida no art. 40, § 3º, da Constituição Federal. 2. Conforme o disposto na Resolução TCU nº 206/2007, os atos que, a despeito de apresentarem algum tipo de inconsistência em sua versão submetida ao exame do Tribunal, não estiverem dando ensejo, no momento de sua apreciação de mérito, a pagamentos irregulares, serão considerados legais, para fins de registro, com determinação ao órgão ou à entidade de origem para adoção das medidas cabíveis com vistas à regularização da falha formal constante do ato apreciado pelo Tribunal.","Pessoal. Aposentadoria. Ofensa às regras para calcular proventos previstas na Emenda Constitucional nº 41/2003. Cálculo indevido dos proventos. Illegality. Atos com irregularidades já corrigidas nos comprovantes de pagamentos. Resolução TCU nº 206. Legality.

1. É ilegal conceder proventos baseados na remuneração do servidor ativo, se não houver comprovação que os requisitos para o direito foram atendidos até 19/2/2004, data da edição da Medida Provisória nº 167/2004, que regulamentou a forma de cálculo do art. 40, § 3º, da Constituição Federal.

2. De acordo com a Resolução TCU nº 206/2007, atos que, embora tenham alguma inconsistência na versão submetida ao Tribunal, não justificam pagamentos irregulares no momento da apreciação de mérito, são considerados legais para registro. O órgão ou entidade original deve regularizar a irregularidade formal encontrada no ato.",
"VISTOS, relatados e discutidos estes autos contendo Agravo Regimental contra medida cautelar adotada nestes processo, os Ministros do Tribunal de Contas da União, reunidos em Sessão do Plenário, ante as razões expostas pelo Relator.  ACORDAM em:  9.1. com fundamento no art. 289 do Regimento Interno, caput, não conhecer do Agravo Regimental interposto neste processo pela empresa DERSA - Desenvolvimento Rodoviário S/A., em vista de sua intempestividade. (Vide AC-1590-32/08-P que dá nova redação a este item.)  9.2. apensar este processo ao TC - 005.454/2001-4.","VISTOS, relatados e discutidos os autos do agravo regimental contra uma medida cautelar no processo, os Ministros do Tribunal de Contas da União, reunidos, decidiram: 9.1. Por não haver motivo para ouvir a empresa DERSA, o agravo foi desconsiderado, conforme o artigo 289 do Regimento Interno. 9.2. O processo será encaminhado para o TC - 005.454/2001-4.",
"VISTOS, relatados e discutidos estes autos de aposentadoria, nos quais foi interposto pedido de reexame contra o Acórdão nº 876/2006-1ª Câmara,ACORDAM os Ministros do Tribunal de Contas da União, reunidos em Sessão da 1ª Câmara, diante das razões expostas pelo Relator, em:9.1. com fundamento no art. 48 da Lei nº 8.443/1992, conhecer do pedido de reexame para, no mérito, dar-lhe provimento, de modo a tornar insubsistente o Acórdão nº 876/2006-1ª Câmara;9.2. considerar legal o ato de aposentadoria de fls. 1/2, de interesse de Vera Lucia Motta Chaves, concedendo-lhe o respectivo registro; 9.3. arquivar os presentes autos, após ciência da deliberação à recorrente e ao Tribunal Regional do Trabalho da 1ª Região/RJ.","VISTOS, relatados e discutidos os autos de aposentadoria, em que foi pedido o reexame contra o acórdão nº 876/2006-1ª Câmara. ACORDAM os Ministros do Tribunal de Contas da União, reunidos na 1ª Câmara, considerando as razões do relator: 9.1. com base no art. 48 da Lei nº 8.443/1992, aceitam o pedido de reexame para anular o acórdão nº 876/2006-1ª Câmara; 9.2. consideram legal a aposentadoria das fls. 1/2, de interesse de Vera Lucia Motta Chaves, concedendo o registro; 9.3. arquivar os autos após informar as partes da decisão.",
"Verifico que as irregularidades praticadas pelo ex-empregado da CEF, que ensejaram prejuízos aos cofres da Caixa Econômica Federal, foram adequadamente apuradas por comissão de sindicância designada mediante portaria 13, de 22.2.1995, da Administração de Recursos Humanos/RS da instituição (fls. 2/89).  O responsável não comprovou o recolhimento das importâncias devidas, nem apresentou elementos complementares de defesa, razão pela qual se impõe o julgamento das contas pela irregularidade, com condenação em débito.  Em face da conduta lesiva do responsável, com evidente dolo de dano aos cofres da entidade, considero pertinente e necessária a aplicação ao responsável da multa prevista no art. 57 da Lei 8.443/92, no valor de R$ 60.000,00 (sessenta mil reais).  Assim, VOTO por que o Tribunal de Contas da União aprove o ACÓRDÃO que ora submeto à apreciação desta Primeira Câmara.  Sala das Sessões, em 21 de agosto de 2001.  WALTON ALENCAR RODRIGUES  Ministro-Relator","Verifiquei que as irregularidades cometidas pelo ex-empregado da CEF causaram prejuízos aos cofres da Caixa Econômica Federal. Essas irregularidades foram bem investigadas por uma comissão designada pela Administração de Recursos Humanos/RS, através da portaria 13 de 22.2.1995 (fls. 2/89). O responsável não mostrou que pagou as verbas devidas e nem apresentou elementos para defender-se. Por isso, a conta será julgada com base nas irregularidades, resultando em uma dívida. Devido ao comportamento prejudicial do responsável, que causou danos aos cofres da instituição, é necessário aplicar uma multa prevista na Lei 8.443/92, artigo 57, no valor de R$ 60.000,00. Assim, acho que o Tribunal de Contas da União deve aceitar o acórdão apresentado.
Sala das Sessões, em 21 de agosto de 2001.  
WALTON ALENCAR RODRIGUES  
Ministro-Relator",
"Por oportuno, registro que atuo nestes autos com fundamento nos arts. 27 e 30 da Resolução TCU 175/2005, com redação dada pela Resolução TCU 190/2006, tendo em vista a aposentadoria do Ministro-Substituto Lincoln Magalhães da Rocha e o sorteio realizado pela Secretaria-Geral das Sessões (fl. 117).  2. A presente tomada de contas especial foi instaurada tendo em vista a omissão, pelo ex-Prefeito de Floresta Azul/BA, Sr. Raimundo Silva Cardoso, no dever de prestar contas dos recursos transferidos ao Município, por força do Convênio nº 94272/2000 (fls. 23/33), celebrado com o Fundo Nacional de Desenvolvimento da Educação.  3. Observa-se inicialmente que inexiste discordância acerca da não-comprovação da regular aplicação dos recursos destinados ao Município, tendo em vista que os documentos apresentados pelo Prefeito que assinou o Convênio, Sr. Raimundo Silva Cardoso, em sua resposta à citação, não demonstram o nexo de causalidade entre os valores repassados e as despesas constantes dos documentos de fls. 97/100. São coincidentes os parereces da unidade técnica e do Ministério Público pela responsabilização desse gestor, com sua condenação ao débito e julgamento das contas pela irregularidade.  4. Cabe, então, analisar a questão da responsabilidade solidária do Prefeito sucessor e da aplicabilidade da Súmula-TCU nº 230 ao caso concreto.  5. Consoante destacado pela Secex/SC (fl. 103), o Prefeito sucessor, Sr. Raimundo Sálvio, citado nos autos deste processo, alegou tão somente estar impossibilitado de apresentar a prestação de contas em razão de não ter localizado qualquer documentação a ela referente na Prefeitura. Contudo, não demonstrou qualquer esforço no sentido de adotar as medidas legais cabíveis para o resguardo do patrimônio público, como instaurar a competente tomada de contas especial e/ou acionar judicialmente seu antecessor. Assim, a unidade técnica propõe a condenação do responsável pelo débito apurado nestes autos.  6. O Ministério Público, por sua vez, entende não ser possível depreender dos autos que o dinheiro do convênio tenha sido utilizado pelo Sr. Raimundo Sálvio, não devendo ser-lhe imputada responsabilidade solidária pelo débito em questão.  7. Dentre os documentos apresentados pelo prefeito que assinou o Convênio, encontram-se um contrato de prestação de serviços no valor de R$ 11.707,60 (fl. 100) e uma nota fiscal de R$ 21.252,40 (fl. 97), que somados totalizam R$ 32.960,00, isto é, o valor total do convênio (repasse federal mais contrapartida). Conforme já mencionado, os documentos enviados pelo Sr. Raimundo Silva Cardoso não são suficientes para comprovar a correta aplicação dos recursos, uma vez que desacompanhados de outros elementos necessários à constituição da prestação de contas, sendo insuficientes para demonstrar o nexo de causalidade entre os recursos repassados e as despesas alegadamente efetivadas. Entretanto, tais documentos servem como um reconhecimento de que ele, o prefeito antecessor, foi quem efetivamente geriu os recursos.  8. Por outro lado, o prefeito sucessor não apresentou a prestação de contas e, apesar de alegar estar impossibilitado de fazê-lo, não comprovou a adoção das medidas legais visando ao resguardo do patrimônio público, configurando-se sua co-responsabilidade, nos termos da Súmula-TCU 230. Deve ser ressaltado que o responsável recebeu intimação do órgão concedente lembrando-lhe especificamente deste dever legal, inclusive esclarecendo sobre a possibilidade de configuração da responsabilidade solidária em caso de descumprimento (fl. 40). Também o Tribunal lhe concedeu duas oportunidades para que se manifestasse (fls. 72/73, 109 e 111).  9. Dessa forma, conforme proposto pela unidade técnica, entendo que as contas do prefeito sucessor, Sr. Raimundo Sálvio, devam ser julgadas irregulares, nos termos da Súmula-TCU 230. Considerando que a ocorrência motivadora desse encaminhamento é a não-comprovação da adoção de medidas legais visando ao resguardo do patrimônio público, proponho que o fundamento do julgamento seja a alínea b do inciso III do artigo 16 da Lei 8.443/1992.  10. Ademais, considerando que os elementos constantes dos autos indicam que os recursos em questão foram geridos pelo prefeito antecessor, proponho que não seja imputada ao prefeito sucessor responsabilidade solidária pelo débito, mas que lhe seja aplicada a multa do art. 58, inciso I, da Lei 8.443/1992.  11. Já no que tange ao prefeito antecessor, Sr. Raimundo Silva Cardoso, considerando que foi citado pela não-comprovação da regular aplicação dos recursos transferidos, e que não logrou êxito em sua defesa, proponho, com fundamento no art. 16, inciso III, alínea c, da Lei 8.443/1992, o julgamento de suas contas pela irregularidade, com imputação do débito e aplicação da multa do art. 57 da mesma Lei.  12. Considerando o dever constitucional deste Tribunal de representar ao Poder competente sobre irregularidades ou abusos apurados no exercício de suas atribuições funcionais (art. 71, inciso XI), vislumbro a necessidade de, com base no art. 209, § 6º, in fine, do Regimento Interno, remeter cópia dos autos ao Ministério Público da União, para o ajuizamento das ações que entender cabíveis.  Diante do exposto, VOTO por que o Tribunal aprove o Acórdão que ora submeto à apreciação deste Colegiado.  Sala das Sessões, em 28 de junho de 2006.  Augusto Sherman Cavalcanti  Relator","Por oportuno, registro que atuo nestes autos com base nos arts. 27 e 30 da Resolução TCU 175/2005, com a redação atualizada pela Resolução TCU 190/2006, considerando a aposentadoria do Ministro-Substituto Lincoln Magalhães da Rocha e o sorteio feito pela Secretaria-Geral das Sessões (fl. 117).

A tomada de contas especial foi iniciada por falta de responsabilidade pelo ex-Prefeito de Floresta Azul/BA, Sr. Raimundo Silva Cardoso, em relação ao uso dos recursos transferidos pelo Convênio nº 94272/2000 (fls. 23/33) com o Fundo Nacional de Desenvolvimento da Educação.

Os documentos apresentados pelo Prefeito que assinou o Convênio não mostram como os recursos foram usados, já que não há relação clara entre os valores recebidos e as despesas registradas nos documentos (fls. 97/100). A unidade técnica e o Ministério Público concordam que o Prefeito é responsável por isso.

A responsabilidade solidária do novo Prefeito, Sr. Raimundo Sálvio, deve ser analisada. Ele alega não ter documentos sobre os recursos, mas não mostrou esforço para proteger o patrimônio público, como instaurar uma tomada de contas especial ou buscar legalmente seu antecessor. Por isso, ele também é responsabilizado.

O Ministério Público diz que não há evidência de que o novo Prefeito usou os recursos, então não o culpa solidariamente.

Os documentos apresentados mostram que o antigo Prefeito gerenciou os recursos. O novo Prefeito não fez a conta e, apesar de dizer que não tem documentos, não agiu para proteger o patrimônio, o que o torna responsável.

Por isso, as contas do novo Prefeito devem ser consideradas irregulares. O responsabilizado será multado conforme a Lei 8.443/1992.

O antigo Prefeito também foi culpado por não mostrar como os recursos foram usados e não defender-se bem. Ele deve ser punido com multa, também conforme a Lei 8.443/1992.

Então, o Tribunal deve enviar os autos ao Ministério Público para que ajuizem as ações necessárias.

VOTO por que o Tribunal aprova o Acórdão apresentado.",
"Trata-se de recursos de reconsideração interpostos por Mário Agostinho Neto, Roberto de Holanda Lucas e Abílio Produções e Eventos (representada por seu sócio Carlos Abílio Ferreira da Silva) contra o acórdão 547/2015-Plenário, que julgou irregulares suas contas especiais, com imputação de débito, multa, declaração de inidoneidade para licitar e contratar e inabilitação para exercício de cargo público federal, em razão de irregularidades na prestação de contas do Convênio 170/2007, celebrado entre o Ministério do Turismo e o Centro Nacional de Educação Ambiental e Geração de Emprego (Cenage) para realização do evento São Pedro de Pedra Lavada.2. Preliminarmente, conheço dos recursos por preencherem os requisitos de admissibilidade previstos para a matéria.3. No mérito, acompanho os pareceres exarados nos autos, que opinaram pela denegação de provimento aos apelos.4. A arguição de nulidade do processo por irregularidades na notificação pelo órgão repassador, suscitada por Mário Agostinho Neto e Roberto de Holanda Lucas, então presidente e tesoureiro do Cenage, respectivamente, não pode prosperar. Como anotou a Serur, a notificação na fase interna da tomada de contas especial é suprida pela citação no âmbito do processo que se desenvolve neste Tribunal. Nestes autos, houve correta citação dos responsáveis e apresentação de defesa, que foi devidamente analisada antes do julgamento que deu ensejo ao acórdão recorrido. Assim, não procede o argumento de nulidade absoluta dos autos.5. A Abílio Produções e Eventos alegou que é vítima de fraude em seus documentos e solicitou perícia grafotécnica e grafológica para elucidação dos fatos. A Serur afastou tal arguição fundada no nexo causal entre os recibos assinados pela empresa, as notas fiscais apresentadas, a relação de pagamento e os débitos no extrato bancário da conta específica nos valores respectivos. Caberia à recorrente juntar os laudos periciais que entendesse pertinentes para sua defesa, uma vez que não há previsão legal ou regimental para que se exija a sua produção no âmbito deste Tribunal.6. Endosso tais conclusões. A inidoneidade dos documentos juntados aos autos teria que ser provada pelo recorrente por meio de declaração da Secretaria de Fazenda que invalidasse a nota fiscal ou comprovasse não ser de autoria da empresa, além de outros indícios que colocassem em cheque a validade da documentação que embasaram a condenação.  Isso não foi feito.7. Não foram trazidos nos recursos fotos, filmagens, material de divulgação, panfletos, reportagens sobre o evento ou declaração expressa de autoridade local que atestasse sua realização, consoante exigido na prestação de contas. A empresa recorrente foi investigada por fraudes em licitações pela Controladoria-Geral da União  CGU, Polícia Federal e Ministério Público do Estado da Paraíba na operação Pão e Circo e acusada de ser de fachada, uma vez que seriam incompatíveis a relação de empregados com a atividade desempenhada e a sede social com os serviços prestados. Persiste firme a convicção do pagamento e do recebimento por serviços não prestados, em razão da ausência de comprovação da realização do objeto conveniado.8. Posto isso, adiciono os fundamentos da Serur às minhas razões de decidir e voto por que o Tribunal adote a deliberação que submeto a sua consideração.TCU, Sala das Sessões, em 19 de outubro de 2016.ANA ARRAES Relatora","Os recursos foram apresentados por Mário Agostinho Neto, Roberto de Holanda Lucas e Abílio Produções e Eventos (representada por Carlos Abílio Ferreira da Silva) contra o acórdão 547/2015-Plenário, que declarou irregular as contas especiais do Convênio 170/2007 entre o Ministério do Turismo e o Cenage, por irregularidades na prestação de contas do evento São Pedro de Pedra Lavada.

Conheço os recursos porque cumpriram os requisitos para serem considerados. No mérito, acordo com as opiniões dos advogados que defendem os réus, que alegam que os apelos não devem ser acolhidos.  

A arguição de nulidade do processo por irregularidades na notificação não é válida, pois a notificação interna foi suprida pela citação correta dos envolvidos e pela defesa apresentada. Não há nulidade absoluta.  

A Abílio Produções e Eventos alega que seus documentos são frágeis e pede uma perícia, mas a Serur diz que não há necessidade de tal pericia no tribunal. A empresa deveria fornecer os laudos se quisesse usá-los na defesa, mas isso não foi feito.  

Não foram apresentados elementos como fotos, filmagens ou declarações de autoridades para comprovar a realização do evento, conforme exigido. A empresa também foi investigada por fraudes e acusada de ser uma empresa fictícia, pois a relação dos sócios não era compatível com as atividades. Continua a haver dúvida sobre o pagamento por serviços não realizados, por falta de comprovação da realização do evento convencionado.  

Com base nisso, confirmo as conclusões da Serur e mantenho a decisão do tribunal.",
"Registro, inicialmente, que atuo nestes autos com fundamento no disposto no art. 18 da Resolução TCU nº 64/96, tendo em vista tratar-se de processo referente à Lista de Unidades Jurisdicionadas nº 07.  Ratifico a proposta de mérito da SERUR e do Ministério Público no sentido de que o presente recurso de revisão não preenche os requisitos de admissibilidade previstos no art. 35 da Lei nº 8.443, de 16 de julho de 1992, não devendo, pois, ser conhecido.  A questão tratada neste recurso já foi objeto de apreciação em diversas assentadas.  Com efeito, transcrevo parte do Voto proferido pelo Ministro Adylson Motta ao ter presente o recurso de revisão interposto, igualmente, pela ora recorrente (Acórdão 1596/2003 - Plenário - Sessão de 29/10/2003):  A fundamentação utilizada pela recorrente (superveniência de documentos novos com eficácia sobre a prova produzida) não se verificou. Fatos novos são aqueles não considerados anteriormente no processo, e, que, pela sua relevância, poderia alterar o julgamento de mérito efetuado. O teor da Decisão Plenária 1.590/2002 em nada influencia as questões de mérito tratadas nestes autos. Aliás, há que se ressaltar que tal fato já foi fartamente discutido nesta Corte, a exemplo dos TCs 425.174/1996-4, Acórdão 15/2002-1ªC, 425.175/1996-0, Acórdão 16/2002-1ªC e 425.176/1996-0, Acórdão 17/2002-1ª C.  De qualquer sorte, mesmo se conhecido fosse, inexoravelmente ter-se-ia que lhe negar provimento, uma vez que os argumentos ora apresentados pelo recorrente para desconstituir o acórdão condenatório não são inéditos aos autos; são repetições do que tem alegado em vários processos da espécie, não possuindo o condão de elidir as irregularidades motivadoras do juízo emanado por este Tribunal.  Ademais, já foram exaustivamente rechaçados por esta Corte de Contas por ocasião da rejeição das alegações de defesa (Decisões 336/2000 e 337/2000 - Primeira Câmara - TCU), do julgamento de mérito das contas especiais (Acórdão 220/2002) e da apreciação do Recurso de Reconsideração anteriormente interposto (Acórdão 799/2002-1ªC).  ...................................................................................................  Os arts. 12 e 16 da Lei 4.320/64 são taxativos na definição da aplicação das subvenções sociais, apenas em despesas de custeio, com prestação de serviços essenciais de assistência social, médica e educacional.  Aplicando os valores recebidos na formação do patrimônio da entidade, que é privada, não se atendeu, na época, ao interesse público. Muitas pessoas foram impedidas de estudar por adversidades de ordem financeira que o governo federal, em boa hora, havia decidido minorar. Ausente, por isso, qualquer possibilidade de reconhecimento da boa-fé do gestor. A entidade interessada em receber subvenção social tinha, necessariamente, de estar estabelecida e em pleno funcionamento, o que pressupõe que a Unic preenchia essas condições. Isso está bem claro no art. 17 da Lei 4.320/62, segundo o qual: Somente à instituição cujas condições de funcionamento forem julgadas satisfatórias pelos órgãos oficiais de fiscalização serão concedidas subvenções. E mais, no parágrafo único do art. 16 da mesma lei, consta que o valor das subvenções, sempre que possível, será calculado com base em unidades de serviços efetivamente prestados ou postos à disposição dos interessados.  A peça recursal nada trouxe de novo aos autos que pudesse ensejar a reforma do acórdão recorrido. Muitos dos argumentos são mera repetições dos constantes nos autos. As irregularidades remanescem: desvio de finalidade na aplicação dos recursos recebidos a título de subvenção social e ausência de boa-fé dos responsáveis.  Sobre este último ponto, é bom lembrar que nos autos do TC 425.208/1995-8, in Acórdão 94/98 - Plenário, este Tribunal, examinando caso semelhante, decidiu favoravelmente à aplicação de recursos de subvenção social na construção de prédios e na aquisição de equipamentos.  Como destaca o Ministério Público, este Tribunal entendeu naquele processo não ter havido má-fé por parte do responsável, o que já não se verifica nos autos em exame, de acordo com o teor do Acórdão 827/2002 - Primeira Câmara (fl. 387), que assim dispôs:  Considerando que, por meio do Acórdão 17/2002 - Primeira Câmara - TCU, entre outras providências, as presentes contas foram julgadas irregulares e condenados em débito, solidariamente, os responsáveis acima indicados, com a fixação de prazo para recolhimento ao Tesouro Nacional da importância referida, vez que comprovada ausência de boa-fé dos responsáveis e a aplicação dos recursos transferidos a título de subvenção social com desvio de finalidade, pois que foram destinados a despesas de capital, em prol do aumento do patrimônio da entidade privada;  Diante do exposto, acolho as propostas de mérito da SERUR e do Ministério Público, e VOTO no sentido de que o Tribunal adote o Acórdão que ora submeto à apreciação deste Plenário.  TCU, Sala das Sessões Ministro Luciano Brandão Alves de Souza, em 31 de março de 2004.  LINCOLN MAGALHÃES DA ROCHA  Relator","Registro que atuo nestes autos com base no art. 18 da Resolução TCU nº 64/96, pois trata-se de processo referente à Lista de Unidades Jurisdicionadas nº 07. Ratifico a proposta de mérito da SERUR e do Ministério Público que o presente recurso de revisão não é admissível, conforme previsto no art. 35 da Lei 8.443/92, por isso não deve ser conhecido. A questão já foi discutida em várias sessões. O Ministro Adylson Motta já decidiu que os argumentos apresentados não são novos e não alteram o julgamento anterior. Mesmo se o recurso fosse conhecido, não teria provimento, pois os argumentos são repetitivos e não resolvem as irregularidades. Além disso, as irregularidades já foram rejeitadas em outros processos. Os arts. 12 e 16 da Lei 4.320/64 definem como as subvenções sociais devem ser usadas, apenas para despesas de custeio com serviços essenciais. No caso, os recursos foram usados para aumento do patrimônio de uma entidade privada, o que não atendeu ao interesse público. A entidade deveria estar funcionando e com condições adequadas para receber subvenções. O Ministério Público afirma que os argumentos são repetitivos e não resolvem as irregularidades. O Tribunal decidiu que o recurso não deve ser acolhido, e VOTO que o Tribunal adote o Acórdão apresentado. TCU, Sala das Sessões Ministro Luciano Brandão Alves de Souza, em 31 de março de 2004. LINCOLN MAGALHÃES DA ROCHA Relator.",
"Inicialmente, à vista do contido nos arts. 237, inciso III e parágrafo único, e 235, do Regimento Interno/TCU, cabe conhecer da presente Representação encaminhada pelo Presidente da Câmara Municipal de Tabocas do Brejo Velho/BA, Sr. Hermes Ribeiro Antunes.  2. A documentação em tela contém, essencialmente, cópia dos Pareceres Prévios do Tribunal de Contas dos Municípios da Bahia - TCM/BA sobre as Prestações de Contas da Prefeitura Municipal de Tabocas do Brejo Velho/BA referentes aos exercícios de 1999 e 2000, no qual constam supostas irregularidades na aplicação de recursos provenientes do Fundo de Manutenção e Desenvolvimento do Ensino Fundamental e de Valorização do Magistério - Fundef, bem como cópia dos Decretos da Câmara Municipal reprovando as contas do Prefeito nesse período, Sr. Martiminiano Gonçalves de Araújo.  3. Conforme visto no Relatório precedente, a questão atinente à não-contabilização como receita municipal da totalidade dos recursos recebidos por força do Programa Nacional de Alimentação Escolar - PNAE, verificada no ano de 1999, está sendo devidamente tratada no bojo do TC 012.834/2003-0, razão pela qual não foi objeto de audiência do então Prefeito.  4. As ocorrências remanescentes dizem respeito ao descumprimento do art. 7º da Lei n. 9.424/1996 nos anos de 1999 e 2000 e à glosa, pelo TCM/BA, de despesas com recursos do Fundef, em razão de sua não-adequação às finalidades desse Fundo, no ano de 1999.  5. No tocante à primeira questão supra, o dispositivo legal mencionado exige que sejam aplicados, no mínimo, 60% dos recursos do Fundef na remuneração dos profissionais do magistério em efetivo exercício de suas atividades no ensino fundamental público.   6. Com efeito, as informações constantes dos autos indicam que o referido percentual não foi atingido nos exercícios de 1999 e de 2000, restando, portanto, infringida a norma em tela.  7. Todavia, não creio que a falta indicada tenha, no caso vertente, gravidade suficiente para ensejar a apenação sugerida. A propósito, situação semelhante à do presente feito foi retratada nos autos do TC 006.018/2001-0, também de minha relatoria, processo apreciado na sessão de 30/03/2004 da 1ª Câmara, ocasião em que consignei, no Voto condutor do Acórdão 613/2004, que deveria ser ponderado o descumprimento do referido percentual nos primeiros anos de vigência desse novo instituto, haja vista que o Fundef tinha sido implantado em 1º/01/1997.  8. Tal linha de encaminhamento foi acolhida pelo Colegiado, tendo sido expedida determinação à Prefeitura Municipal para que observasse o disposto no art. 7º da Lei n. 9.424/1996.  9. Creio, então, que a mesma orientação deve prevalecer no julgamento deste processo, seguindo, aliás, entendimento adotado pelo Tribunal em outros processos semelhantes, quanto ao descumprimento do art. 7º da referida lei (Acórdão 133/2003  - Plenário, Acórdão 964/2003 - Primeira Câmara, Decisão n. 418/2000  - Plenário).  10. Quanto à segunda ocorrência relatada nos autos, referente à glosa das despesas pelo TCM/BA, as quais teriam sido aplicadas em finalidades diversas das estabelecidas para o Fundef, creio ser suficiente a determinação sugerida pela Secex/BA, pois, pelo que se pode depreender da documentação acostada ao feito, tais valores foram aplicados em prol da municipalidade, embora não na finalidade específica do Fundef.  11. Por fim, no que diz respeito à solicitação do Presidente da Câmara Municipal de Tabocas do Brejo Velho/BA para que este Tribunal determine a cassação dos direitos políticos do ex-Prefeito, Sr. Martiminiano Gonçalves de Araújo, deve-se atentar para o fato de que tal atribuição não se insere nas competências desta Corte de Contas.  Ante o exposto, voto por que seja adotada a deliberação que ora submeto a este Colegiado.  T.C.U., Sala das Sessões, em 10 de março de 2005.  MARCOS BEMQUERER COSTA  Relator","Inicialmente, conforme os arts. 237, inciso III e parágrafo único, e 235 do Regimento Interno/TCU, cabe julgar a Representação enviada pelo Presidente da Câmara Municipal de Tabocas do Brejo Velho/BA, Sr. Hermes Ribeiro Antunes.

O documento inclui cópias dos Pareceres Prévios do TCM/BA sobre as Prestações de Contas da Prefeitura de Tabocas do Brejo Velho/BA nos anos de 1999 e 2000, que mostram possíveis irregularidades na aplicação de recursos do Fundef. Também há cópias dos Decretos que reprovaram as contas do Prefeito, Sr. Martiminiano Gonçalves de Araújo.

Conforme o relatório anterior, a questão sobre a não-contabilização de recursos do PNAE como receita municipal em 1999 foi tratada no TC 012.834/2003-0 e não foi ouvida o Prefeito.

As outras questões envolvem o descumprimento do art. 7º da Lei 9.424/1996 nos anos de 1999 e 2000, e a glosa de despesas com recursos do Fundef por não serem usados para sua finalidade.

O artigo 7º exige que pelo menos 60% dos recursos do Fundef sejam aplicados na remuneração dos professores. No entanto, esse percentual não foi atingido nos anos de 1999 e 2000, o que viola a norma.

No entanto, a falta de cumprimento não é grave o suficiente para justificar a apenação. Como no caso do TC 006.018/2001-0, o descumprimento nos primeiros anos de vigência do Fundef deve ser considerado.

O Tribunal já decidiu que o descumprimento do art. 7º da Lei 9.424/1999 deve ser ponderado, especialmente nos primeiros anos de aplicação do Fundef.

Quanto à glosa das despesas com recursos do Fundef, a determinação sugerida pela Secex/BA é suficiente, pois os valores foram usados para a municipalidade, embora não na finalidade específica do Fundef.

Por fim, a solicitação de cassação dos direitos políticos do ex-Prefeito não é competência desta Corte de Contas.

Ante o exposto, vote por que seja adotada a deliberação apresentada. 

T.C.U., Sala das Sessões, em 10 de março de 2005.  
MARCOS BEMQUERER COSTA – Relator",
"Adoto como relatório a instrução elaborada por auditor da Secex-TCE (peça 7) , cuja proposta de encaminhamento contou com a anuência do dirigente da mencionada unidade técnica (peça 8) :Por intermédio dos Ofícios 40/Suest-GO, 40/Suest/BA, 5/Suest/AM e 46/Suest/SP, bem como do e-mail proveniente da Suest/CE (peças 2, 3, 4, 5 e 6) , os titulares das respectivas superintendências da Fundação Nacional de Saúde relatam dificuldades operacionais para cumprir os prazos previstos nos arts. 24, inciso I, alíneas a, b e c e 37 da Portaria/TCU nº 122, de 20/4/2018, notadamente, quanto ao volume de trabalho nos serviços de convênio e a insuficiência de servidores para desempenhar as atividades inerentes aos seus respectivos  setores responsáveis pela análise de prestação de contas.2. De acordo com o art. 11 da DN/TCU nº 155/2016, o Tribunal de Contas da União disponibilizará sistema informatizado para a constituição e tramitação do processo de tomada de contas especial, que observará os princípios, diretrizes e requisitos dispostos em normativo próprio. O parágrafo 4º do citado artigo dispõe que os débitos que não forem objeto de instauração de tomada de contas especial em razão do disposto nos incisos I ou II do art. 6º da IN-TCU nº 71/2012 deverão ser registrados no sistema informatizado mencionado.3. Em momento posterior, a Presidência do Tribunal baixou a Portaria/TCU nº 122, de 20/4/2018 (alterada pela de nº 114/22019) , cujo teor dispõe sobre a implantação e a operacionalização do sistema informatizado de tomada de contas especial (Sistema e-TCE) , com amparo no § 5º do art. 11 da Decisão Normativa/TCU nº 155, de 23/11/2016. O art. 24 da citada norma assim estabelece:Art. 24. Os débitos que não forem objeto de instauração de TCE em razão do disposto nos incisos I ou II do art. 6º da IN-TCU nº 71/2012, devem ser cadastrados pela autoridade competente no Sistema e-TCE, conforme previsto no § 4º do art. 11 da DN-TCU nº 155/2016.§ 1º A inserção de dados e documentos no Sistema e- TCE concernentes aos débitos de que trata o caput deve observar o disposto do art. 11 desta Portaria;§ 2º O cadastramento de que trata o caput, não poderá exceder:I - no caso de débitos inferiores ao limite de instauração de TCE, o prazo máximo de cento e oitenta dias, a contar:a) nos casos de omissão no dever de prestar contas, do primeiro dia subsequente ao vencimento do prazo para apresentação da prestação de contas;b) nos casos em que os elementos constantes das contas apresentadas não permitirem a conclusão de que a aplicação dos recursos observou as normas pertinentes e/ou atingiu os fins colimados, da data-limite para análise da prestação de contas;c) nos demais casos, da data do evento ilegítimo ou antieconômico, quando conhecida, ou da data da ciência do fato pela administração.4. Já o art. 37 da Portaria/TCU nº 122, de 20/4/2018, assim dispõe: Art. 37. Os débitos inferiores ao limite de instauração fixado pelo TCU, cujas datas de início de contagem de prazo, na forma do art. 24, §2º, forem anteriores à 1º de julho de 2018, deverão ser inseridos no sistema até 29 de março de 2019, caso não tenham sido objeto das ocorrências previstas nos incisos I a IV do art. 25 e § 1º do art. 26 desta Portaria.5. Dada a realidade vivenciada pelos órgãos responsáveis pela instauração e instrução de tomadas de contas e, agora, também pelo registro de débitos inferiores ao limite fixado pelo TCU em sistema próprio, consideramos o pedido formulado pelos titulares das superintendências da Fundação Nacional de Saúde dos estados de Goiás, Bahia, Amazonas, São Paulo e Ceará  dotado de plausibilidade, razão pela qual sugerimos a sua admissão.6. Com efeito, o problema citado no item anterior é realidade conhecida pelo TCU. Não se discute a existência de tais dificuldades. Contudo, não se pode esquecer que a (s) data (s) limites estabelecidas para a inscrição de débitos que não forem objeto de instauração de tomada de contas especial (incisos I ou II do art. 6º da IN-TCU nº 71/2012) em sistema próprio tiveram justamente a intenção de induzir a adoção medidas tendentes à resolução desse impasse. Ou seja, os arts. 24, inciso I, alíneas a, b e c, e 37 da Portaria/TCU nº 122, de 20/4/2018, objetivaram acelerar a adoção, por parte de órgãos e entidades, de medidas de cunho administrativo para tornar mais tempestivo o registro desses débitos e a sua respectiva cobrança.7. Porém, deve-se reconhecer que, de fato, providências têm sido adotadas para dar maior celeridade às atividades de análise de prestação de contas, de instauração e instrução de tomada de contas especiais e, recentemente, de registro dos débitos inferiores que não são objeto de instauração de tomadas de contas especiais (art. 6º, incisos I e II, da IN/TCU 71/2012) .8. Como já asseverado no juízo de admissibilidade, as justificativas apresentadas conferem plausibilidade ao pedido de fundo contido nesta solicitação.  Portanto, é possível a invocação dos princípios do formalismo moderado e da razoabilidade, para conhecer desta Solicitação e conceder a dilação de prazo por um período de 12 meses.9. A situação em análise cuida de débitos que não são objeto de instauração de tomadas de contas especiais (art. 6º, incisos I e II, da IN/TCU 71/2012) e o termo inicial para a contagem do prazo prorrogado de 12 meses deve observar o fim dos prazos inicialmente concedidos por meio dos arts. 24, inciso I, alíneas a, b e c e 37 da Portaria/TCU nº 122, de 20/4/2018.10. Tendo em vista se tratar de proposta de prorrogação de prazo fixado em norma baixada pela Presidência do Tribunal, o processo deve, necessariamente, ser encaminhado ao Gabinete do Relator, uma vez que não se trata de matéria passível de ser deliberada no âmbito da Unidade Técnica.11.  Em face do exposto, submetemos o processo à consideração superior para, na sequência, ser encaminhado ao Gabinete do Relator, Excelentíssimo Senhor Ministro Benjamin Zymler, com as seguintes propostas:a) conhecer desta solicitação, para, no mérito considera-la procedente;b) deferir, por um período de 12 meses, contados a partir do final dos prazos estabelecidos nos arts. 24, inciso I, alíneas a, b e c e 37 da Portaria/TCU nº 122, de 20/4/2018, a prorrogação de prazo solicitada pelos titulares das superintendências da Fundação Nacional de Saúde dos estados de Goiás, Amazonas, Bahia, São Paulo e Ceará;c) informar aos solicitantes sobre a decisão que vier a ser adotada em relação aos seus respectivos pleitos; ed) encerrar o presente processo, após a realização das notificações que se fizerem necessárias, tendo em vista o disposto no art. 169, inciso V, do RI/TCU.É o relatório.","Adoto como relatório a instrução elaborada por um auditor da Secex-TCE (peça 7), que teve o visto de uma unidade técnica (peça 8). Por meio de alguns ofícios e e-mails, as autoridades das superintendências da Fundação Nacional de Saúde relatam dificuldades para cumprir prazos previstos em certas normas, especialmente no volume de trabalho nos serviços de convênio e na falta de servidores.

De acordo com uma regra, o Tribunal disponibilizou um sistema informatizado para o processo de tomada de contas especial, que segue certos princípios. Um artigo diz que os débitos não abordados nesse processo devem ser registrados no sistema.

Mais tarde, a Presidência do Tribunal emitiu uma portaria que explica como funciona esse sistema. O artigo 24 da portaria diz que os débitos não objeto de tomada de contas especiais devem ser cadastrados no sistema. Alguns parágrafos explicam como isso deve ser feito.

O artigo 37 da mesma portaria determina que alguns débitos devem ser inseridos no sistema até uma data específica, se não forem abordados em certos processos.

Considerando as dificuldades enfrentadas pelos órgãos, a solicitação dos titulares das superintendências é plausível. O problema já conhecido pelo TCU e os prazos estabelecidos visam resolver esse impasse. Medidas foram adotadas para acelerar o processo.

As justificativas apresentadas conferem plausibilidade à solicitação. Portanto, pode-se reconhecer a validade da petição e conceder um prazo de 12 meses. 

A proposta inclui: conhecer a solicitação, prorrogar o prazo por 12 meses, informar os solicitantes sobre a decisão e encerrar o processo após as notificações necessárias. O processo deve ser encaminhado ao Gabinete do Relator.",
"Cuida-se de auditoria realizada no Município de Queimadas/BA para verificar a regularidade da aplicação dos recursos relativos aos Programas Nacional de Apoio ao Transporte Escolar (PNATE) e Caminho da Escola, no que toca à aquisição e manutenção dos veículos utilizados no transporte escolar. 2. Tais programas são os que, atualmente, estão voltados ao transporte de estudantes. O Programa Caminho da Escola objetiva a renovação da frota dos veículos (ônibus, embarcações) utilizados no transporte escolar, como forma de garantir, com qualidade e segurança, o acesso e a permanência dos alunos nas escolas da rede pública da educação básica, prioritariamente residentes na zona rural. Além desses veículos, podem ser adquiridas também bicicletas escolares para auxiliar no transporte dos alunos que caminham de três a quinze quilômetros para chegar à escola ou ao ponto de ônibus mais perto.2.1 Atualmente, são três as formas para o alcance desse objetivo: a) financiamento junto ao BNDES (linha de crédito especial para aquisição de veículos para transporte escolar); b) celebração de convênio com o FNDE, no âmbito do Plano de Ações Articuladas; e c) recursos próprios (adesão à Ata de Registro de Preço em vigência no Sistema de Gerenciamento de Adesão de registro de preço, no sítio do FNDE).2.2 O PNATE visa garantir o acesso e a permanência na escola dos alunos do ensino básico, fundamental e médio, residente na área rural, por meio da assistência financeira, em caráter suplementar, aos estados, DF e municípios para o custeio do transporte. Os recursos são repassados automaticamente pelo FNDE, sem a necessidade da celebração de convênio, a partir do momento em que é informada, no Censo Escolar, a existência de alunos residentes em área rural que utilizam transporte escolar. Esses recursos podem custear as seguintes despesas: reforma, seguro, licenciamento, impostos, taxas, pneus, câmaras, serviços de mecânica, freio, suspensão, câmbio, motor, elétrica, funilaria, recuperação de assentos, combustível, lubrificantes do veículo e serviços contratados junto a terceiros para o transporte escolar.3. No Município de Queimadas/BA o transporte escolar é realizado por meio da contratação de serviço terceirizado, contando também com o apoio de (05) cinco ônibus adquiridos pelo Programa Caminho da Escola. 4. Na presente auditoria, observou-se a utilização do transporte por não estudantes e de mercadorias, em flagrante desvio de finalidade, fruto, essencialmente, da falta de fiscalização, pelo Município, dos serviços e de efetividade do controle social.5. A propósito dessa pouca efetividade do controle social, foram verificados, em relação ao Conselho Municipal de Educação/CME, a ausência/insuficiência de capacitação de seus membros e o não implemento das competências estabelecidas nas normas do PNATE, o que não contribui para o pleno exercício de sua missão social, qual seja, acompanhar e controlar a execução do transporte escolar no município. 5.1 Foram invocadas como causas para a situação a negligência da administração municipal, consubstanciada na ausência de criação de oportunidades de capacitação, e a insuficiência de infraestrutura do conselho, com carência de recursos financeiros (inércia administrativa na liberação da dotação orçamentária) e materiais (veículos para fiscalização). Ainda, foi ressaltado pelos conselheiros que a empresa contratada pelo Município para fazer o transporte escolar (CLN - Construtora Lagoa Nova) prejudica o acompanhamento social ao dificultar o acesso aos documentos de prestação de contas; bem assim que falta participação da sociedade, conhecimento técnico dos conselheiros; pronto atendimento nas solicitações de transporte; e que há dificuldade em obter informações junto à Secretaria de Educação.5.2 Segundo a equipe de auditoria, a administração municipal não prioriza as necessidades e importância do controle social, como demonstra ao negar a sua autonomia financeira prevista em lei. Os conselheiros estão desatualizados e despreparados para uma atuação dinâmica e efetiva no acompanhamento da execução dos serviços do transporte escolar.6. No tocante à falta de fiscalização dos serviços pelo Município, foi constatada a inexistência de fiscal para acompanhamento da execução contratual do transporte escolar. Na verdade, a gestão e o controle do contrato encontram-se totalmente concentrados na empresa contratada, que detém toda a documentação a ele relativa (relação de veículos particulares que prestam serviços, valor pago, itinerários e trechos de deslocamento com quilometragem, número de alunos transportados por dia, marca/modelo do veículo com respectiva documentação e relação dos condutores).6.1 A equipe de auditoria assevera, inclusive, que a empresa CLN - Construtora Lagoa Nova Ltda., contratada desde 2009 para prestar os serviços do Transporte Escolar, detém poder ante a administração municipal, sendo soberana no que diz respeito a esse serviço, como provam o ofício n.º 030/2011 e documentos dessa empresa enviados à secretaria de educação em resposta à solicitação feita pelo TCU àquela secretaria.7. Em relação aos veículos utilizados para o transporte escolar (próprios e terceirizados), foi constatada, à exceção dos 5 adquiridos por meio do Programa Caminho da Escola, a existência de frota velha, em mau estado de conservação, com anos de uso além do estipulado em legislação federal, estadual ou municipal, no contrato ou pelo fabricante do veículo, para transporte escolar. Além disso, não possuem equipamentos obrigatórios de segurança para o transporte escolar nem placa (em 4 dos 9 veículos). Ainda, não possuem autorização do Detran para circular, tampouco foram submetidos à inspeção semestral desse órgão; e os motoristas não têm o requisito de aprovação em curso especializado, como prevê o art. 138, V, do Código de Trânsito Brasileiro.8. Foram registradas, igualmente, irregularidades no processo licitatório realizado para contratação dos serviços de transporte escolar (Licitação nº 08-002/2011; Processo Administrativo: 111/2011; Contrato 296/2011) que culminou com a contratação da empresa CLN - Construtora Lagoa Nova Ltda: previsão de transporte de mobiliário escolar e a contratação de 28 motocicletas, apesar de constar como objeto da licitação a contratação de ônibus, veiculo tipo van ou similar, veiculo utilitário e caminhão com carroceria fechada para prestação de serviços de Transporte Escolar.9. Por fim, registre-se que o Município de Queimadas, por conta de inadimplência em relação a prestações de contas do PNATE, teve suspensas suas transferências a partir de set/2010 até 2012. Atualmente, segundo o sítio do FNDE, a situação das contas/2010 está indicada como NÃO ATENDIDO, ou seja, ainda não foi apresentada. De qualquer forma, verifica-se que, em 2012, foram repassados R$ 281.398,77 e, até abril deste ano, foram repassados R$ 92.877,74. Segundo o sítio do FNDE, o prazo final para apresentação das contas dos recursos do PNATE, referentes aos exercícios de 2011 e 2012, encerra-se dia 14/6/2013.9.1 A equipe de auditoria informa, também, que o Município está inadimplente em relação à apresentação da prestação de contas do Convênio n. 701283/2010 (Siafi 661183), celebrado no âmbito do Programa Caminho da Escola, em 03/6/2010, no valor de R$ 615.780,00, para aquisição de veículo automotor, zero quilômetro, com especificações para transporte escolar. 10. Ante os fatos apurados nesta auditoria, foi realizada a audiência do ex-prefeito (gestão de 1/1/2009 a 31/5/2010), Edivaldo Cayres Rodrigues, e do atual prefeito (a partir de 1/6/2010), Paulo Sérgio Brandão Carneiro. Após análise das justificativas apresentadas pelo primeiro (o segundo ficou silente), a unidade técnica, considerando que o ex-gestor logrou sanear as questões a ele atinentes, propôs a aplicação da multa prevista no art. 58, III, somente ao atual prefeito, tendo em vista as seguintes irregularidades:  a) ausência efetiva de acompanhamento e fiscalização dos serviços de transporte escolar, prestados pela firma CLN - Construtora Lagoa Nova Ltda., durante seu mandato (até a data da auditoria), que proporcionou a ocorrência de utilização de veículos velhos e em péssimas condições de operação; de condutores sem a habilitação e treinamento devidos, em afronte ao Código de Trânsito Brasileiro (Lei n.9503/1997, art.136), colocando em risco a segurança dos alunos;  b) desvio de finalidade do objetivo do PNATE, com transporte de não estudantes e de mercadorias; c) baixa oferta de oportunidades de treinamento/capacitação aos membros do Conselho de Educação Municipal, bem assim a falta da dotação orçamentária prevista na Lei nº 15/1997, que instituiu o Conselho Municipal de Educação (fl. 9/peça 34); de pronto atendimento a suas solicitações de informação a respeito do serviço de transporte escolar. 10.1 Além dessa penalidade, propôs a expedição de vários alertas ao Município de Queimadas  e de determinação ao FNDE para instauração de TCE em razão da omissão no dever de prestar contas do Convênio nº. 701283/201. 11. Acolho o encaminhamento proposto, apenas convertendo os alertas propostos em ciência ao ente municipal. Friso que a falta geral de fiscalização da prestação dos serviços de transporte escolar propicia, além de ambiente altamente favorável à ocorrência de inúmeras irregularidades, como fraudes, conluios e/ou pagamentos indevidos, a desatenção com os aspectos de segurança, conforto e pontualidade dos serviços. Veja-se a notícia de dois acidentes que ocorreram no município de Queimadas em 2011. Uma criança de 11 anos, sem cinto de segurança, foi lançada para fora de um veículo escolar, quando a porta foi aberta inesperadamente numa curva, tendo tido ferimentos não fatais; e outra, de 13 anos, que faleceu ao desequilibrar-se perto do ponto em que iria desembarcar, cair do veículo e ser por ele atingida na cabeça. TCU, Sala das Sessões Ministro Luciano Brandão Alves de Souza, em 11 de junho de 2013.JOSÉ JORGE Relator","A auditoria no Município de Queimadas/BA verificou problemas no uso dos recursos destinados aos programas PNATE e Caminho da Escola, que devem assegurar o transporte seguro dos alunos. O Caminho da Escola busca substituir os veículos escolares velhos por novos, para garantir a segurança e o acesso dos alunos às escolas, especialmente em áreas rurais. Além disso, podem ser adquiridas bicicletas para alunos que caminham longas distâncias.

Atualmente, há três formas de financiamento para esses programas: através do BNDES, convênio com o FNDE ou recursos próprios. O PNATE ajuda os estados e cidades a custear o transporte escolar em áreas rurais, sem necessidade de convênio, desde que sejam registrados os alunos que usam esse serviço.

No município, o transporte escolar é feito por empresa terceirizada, com cinco ônibus adquiridos pelo Caminho da Escola. A auditoria descobriu que alguns veículos foram usados para não estudantes ou cargas, o que é ilegal devido à falta de fiscalização.

O Conselho Municipal de Educação não está eficaz: seus membros não estão capacitados e não estão cumprindo suas funções. Além disso, a empresa contratada dificulta o acompanhamento dos documentos e há falta de informações sobre o transporte.

A administração municipal não prioriza o controle social e não autoriza a autonomia financeira prevista em lei. A empresa terceirizada tem controle total do serviço e não deixa a administração fiscalizar as operações.

Os veículos utilizados no transporte escolar estão com mais de 10 anos, em mau estado, sem equipamentos de segurança e sem placa. Alguns não têm autorização para circular e os motoristas não estão qualificados.

A licitação para contratação da empresa foi feia: contratou motocicletas, mas a licitação era para ônibus. O município também está com problemas em pagar as contas do PNATE, o que levou à suspensão de recursos por alguns anos.

Foram ouvidos os ex-prefeito e o atual prefeito. O ex-prefeito teve tempo para corrigir os erros, mas o atual prefeito foi multado por irregularidades. Além disso, houve alertas ao município e a recomendação ao FNDE para investigar as falhas no controle das contas.

A falta de fiscalização aumenta o risco de fraudes e problemas de segurança. Houve dois acidentes em 2011 com alunos feridos ou mortos. A auditoria reforçou a necessidade de melhor gestão do transporte escolar para garantir a segurança e o acesso dos estudantes às escolas.",
"VISTOS, relatados e discutidos estes autos de Tomada de Contas Especial, em fase de Recurso de Reconsideração interposto contra o Acórdão 1.085/2003 - TCU - 2ª Câmara.  ACORDAM os Ministros do Tribunal de Contas da União, reunidos em Sessão Extraordinária da 2ª Câmara, em:  9.1. conhecer do Recurso de Reconsideração, interposto pelo Sr. Quirino Fábio de Carvalho, com fulcro nos arts. 32, I, e 33 da Lei 8.443/1992, para, no mérito, dar-lhe provimento, tornando insubsistente os termos do Acórdão 1.085/2003 - TCU - 2ª Câmara;  9.2. com fulcro nos arts. 1º, inciso I, 16, inciso II, e 18 da Lei 8.443/1992, julgar regulares com ressalva as contas do Sr. Quirino Fábio de Carvalho, ex-Prefeito do município de São José da Coroa Grande/PE, dando-se-lhe quitação; e  9.3. dar ciência ao recorrente e ao Ministério Público da União do inteiro teor deste Acórdão, bem como do Relatório e Voto que o fundamentam.","VISTOS, relatados e discutidos estes autos de Tomada de Contas Especial, em fase de Recurso de Reconsideração interposto contra o Acórdão 1.085/2003 - TCU - 2ª Câmara. ACORDAM os Ministros do Tribunal de Contas da União, reunidos em Sessão Extraordinária da 2ª Câmara, em: 9.1. conocer do Recurso de Reconsideração interposto pelo Sr. Quirino Fábio de Carvalho, com base nos arts. 32, I, e 33 da Lei 8.443/1992, dando-lhe provimento e anulando o Acórdão 1.085/2003 - TCU - 2ª Câmara; 9.2. com base nos arts. 1º, inciso I, 16, inciso II, e 18 da Lei 8.443/1992, considerar as contas do Sr. Quirino Fábio de Carvalho regulares com ressalvas e declarar-lhe quitação; e 9.3. informar o recorrente e o Ministério Público da União sobre o conteúdo completo deste Acórdão, bem como sobre o Relatório e Voto que o sustentam.",
"FISCOBRAS 2005. Expansão do sistema de transmissão associado à UHE Tucuruí no Estado do Maranhão. Prolação do Acórdão 1.267/2005 - Plenário. Diversas medidas adotadas: audiência de responsáveis; determinações e realização de inspeção. Comunicação ao Congresso Nacional de que não deveriam ser realizados quaisquer outros serviços referentes ao contrato 4500011640, com exceção daqueles já programados para 2005, relativos ao nível de tensão de 500 Kv, até que o TCU deliberasse a respeito das irregularidades verificadas no mencionado contrato. Remessa de documentação com informações prestadas pelo Diretor Presidente da Eletronorte. Nova análise quanto à abrangência da medida referente ao contrato 4500011640. Liberação da execução de outras parcelas do ajuste. Comunicação ao Congresso Nacional.","FISCOBRAS 2005. Ampliação do sistema de transmissão junto à UHE Tucuruí no Maranhão. Decisão do Plenário sobre o acórdão 1.267/2005. Medidas tomadas: audiência com responsáveis; inspeções e determinações. Informação ao Congresso Nacional que outros serviços não deveriam ser realizados para o contrato 4500011640, exceto os programados em 2005, relacionados a 500 Kv, até que o TCU decida sobre as irregularidades do contrato. Envio de documentos com informações do Diretor Presidente da Eletronorte. Revisão da medida aplicável ao contrato 4500011640. Liberação de outras partes do ajuste. Comunicação ao Congresso Nacional.",
"Apontada possível existência de omissão na decisão embargada, tenho por preenchidos os requisitos legais e regimentais de admissibilidade, razão pela qual devem  ser conhecidos os embargos declaratórios opostos pela Universidade Federal do Ceará  UFC.2. No tocante à omissão alegada  ausência de apreciação do conteúdo do Termo de Conciliação nº CCAF-AGU-SRG 011/2008, aprovado na Câmara de Conciliação e Arbitragem da Administração Federal, homologado pelo Advogado-Geral da União, envolvendo pendências concernentes aos Convênios nº 025/2001 e 030/2001, firmados pela UFC com o INEP , reputo pertinente a argumentação trazida pela UFC.3. De fato, a análise promovida pela Serur no âmbito do recurso de reconsideração, reproduzida no relatório do ministro relator, não considerou o Termo de Conciliação nº CCAF-AGU-SRG 011/2008, encaminhado ao TCU pelo Ofício 192/2008/CGU/AGU, protocolado no Tribunal em 18/12/2008, cerca de um ano e seis meses antes da prolação do Acórdão nº 3774/2010-TCU  Primeira Câmara, ora contestado.4. Quando da prolação daquela decisão, tanto a unidade técnica quanto o relator cingiram suas análises às informações contidas no Ofício 380/2007/CGU/AGU, de 1/10/2007, que trazia exclusivamente informações sobre o contencioso envolvendo a UFC e o INPE, em razão dos Convênios nº 025 e 030/2001, noticiando, ainda, requerimento da Procuradoria da União no Estado do Ceará para que fosse instalada câmara de conciliação e arbitramento especial para dirimir a questão no âmbito administrativo, com esteio no art. 11 da Medida Provisória nº 2.180-35/2001.5. Não havia, portanto, solução definitiva arbitrada no âmbito do poder executivo que justificasse, ainda que por racionalidade administrativa, o afastamento da apreciação da matéria por esta Corte. Por essa razão, a Serur anotou corretamente, em passagem transcrita no voto do relator, que as informações repassadas ela AGU não dão conta de saneamento de irregularidades no âmbito dos convênios que ensejaram a condenação dos responsáveis. Assim, tais informações não têm influência sobre o mérito do presente recurso.6. Sem qualquer prejuízo das competências do TCU em sede de contas especiais e, tampouco, das prerrogativas ínsitas ao princípio da independência das instâncias, julgo que houvesse essa Corte se debruçado sobre o Termo de Conciliação nº CCAF-AGU-SRG 011/2008, distinta solução teria sido dada às impugnações concernentes aos Convênios nº 025/2001 e 030/2001, positivadas na nova redação conferida ao subitem 9.4.4 do Acórdão nº 2814/2006  TCU  Primeira Câmara.7. Isso porque, a conciliação arbitrada pela AGU mostrou-se, 18 meses antes da prolação do acórdão guerreado, muito mais eficaz do que a solução oferecida por esta Corte. Seja do ponto de vista da tempestividade, por óbvio, seja do ponto de vista da materialidade, já que albergou impugnações que montaram a R$ 513.970,82, enquanto no âmbito desta Corte as despesas impugnadas não alcançaram, em valores históricos, R$ 20.000,00.8. Assim, sendo incontroversa a omissão apontada pela recorrente, julgo plenamente aceitável a solução encontrada na esfera administrativa, por intermédio do Termo de Conciliação nº CCAF-AGU-SRG 011/2008, razão pela qual os embargos, no que concerne aos Convênios nº 025/2001 e 030/2001, devem ser acolhidos para que, conferindo-lhes efeito modificativo, sejam excluídas do subitem 9.4.4 do Acórdão nº 2814/2006  TCU  Primeira Câmara as despesas impugnadas concernentes a esses dois ajustes.9. Por justiça, ante as considerações que apresentei em voto revisor, devo registrar a postura diligente do INEP na fiscalização primária desses instrumentos conveniais, a demonstrar que, ao contrário do juízo que anteriormente formulei, igual tratamento deve ter sido dispensado na apreciação da prestação de contas do Convênio nº 03/1999, o qual, em virtude da aprovação pelo repassador, não foi objeto da conciliação patrocinada pela AGU.10. Passo a analisar agora os argumentos e documentos complementares aos embargos, concernentes ao Convênio nº 03/1999, firmado pela UFC com o INEP. Relembro que esse ajuste responde por 96% dos valores impugnados levados ao subitem 9.4.4 do Acórdão nº 2814/2006  TCU  Primeira Câmara.11. Registro, ab initio, que embora a UFC não aponte contradição ou omissão na prolação do acórdão questionado, a documentação que apresenta demonstra-se, como veremos, apta a justificar a modificação do decisum. 12. A rigor, os novos elementos carreados deveriam suportar a apresentação de recurso de revisão. Contudo, em consórcio com o princípio do formalismo moderado, reputo administrativamente racional que a matéria seja desde já apreciada como parte integrante destes embargos, até porque a documentação apresentada chama a atenção para a existência de contradição insuperável no julgado, exatamente em sua parcela de maior relevância.13. Refiro-me à determinação contida no subitem 9.4.4 do Acórdão nº 2814/2006  TCU  Primeira Câmara, na forma estabelecida pelo Acórdão nº 3774/2010-TCU  Primeira Câmara,  para que o Cetrede restitua aos cofres do INEP o valor de R$ 324.661,61, relativo ao não-recolhimento do saldo financeiro remanescente da conta corrente específica vinculada ao Convênio UFC/INEP nº 03/1999.14. Ocorre que na própria deliberação hostilizada, no texto descritor da ocorrência, há explícito reconhecimento desta Corte de que os recursos em tela foram, embora em despesas nem sempre condizentes com o objeto do ajuste, utilizados majoritariamente em benefício da Universidade Federal do Ceará. Vejamos: Data Valor (R$) Ocorrência 29/12/2000 324.661,61 não-recolhimento do saldo financeiro remanescente do convênio UFC/INEP nº 03/1999 após o prazo para execução do objeto fixado na Cláusula Terceira do respectivo Termo (28/12/2000), com infringência aos arts. 116, § 6º, da Lei nº 8.666/1993 e 7º, inciso XI, da IN/STN nº 01/97, e descumprimento da Decisão TCU nº 265/98-Plenário, subitens 8.1.b e 8.1.c, tendo referidos recursos sido movimentados ao longo de todo o exercício de 2001 para pagamento de despesas não condizentes com o objeto pactuado, bem como para aquisições de equipamentos e contratações de serviços não admissíveis face ao atingimento dos seus objetivos atestado na prestação de contas final encaminhada ao órgão repassador em 2/1/2001 (Destaquiei)15. A documentação acostada pela UFC representa a chancela formal da instituição federal de ensino superior de que  ainda que pela via da realização de serviços e aquisição de equipamentos  a totalidade do saldo financeiro remanescente fora, de fato, restituída à contratante, não me parecendo, portanto, razoável impor ao Cetrede ônus adicional que pode vir a caracterizar o bis in idem e, consequentemente, o enriquecimento ilícito da administração federal.16. Ademais, como procurei demonstrar no voto revisor, a natureza contratual do ajuste realizado pela UFC com o Cetrede  coloca dúvidas insuperáveis acerca da própria necessidade de restituição de saldos pelo contratado (Cetrede) ao órgão federal repassador dos recursos (INEP). 17. Nada obstante a controvérsia sobre a natureza do ajuste firmado, o Cetrede providenciou a restituição do saldo remanescente à UFC, mediante a contratação de serviços e equipamentos ao longo do exercício de 2001, como reconhece a própria administração da universidade, atendendo à previsão contratual contida na subcláusula Primeira da Cláusula Terceira do contrato.18. A outra ponta da relação  aquela que estabelecia o vínculo convenial da UFC com o INEP  foi absolutamente consumada ante o acatamento da prestação de contas apresentada, vale dizer, pela constatação pelo órgão federal repassador do alcance dos fins colimados, concretizada pela entrega dos objetos específicos estabelecidos em plano de trabalho.19. Com essas considerações, tenho por caracterizada a contradição indicada no subitem 9.4.4 do Acórdão nº 2814/2006  TCU  Primeira Câmara, na forma estabelecida pelo Acórdão nº 3774/2010-TCU  Primeira Câmara, suficiente para que seja modificada a deliberação mediante exclusão da despesa impugnada no valor de R$ 324.661,61, relativa ao não-recolhimento do saldo financeiro remanescente da conta corrente específica do contrato de serviços vinculada ao Convênio UFC/INEP nº 03/1999.20. Outra parcela significativa das despesas impugnadas, montando a R$ 136.096,21, diz respeito ao pagamento, no âmbito do contrato de prestação de serviços firmado pelo Cetrede com a UFC, da folha de pessoal administrativo do Cetrede referente ao exercício de 2000 e ao mês de janeiro de 2001, tendo em vista a caracterização de desvio de finalidade. 21. Ocorre, contudo, que o termo do contrato de prestação de serviços, na Subcláusula Terceira da Cláusula Terceira, não apenas admitia a contratação de pessoal para a execução da avença, o que afasta a tese do desvio de finalidade, como estabelecia a responsabilidade exclusiva da UFC por estas contratações, o que justifica a utilização pelo Cetrede dos recursos para a manutenção de seu pessoal, direta ou indiretamente vinculados à execução do objeto pactuado:Subcláusula TerceiraO pessoal que a CONTRATANTE vier a utilizar para execução deste Contrato, é de sua inteira e exclusiva responsabilidade22. Trata-se, aliás, de subcláusula absolutamente harmônica com a Cláusula Terceira do contrato que estabelecia a prerrogativa de a contratada se ressarcir das despesas que suportasse relativamente à execução do objeto contratado.23. Assim, o subitem 9.4.4 do Acórdão nº 2814/2006  TCU  Primeira Câmara, com a redação dada pelo Acórdão nº 3774/2010-TCU  Primeira Câmara, comporta impugnação equivocada da despesa relativa ao pagamento da folha de pessoal administrativo do Cetrede referente ao exercício de 2000 e ao mês de janeiro de 2001, razão pela qual deve ser modificada a deliberação mediante exclusão da despesa impugnada no valor de R$ 136.096,21.24. Outra impugnação que não merece prosperar diz respeito a uma diferença a menor, no valor de R$ 25.271,81, entre aplicações financeiras e resgates na conta específica concernente ao contrato efetivado pela UFC com o Cetrede no âmbito do Convênio UFC/INEP nº 03/1999.25. Compulsando os autos, verifico a existência de documento oficial do Banco do Brasil (fls. 70, vol. 4), demonstrando que, em 27/12/2002, a conta específica continha ainda saldo de R$ 91.640,12, documento que fora refutado pelos técnicos do TCU sob a alegação de não se tratar de extrato bancário. Analisando o feito, em sede de recurso de reconsideração, a Serur anotou dificuldades em estabelecer a destinação do valor. 26. Escusando-me por divergir das unidades instrutivas, penso que a existência de saldo de aplicações financeiras não caracteriza diferença a menor a ser restituída, mas sim o simples fato de que ainda existiam recursos vinculados à conta do contrato alocados em produtos financeiros no Banco do Brasil e, portanto, disponíveis para utilização ou resolução à UFC, como parte do saldo total remanescente. Nesse sentido, penso que se presta à descaracterização desta impugnação o mesmo raciocínio utilizado para o não-recolhimento do saldo financeiro remanescente da conta do contrato de serviços vinculada ao Convênio UFC/INEP nº 03/1999, com esteio na argumentação adotada nos item 13 a 19 deste voto.27. Em decorrência, o subitem 9.4.4 do Acórdão nº 2814/2006  TCU  Primeira Câmara, na forma estabelecida pelo Acórdão nº 3774/2010-TCU  Primeira Câmara, comporta impugnação inadequada de saldos de aplicação financeira, razão pela qual deve ser modificada a deliberação mediante exclusão da despesa impugnada no valor de R$ 25.271,81.28. Do conjunto de despesas que passaram a figurar no subitem 9.4.4 do Acórdão nº 2814/2006  TCU  Primeira Câmara em virtude do Acórdão nº 3774/2010-TCU  Primeira Câmara, resta abordar apenas a impugnação no valor de R$ 10.547,67, referenciada em 29/12/2000, relativa a pagamentos de despesas não condizentes com o objeto pactuado. 29. Extraio do relatório que precedeu à prolação do Acórdão nº 2814/2006  TCU  Primeira Câmara que estes pagamentos destinaram a cobrir gastos ...com curso de design de móveis, serviços postais para o Curso de Especialização em Psicologia Organizacional, encarte de jornal sobre curso de pós-graduação em Estratégia e Gestão Empresarial, Curso de Corte e Costura, fotografias de ambientes da UFC para ilustração de folders, diárias e passagens para curso de inglês na Universidade de Arizona  EEUU, etc, todos em total desacordo com o objeto do convênio..30. Não obstante a caracterização do desvio de finalidade, é patente que as despesas foram realizadas em proveito da universidade e corresponderam a cerca de 0,2% dos R$ 4.927.665,00 repassados no âmbito do Convênio UFC/INEP nº 03/1999, para os quais, relembre-se, não houve sequer a fixação, no contrato de prestação de serviços firmados com o Cetrede, de parcela que respondesse pelos custos administrativos suportados pela entidade de apoio. 31. Ademais, a novel documentação acostada pela UFC demonstra o reconhecimento pela instituição federal de ensino superior de doações e serviços de reforma em prédio próprio da universidade, patrocinados pelo Cetrede, em valores  superiores a R$ 700.000,00.32. Reputo, portanto, necessária a exclusão, no subitem 9.4.4 do Acórdão nº 2814/2006  TCU  Primeira Câmara, na forma estabelecida pelo Acórdão nº 3774/2010-TCU  Primeira Câmara, da impugnação relativa a pagamentos de despesas não condizentes com o objeto pactuado, no valor de R$ R$ 10.547,67.33. Demonstrada a existência de contradição e omissão no acórdão guerreado, sou pelo acolhimento dos embargos opostos pela Universidade Federal do Ceará, operando-se os efeitos modificativos acima apontados.34. Por último, para complementar a justificativa quanto à proposta de deliberação que submeto à consideração deste Colegiado, relembro a possibilidade de os embargos de declaração produzam efeito modificativo e não apenas complementar, ou seja, a possibilidade de o presente recurso ir além de uma decisão integrativa.35.  Considero que, em certas circunstâncias, o julgador deve afastar o formalismo exacerbado que costuma impregnar os atos judiciais, prestigiando a finalidade em vez do meio. É de lembrar que o processo é instrumento de realização dos direitos substanciais, não podendo o magistrado negar a realidade do erro evidente, em prejuízo da verdade e da justiça. 36. Aliás, importa consignar que o TCU já adotou posicionamento semelhante em diversas oportunidades, conferindo efeitos infringentes a embargos de declaração sempre que essa solução revelou-se imprescindível, conforme se verifica, por exemplo, nos Acórdãos do Plenário nºs 983/2003, 1.227/2003, 1.403/2003, 1.688/2003, 1.689/2003, 339/2004, e nos Acórdãos nºs 124/2000- Primeira Câmara, 1.832/2003-Segunda Câmara, entre outros.37. Sem dúvida, adotando tal postura o TCU estará contribuindo para a melhor realização do direito.Ante o exposto, Voto no sentido de que o Tribunal de Contas da União adote o acórdão que ora submeto à deliberação desta Primeira Câmara.TCU, Sala das Sessões Ministro Luciano Brandão Alves de Souza, em 26 de outubro de 2010.VALMIR CAMPELOMinistro-Relator","O texto trata de uma decisão judicial sobre a validade de embargos opostos pela Universidade Federal do Ceará (UFC) contra um acórdão do Tribunal de Contas da União (TCU). A UFC alega que houve omissão na análise de um termo de conciliação, que envolvia convênios com o INEP. O relator da decisão argumenta que o termo de conciliação não foi considerado, mas que as informações apresentadas pela UFC são relevantes e justificam a revisão do acórdão.

O relator também analisa outras impugnações relacionadas a despesas no convênio entre a UFC e o INEP. Ele afirma que algumas dessas despesas não correspondem ao objeto pactuado, mas que as informações fornecidas pela UFC são suficientes para justificar a modificação do acórdão.

A decisão final é de que os embargos devem ser acolhidos, com base na existência de contradição e omissão no acórdão original. O relator também reforça que o TCU deve considerar a finalidade do processo em vez do formalismo excessivo, contribuindo para a justiça e a realização dos direitos substanciais.",
